book_id,book_name,author,publisher,publication_year
B00001,Data Structures,Silberschatz,Oxford,2016
B00002,Operating Systems,Stallings,McGraw Hill,2020
B00003,Discrete Mathematics,Ross,Wiley,2018
B00004,Python Programming,Stallings,Pearson,2011
B00005,Compiler Design,Stallings,Pearson,2020
B00006,Algorithms,Goodfellow,Oxford,2025
B00007,Statistics,Tanenbaum,McGraw Hill,2010
B00008,Cyber Security,Goodfellow,McGraw Hill,2012
B00009,Data Mining,Goodfellow,Pearson,2025
B00010,Computer Networks,Korth,Pearson,2025
B00011,Cloud Computing,Ross,Oxford,2010
B00012,Cyber Security,Stallings,Oxford,2026
B00013,Compiler Design,Galvin,Wiley,2013
B00014,Artificial Intelligence,Silberschatz,Wiley,2018
B00015,Software Engineering,Cormen,Pearson,2018
B00016,Computer Networks,Ross,Springer,2025
B00017,Operating Systems,Stallings,McGraw Hill,2017
B00018,Operating Systems,Cormen,McGraw Hill,2026
B00019,Cyber Security,Sutton,McGraw Hill,2013
B00020,Discrete Mathematics,Stallings,Wiley,2011
B00021,Deep Learning,Cormen,Wiley,2015
B00022,Operating Systems,Sutton,McGraw Hill,2026
B00023,Data Mining,Galvin,Wiley,2012
B00024,Discrete Mathematics,Tanenbaum,Pearson,2020
B00025,Microprocessors,Goodfellow,McGraw Hill,2026
B00026,Software Engineering,Stallings,Wiley,2012
B00027,Software Engineering,Stallings,Oxford,2026
B00028,Java Programming,Korth,Oxford,2019
B00029,Data Mining,Sutton,Pearson,2017
B00030,Discrete Mathematics,Sutton,Pearson,2022
B00031,Python Programming,Cormen,McGraw Hill,2012
B00032,Database Management Systems,Stallings,McGraw Hill,2025
B00033,Compiler Design,Cormen,Wiley,2010
B00034,Algorithms,Silberschatz,Wiley,2012
B00035,Cloud Computing,Cormen,Wiley,2025
B00036,Data Mining,Silberschatz,Springer,2026
B00037,Data Structures,Goodfellow,McGraw Hill,2014
B00038,Computer Networks,Goodfellow,Springer,2011
B00039,Big Data,Korth,Wiley,2026
B00040,Python Programming,Silberschatz,Oxford,2018
B00041,Database Management Systems,Cormen,Oxford,2020
B00042,Database Management Systems,Sutton,McGraw Hill,2019
B00043,Algorithms,Ross,McGraw Hill,2022
B00044,Java Programming,Galvin,Oxford,2010
B00045,Database Management Systems,Ross,McGraw Hill,2020
B00046,Artificial Intelligence,Tanenbaum,Wiley,2022
B00047,Database Management Systems,Silberschatz,Wiley,2011
B00048,Statistics,Silberschatz,Springer,2018
B00049,Data Mining,Cormen,Pearson,2025
B00050,Digital Logic,Galvin,Pearson,2012
B00051,Discrete Mathematics,James,Pearson,2018
B00052,Microprocessors,Goodfellow,Pearson,2025
B00053,Statistics,Sutton,McGraw Hill,2024
B00054,Artificial Intelligence,Galvin,McGraw Hill,2019
B00055,Algorithms,Silberschatz,Pearson,2026
B00056,Statistics,Cormen,McGraw Hill,2023
B00057,Data Structures,Galvin,Oxford,2010
B00058,Digital Logic,Goodfellow,Wiley,2019
B00059,Big Data,Silberschatz,Pearson,2016
B00060,Discrete Mathematics,Sutton,Pearson,2019
B00061,Python Programming,Tanenbaum,Springer,2010
B00062,Operating Systems,Stallings,Springer,2012
B00063,Big Data,Ross,Pearson,2010
B00064,Cloud Computing,Sutton,Wiley,2016
B00065,Discrete Mathematics,Tanenbaum,McGraw Hill,2016
B00066,Data Structures,Goodfellow,Springer,2024
B00067,Software Engineering,Galvin,Springer,2024
B00068,Statistics,Sutton,Oxford,2022
B00069,Algorithms,Sutton,Springer,2018
B00070,Big Data,Silberschatz,Wiley,2022
B00071,Big Data,Silberschatz,Oxford,2015
B00072,Artificial Intelligence,Tanenbaum,Springer,2011
B00073,Python Programming,Korth,Springer,2020
B00074,Operating Systems,Silberschatz,Pearson,2024
B00075,Big Data,Ross,Oxford,2010
B00076,Java Programming,Goodfellow,Springer,2013
B00077,Cyber Security,Tanenbaum,Oxford,2010
B00078,Cyber Security,Goodfellow,McGraw Hill,2024
B00079,Discrete Mathematics,Tanenbaum,Pearson,2016
B00080,Data Structures,Korth,Oxford,2014
B00081,Data Mining,Tanenbaum,Wiley,2019
B00082,Statistics,Ross,McGraw Hill,2025
B00083,Deep Learning,James,Springer,2021
B00084,Statistics,Stallings,McGraw Hill,2020
B00085,Computer Networks,Galvin,Oxford,2015
B00086,Statistics,Cormen,Springer,2010
B00087,Discrete Mathematics,Goodfellow,McGraw Hill,2013
B00088,Digital Logic,Sutton,Springer,2019
B00089,Algorithms,Tanenbaum,Oxford,2019
B00090,Computer Networks,Goodfellow,Pearson,2025
B00091,Python Programming,Silberschatz,McGraw Hill,2015
B00092,Java Programming,Galvin,Springer,2013
B00093,Computer Networks,Silberschatz,Wiley,2010
B00094,Machine Learning,Korth,Oxford,2011
B00095,Big Data,Korth,Wiley,2018
B00096,Discrete Mathematics,James,Springer,2019
B00097,Software Engineering,Stallings,Oxford,2011
B00098,Java Programming,Tanenbaum,Pearson,2021
B00099,Software Engineering,Korth,Springer,2010
B00100,Cloud Computing,Silberschatz,Springer,2015
B00101,Cyber Security,Korth,McGraw Hill,2017
B00102,Discrete Mathematics,Goodfellow,Oxford,2011
B00103,Statistics,Sutton,Springer,2021
B00104,Statistics,Galvin,Oxford,2012
B00105,Big Data,Cormen,McGraw Hill,2018
B00106,Machine Learning,James,Oxford,2017
B00107,Database Management Systems,Galvin,Wiley,2021
B00108,Software Engineering,Ross,Oxford,2011
B00109,Algorithms,Galvin,Pearson,2018
B00110,Database Management Systems,Sutton,Springer,2022
B00111,Cyber Security,Ross,Wiley,2018
B00112,Deep Learning,James,Wiley,2014
B00113,Java Programming,Silberschatz,Springer,2021
B00114,Artificial Intelligence,Silberschatz,McGraw Hill,2023
B00115,Cloud Computing,Goodfellow,Pearson,2018
B00116,Digital Logic,Ross,McGraw Hill,2016
B00117,Data Structures,Ross,Springer,2011
B00118,Big Data,Goodfellow,Pearson,2011
B00119,Big Data,Korth,McGraw Hill,2025
B00120,Cloud Computing,Sutton,Oxford,2021
B00121,Data Structures,Ross,Springer,2023
B00122,Python Programming,Galvin,Springer,2012
B00123,Machine Learning,Goodfellow,Wiley,2026
B00124,Machine Learning,James,Pearson,2010
B00125,Microprocessors,Ross,Oxford,2013
B00126,Big Data,Ross,Wiley,2016
B00127,Database Management Systems,Goodfellow,Springer,2022
B00128,Database Management Systems,Stallings,Wiley,2011
B00129,Operating Systems,Silberschatz,McGraw Hill,2020
B00130,Database Management Systems,Silberschatz,Springer,2013
B00131,Digital Logic,James,Springer,2019
B00132,Database Management Systems,Sutton,Pearson,2024
B00133,Big Data,Silberschatz,Springer,2026
B00134,Artificial Intelligence,Sutton,Wiley,2024
B00135,Cloud Computing,Sutton,Springer,2026
B00136,Computer Networks,Galvin,Springer,2020
B00137,Python Programming,Sutton,Pearson,2017
B00138,Deep Learning,Galvin,Pearson,2024
B00139,Software Engineering,Galvin,Oxford,2011
B00140,Machine Learning,Ross,Wiley,2015
B00141,Software Engineering,Cormen,Oxford,2010
B00142,Statistics,Korth,Pearson,2022
B00143,Java Programming,Ross,Springer,2026
B00144,Cloud Computing,Tanenbaum,Wiley,2013
B00145,Statistics,Sutton,Pearson,2020
B00146,Deep Learning,Goodfellow,Pearson,2018
B00147,Computer Networks,Tanenbaum,Wiley,2017
B00148,Statistics,Goodfellow,Springer,2026
B00149,Data Structures,Silberschatz,Springer,2016
B00150,Software Engineering,Sutton,Pearson,2011
B00151,Java Programming,Ross,Oxford,2012
B00152,Microprocessors,Cormen,Oxford,2017
B00153,Cloud Computing,Cormen,Oxford,2013
B00154,Discrete Mathematics,Ross,Springer,2023
B00155,Digital Logic,Galvin,Pearson,2017
B00156,Deep Learning,Cormen,Springer,2019
B00157,Python Programming,Cormen,Wiley,2016
B00158,Deep Learning,Stallings,Wiley,2017
B00159,Cyber Security,Goodfellow,Wiley,2018
B00160,Compiler Design,Goodfellow,Oxford,2014
B00161,Java Programming,Stallings,McGraw Hill,2024
B00162,Discrete Mathematics,Galvin,Oxford,2021
B00163,Python Programming,Stallings,Oxford,2010
B00164,Data Mining,Goodfellow,Oxford,2019
B00165,Digital Logic,Korth,Pearson,2014
B00166,Big Data,Ross,McGraw Hill,2026
B00167,Discrete Mathematics,Cormen,Oxford,2017
B00168,Statistics,Silberschatz,Pearson,2025
B00169,Data Structures,Goodfellow,Springer,2023
B00170,Cloud Computing,James,McGraw Hill,2018
B00171,Software Engineering,Cormen,McGraw Hill,2018
B00172,Algorithms,Korth,Pearson,2011
B00173,Artificial Intelligence,Silberschatz,Wiley,2020
B00174,Software Engineering,Sutton,Oxford,2013
B00175,Cloud Computing,Stallings,Pearson,2022
B00176,Computer Networks,Stallings,Oxford,2017
B00177,Cloud Computing,Goodfellow,Oxford,2016
B00178,Big Data,Silberschatz,Wiley,2011
B00179,Compiler Design,James,Springer,2016
B00180,Cyber Security,Stallings,Pearson,2013
B00181,Cloud Computing,Ross,Oxford,2015
B00182,Statistics,Galvin,Oxford,2013
B00183,Operating Systems,Galvin,Pearson,2023
B00184,Microprocessors,Galvin,Pearson,2026
B00185,Operating Systems,Cormen,McGraw Hill,2013
B00186,Compiler Design,Cormen,Pearson,2018
B00187,Machine Learning,Sutton,Oxford,2011
B00188,Data Structures,Ross,McGraw Hill,2020
B00189,Big Data,Tanenbaum,McGraw Hill,2018
B00190,Big Data,Tanenbaum,Pearson,2011
B00191,Python Programming,Goodfellow,Springer,2012
B00192,Artificial Intelligence,James,Wiley,2018
B00193,Computer Networks,Cormen,McGraw Hill,2018
B00194,Cyber Security,James,Pearson,2021
B00195,Algorithms,Stallings,McGraw Hill,2010
B00196,Computer Networks,Sutton,Wiley,2016
B00197,Data Structures,Korth,Oxford,2024
B00198,Microprocessors,Tanenbaum,Oxford,2011
B00199,Artificial Intelligence,Silberschatz,Springer,2023
B00200,Software Engineering,Goodfellow,Oxford,2010
B00201,Data Mining,Ross,Springer,2018
B00202,Operating Systems,Galvin,Springer,2022
B00203,Deep Learning,James,McGraw Hill,2026
B00204,Python Programming,Galvin,Springer,2011
B00205,Operating Systems,Galvin,McGraw Hill,2016
B00206,Compiler Design,Silberschatz,Springer,2015
B00207,Digital Logic,Ross,Pearson,2020
B00208,Artificial Intelligence,Cormen,Wiley,2022
B00209,Database Management Systems,Goodfellow,Springer,2020
B00210,Java Programming,James,Springer,2020
B00211,Database Management Systems,Silberschatz,Pearson,2018
B00212,Machine Learning,Goodfellow,Oxford,2025
B00213,Microprocessors,Silberschatz,McGraw Hill,2018
B00214,Digital Logic,Stallings,Oxford,2013
B00215,Java Programming,Korth,Wiley,2026
B00216,Cloud Computing,Silberschatz,Springer,2025
B00217,Computer Networks,Galvin,Pearson,2025
B00218,Digital Logic,Stallings,Wiley,2019
B00219,Operating Systems,Cormen,Wiley,2013
B00220,Data Structures,Goodfellow,Springer,2019
B00221,Python Programming,Korth,McGraw Hill,2021
B00222,Microprocessors,Tanenbaum,Wiley,2023
B00223,Software Engineering,Stallings,Springer,2020
B00224,Artificial Intelligence,Korth,McGraw Hill,2014
B00225,Statistics,Sutton,Oxford,2019
B00226,Deep Learning,Tanenbaum,Springer,2017
B00227,Compiler Design,Korth,Wiley,2019
B00228,Statistics,Cormen,Wiley,2016
B00229,Software Engineering,Sutton,Oxford,2024
B00230,Compiler Design,Cormen,Wiley,2010
B00231,Cyber Security,Silberschatz,McGraw Hill,2022
B00232,Cloud Computing,Ross,McGraw Hill,2013
B00233,Discrete Mathematics,Cormen,Pearson,2010
B00234,Computer Networks,Silberschatz,Oxford,2014
B00235,Compiler Design,Sutton,McGraw Hill,2011
B00236,Python Programming,Cormen,Oxford,2016
B00237,Statistics,Galvin,Wiley,2019
B00238,Database Management Systems,Goodfellow,McGraw Hill,2011
B00239,Database Management Systems,Tanenbaum,Wiley,2023
B00240,Java Programming,James,Oxford,2016
B00241,Java Programming,James,Wiley,2021
B00242,Data Mining,James,Pearson,2015
B00243,Machine Learning,Sutton,Springer,2022
B00244,Data Mining,Silberschatz,Wiley,2023
B00245,Algorithms,Silberschatz,Oxford,2017
B00246,Data Structures,Stallings,Oxford,2019
B00247,Java Programming,Galvin,Pearson,2012
B00248,Compiler Design,James,McGraw Hill,2024
B00249,Deep Learning,Ross,Pearson,2015
B00250,Microprocessors,Stallings,Springer,2018
B00251,Algorithms,Sutton,Springer,2016
B00252,Machine Learning,Korth,Springer,2024
B00253,Artificial Intelligence,Stallings,Springer,2015
B00254,Python Programming,Korth,Pearson,2012
B00255,Java Programming,James,Wiley,2022
B00256,Computer Networks,James,Springer,2018
B00257,Algorithms,James,McGraw Hill,2024
B00258,Python Programming,Goodfellow,Wiley,2016
B00259,Statistics,Korth,Wiley,2016
B00260,Statistics,Korth,Wiley,2026
B00261,Python Programming,Silberschatz,Springer,2014
B00262,Database Management Systems,Silberschatz,Springer,2010
B00263,Deep Learning,Stallings,Pearson,2020
B00264,Data Mining,Korth,Wiley,2017
B00265,Compiler Design,Sutton,Wiley,2015
B00266,Microprocessors,Tanenbaum,Oxford,2010
B00267,Discrete Mathematics,Cormen,Pearson,2016
B00268,Database Management Systems,Ross,McGraw Hill,2010
B00269,Data Mining,Stallings,Wiley,2021
B00270,Python Programming,Sutton,Oxford,2015
B00271,Digital Logic,Galvin,Oxford,2019
B00272,Cyber Security,Tanenbaum,Pearson,2023
B00273,Digital Logic,James,Oxford,2024
B00274,Digital Logic,Goodfellow,Pearson,2014
B00275,Machine Learning,James,McGraw Hill,2015
B00276,Compiler Design,Cormen,Springer,2018
B00277,Artificial Intelligence,James,Oxford,2023
B00278,Cyber Security,Sutton,Springer,2012
B00279,Microprocessors,Ross,Springer,2017
B00280,Machine Learning,Galvin,Springer,2016
B00281,Big Data,Sutton,McGraw Hill,2020
B00282,Microprocessors,Cormen,Pearson,2018
B00283,Algorithms,Goodfellow,Oxford,2016
B00284,Cyber Security,Cormen,Wiley,2012
B00285,Discrete Mathematics,Galvin,Oxford,2017
B00286,Java Programming,Silberschatz,Springer,2014
B00287,Computer Networks,Goodfellow,Oxford,2023
B00288,Software Engineering,Galvin,Oxford,2015
B00289,Digital Logic,Galvin,McGraw Hill,2016
B00290,Discrete Mathematics,Sutton,Pearson,2022
B00291,Cyber Security,Ross,Wiley,2016
B00292,Artificial Intelligence,Ross,McGraw Hill,2023
B00293,Statistics,Cormen,Wiley,2014
B00294,Digital Logic,Stallings,Oxford,2016
B00295,Artificial Intelligence,Sutton,Oxford,2024
B00296,Machine Learning,Cormen,Oxford,2011
B00297,Computer Networks,James,Wiley,2026
B00298,Computer Networks,Goodfellow,Oxford,2013
B00299,Data Mining,Ross,Oxford,2018
B00300,Cyber Security,Goodfellow,Oxford,2026
B00301,Operating Systems,Stallings,McGraw Hill,2021
B00302,Database Management Systems,Goodfellow,McGraw Hill,2021
B00303,Machine Learning,Sutton,Oxford,2016
B00304,Statistics,Goodfellow,Wiley,2021
B00305,Algorithms,Tanenbaum,Pearson,2011
B00306,Cyber Security,Silberschatz,McGraw Hill,2015
B00307,Data Mining,Silberschatz,Oxford,2018
B00308,Statistics,Silberschatz,McGraw Hill,2014
B00309,Java Programming,Korth,Oxford,2015
B00310,Microprocessors,Galvin,McGraw Hill,2013
B00311,Deep Learning,Cormen,Pearson,2017
B00312,Python Programming,Galvin,Springer,2023
B00313,Software Engineering,Cormen,Oxford,2016
B00314,Data Mining,Cormen,Wiley,2015
B00315,Big Data,Ross,Oxford,2013
B00316,Python Programming,Tanenbaum,Oxford,2026
B00317,Cyber Security,Silberschatz,Pearson,2015
B00318,Digital Logic,Goodfellow,McGraw Hill,2019
B00319,Artificial Intelligence,Tanenbaum,Pearson,2020
B00320,Cloud Computing,Korth,McGraw Hill,2013
B00321,Data Structures,Silberschatz,Oxford,2026
B00322,Software Engineering,James,McGraw Hill,2023
B00323,Big Data,Sutton,Pearson,2026
B00324,Database Management Systems,Galvin,Pearson,2014
B00325,Microprocessors,James,McGraw Hill,2012
B00326,Cyber Security,Korth,McGraw Hill,2011
B00327,Microprocessors,Galvin,Pearson,2015
B00328,Data Mining,James,Oxford,2012
B00329,Computer Networks,Korth,McGraw Hill,2020
B00330,Compiler Design,Ross,Pearson,2021
B00331,Data Structures,Goodfellow,McGraw Hill,2012
B00332,Big Data,Cormen,Springer,2022
B00333,Computer Networks,Korth,McGraw Hill,2014
B00334,Java Programming,Stallings,McGraw Hill,2023
B00335,Big Data,Galvin,McGraw Hill,2018
B00336,Data Mining,James,Springer,2023
B00337,Algorithms,Cormen,McGraw Hill,2018
B00338,Java Programming,Stallings,Pearson,2015
B00339,Algorithms,Sutton,Pearson,2018
B00340,Python Programming,Goodfellow,Pearson,2016
B00341,Microprocessors,Stallings,McGraw Hill,2019
B00342,Algorithms,Korth,Springer,2020
B00343,Compiler Design,Galvin,Pearson,2020
B00344,Discrete Mathematics,Ross,Oxford,2010
B00345,Java Programming,Tanenbaum,McGraw Hill,2011
B00346,Compiler Design,Korth,McGraw Hill,2010
B00347,Java Programming,Cormen,Springer,2026
B00348,Python Programming,Silberschatz,Springer,2020
B00349,Database Management Systems,Ross,Springer,2022
B00350,Cyber Security,Galvin,Springer,2021
B00351,Digital Logic,Tanenbaum,Pearson,2018
B00352,Big Data,Goodfellow,Springer,2026
B00353,Data Mining,Tanenbaum,Oxford,2024
B00354,Compiler Design,Silberschatz,Oxford,2014
B00355,Database Management Systems,James,Oxford,2026
B00356,Statistics,James,Oxford,2019
B00357,Algorithms,Silberschatz,Wiley,2025
B00358,Machine Learning,Cormen,Springer,2010
B00359,Database Management Systems,Korth,McGraw Hill,2010
B00360,Java Programming,Sutton,Pearson,2015
B00361,Data Mining,Stallings,Pearson,2019
B00362,Deep Learning,Sutton,Oxford,2019
B00363,Database Management Systems,James,Wiley,2023
B00364,Machine Learning,Korth,Springer,2023
B00365,Data Structures,Ross,Oxford,2019
B00366,Algorithms,Stallings,Wiley,2025
B00367,Discrete Mathematics,Goodfellow,Pearson,2010
B00368,Database Management Systems,Sutton,Pearson,2011
B00369,Cyber Security,Stallings,McGraw Hill,2024
B00370,Cyber Security,Ross,McGraw Hill,2011
B00371,Database Management Systems,James,McGraw Hill,2026
B00372,Discrete Mathematics,James,Oxford,2023
B00373,Operating Systems,Silberschatz,McGraw Hill,2020
B00374,Database Management Systems,Tanenbaum,McGraw Hill,2011
B00375,Data Mining,James,Oxford,2026
B00376,Algorithms,Ross,McGraw Hill,2025
B00377,Compiler Design,Silberschatz,Springer,2023
B00378,Machine Learning,Stallings,Pearson,2012
B00379,Compiler Design,Tanenbaum,Oxford,2015
B00380,Discrete Mathematics,Goodfellow,Springer,2018
B00381,Digital Logic,Galvin,Pearson,2020
B00382,Cyber Security,James,Wiley,2012
B00383,Deep Learning,Cormen,McGraw Hill,2010
B00384,Algorithms,Goodfellow,Wiley,2012
B00385,Big Data,James,Wiley,2022
B00386,Digital Logic,Sutton,Pearson,2016
B00387,Data Structures,Stallings,Wiley,2017
B00388,Java Programming,Ross,Oxford,2012
B00389,Algorithms,James,Wiley,2010
B00390,Database Management Systems,Ross,McGraw Hill,2013
B00391,Artificial Intelligence,Galvin,Pearson,2012
B00392,Data Structures,Goodfellow,McGraw Hill,2010
B00393,Software Engineering,Goodfellow,Springer,2015
B00394,Machine Learning,Cormen,Wiley,2019
B00395,Statistics,Galvin,Springer,2017
B00396,Database Management Systems,Stallings,Oxford,2013
B00397,Big Data,Silberschatz,McGraw Hill,2023
B00398,Data Mining,Korth,Wiley,2019
B00399,Computer Networks,Cormen,Springer,2013
B00400,Digital Logic,James,Springer,2022
B00401,Statistics,Silberschatz,Springer,2024
B00402,Big Data,Galvin,Wiley,2024
B00403,Python Programming,Tanenbaum,McGraw Hill,2017
B00404,Machine Learning,Ross,McGraw Hill,2019
B00405,Discrete Mathematics,Goodfellow,Springer,2024
B00406,Data Mining,Ross,McGraw Hill,2022
B00407,Deep Learning,Ross,McGraw Hill,2024
B00408,Machine Learning,Sutton,McGraw Hill,2017
B00409,Database Management Systems,Cormen,McGraw Hill,2022
B00410,Algorithms,Stallings,Wiley,2013
B00411,Python Programming,Korth,Springer,2015
B00412,Cyber Security,Tanenbaum,Springer,2021
B00413,Java Programming,Sutton,Wiley,2026
B00414,Discrete Mathematics,Tanenbaum,Springer,2012
B00415,Data Structures,Ross,Oxford,2013
B00416,Java Programming,Korth,Pearson,2019
B00417,Artificial Intelligence,Stallings,McGraw Hill,2018
B00418,Compiler Design,Goodfellow,Pearson,2010
B00419,Operating Systems,Goodfellow,Oxford,2020
B00420,Artificial Intelligence,Korth,Springer,2022
B00421,Algorithms,Korth,Springer,2024
B00422,Data Mining,Tanenbaum,Wiley,2025
B00423,Cloud Computing,Silberschatz,Oxford,2010
B00424,Statistics,Silberschatz,Oxford,2020
B00425,Statistics,James,Springer,2022
B00426,Digital Logic,Galvin,Oxford,2010
B00427,Database Management Systems,Galvin,McGraw Hill,2017
B00428,Compiler Design,Sutton,Oxford,2020
B00429,Computer Networks,Tanenbaum,Pearson,2021
B00430,Cyber Security,James,McGraw Hill,2018
B00431,Cyber Security,Silberschatz,McGraw Hill,2026
B00432,Artificial Intelligence,Cormen,McGraw Hill,2019
B00433,Machine Learning,Tanenbaum,Wiley,2016
B00434,Python Programming,Stallings,Wiley,2025
B00435,Microprocessors,James,McGraw Hill,2020
B00436,Discrete Mathematics,James,McGraw Hill,2014
B00437,Microprocessors,Galvin,Springer,2020
B00438,Cyber Security,Galvin,McGraw Hill,2016
B00439,Statistics,Sutton,McGraw Hill,2023
B00440,Microprocessors,Stallings,Springer,2017
B00441,Microprocessors,Silberschatz,Wiley,2014
B00442,Cloud Computing,Galvin,Pearson,2015
B00443,Software Engineering,Tanenbaum,Oxford,2020
B00444,Big Data,Silberschatz,McGraw Hill,2022
B00445,Big Data,Korth,Wiley,2020
B00446,Computer Networks,Silberschatz,Oxford,2026
B00447,Java Programming,Korth,McGraw Hill,2017
B00448,Python Programming,Silberschatz,McGraw Hill,2025
B00449,Data Structures,Silberschatz,Oxford,2020
B00450,Software Engineering,Korth,Oxford,2013
B00451,Data Structures,Ross,Wiley,2013
B00452,Machine Learning,Tanenbaum,Wiley,2014
B00453,Data Structures,Sutton,Springer,2024
B00454,Computer Networks,Galvin,Springer,2010
B00455,Data Structures,Galvin,Pearson,2015
B00456,Microprocessors,Ross,Oxford,2023
B00457,Operating Systems,Cormen,Oxford,2021
B00458,Compiler Design,Tanenbaum,McGraw Hill,2013
B00459,Database Management Systems,James,Wiley,2016
B00460,Data Mining,Korth,Springer,2014
B00461,Cyber Security,Sutton,Wiley,2013
B00462,Database Management Systems,Stallings,McGraw Hill,2022
B00463,Statistics,Ross,Oxford,2022
B00464,Cloud Computing,Stallings,McGraw Hill,2013
B00465,Database Management Systems,Ross,Pearson,2025
B00466,Data Mining,Goodfellow,Wiley,2018
B00467,Deep Learning,Ross,McGraw Hill,2016
B00468,Python Programming,James,Pearson,2017
B00469,Algorithms,Goodfellow,Wiley,2019
B00470,Artificial Intelligence,Cormen,Pearson,2017
B00471,Java Programming,Ross,Springer,2012
B00472,Computer Networks,Tanenbaum,Springer,2015
B00473,Microprocessors,Cormen,Pearson,2019
B00474,Java Programming,Tanenbaum,McGraw Hill,2010
B00475,Discrete Mathematics,James,Springer,2012
B00476,Artificial Intelligence,Korth,Wiley,2012
B00477,Machine Learning,Sutton,Wiley,2025
B00478,Compiler Design,Stallings,McGraw Hill,2021
B00479,Database Management Systems,Goodfellow,McGraw Hill,2010
B00480,Big Data,James,Springer,2014
B00481,Microprocessors,Galvin,Wiley,2025
B00482,Statistics,Tanenbaum,Oxford,2013
B00483,Data Structures,Ross,Oxford,2025
B00484,Machine Learning,Sutton,Springer,2011
B00485,Cloud Computing,Sutton,Springer,2014
B00486,Digital Logic,Tanenbaum,Oxford,2013
B00487,Cloud Computing,Silberschatz,Springer,2020
B00488,Python Programming,James,Pearson,2020
B00489,Database Management Systems,Stallings,McGraw Hill,2020
B00490,Digital Logic,James,Oxford,2011
B00491,Big Data,Korth,Oxford,2019
B00492,Big Data,Tanenbaum,Springer,2017
B00493,Database Management Systems,Goodfellow,Springer,2019
B00494,Machine Learning,James,Springer,2010
B00495,Computer Networks,Korth,McGraw Hill,2014
B00496,Computer Networks,Ross,Wiley,2026
B00497,Microprocessors,Stallings,Pearson,2026
B00498,Data Structures,Sutton,Pearson,2023
B00499,Data Mining,Silberschatz,Springer,2015
B00500,Operating Systems,Korth,Wiley,2024
B00501,Java Programming,Stallings,Oxford,2011
B00502,Artificial Intelligence,Korth,McGraw Hill,2026
B00503,Cyber Security,Goodfellow,Springer,2018
B00504,Microprocessors,Goodfellow,Pearson,2010
B00505,Digital Logic,Sutton,Springer,2022
B00506,Data Mining,Goodfellow,Pearson,2011
B00507,Discrete Mathematics,Korth,Wiley,2019
B00508,Cloud Computing,Ross,Pearson,2013
B00509,Python Programming,Cormen,Springer,2023
B00510,Statistics,Korth,McGraw Hill,2020
B00511,Cloud Computing,Sutton,Pearson,2022
B00512,Cloud Computing,Cormen,Oxford,2017
B00513,Digital Logic,Goodfellow,Springer,2016
B00514,Statistics,Tanenbaum,Springer,2016
B00515,Compiler Design,Goodfellow,Pearson,2010
B00516,Database Management Systems,Stallings,Oxford,2024
B00517,Deep Learning,Goodfellow,McGraw Hill,2020
B00518,Compiler Design,Sutton,Pearson,2024
B00519,Database Management Systems,Sutton,Springer,2012
B00520,Java Programming,Cormen,Pearson,2020
B00521,Data Mining,Stallings,Pearson,2021
B00522,Deep Learning,James,Springer,2015
B00523,Database Management Systems,Goodfellow,Wiley,2026
B00524,Computer Networks,Stallings,McGraw Hill,2020
B00525,Software Engineering,Galvin,Springer,2021
B00526,Cyber Security,Stallings,Pearson,2024
B00527,Database Management Systems,Tanenbaum,McGraw Hill,2024
B00528,Database Management Systems,Ross,Pearson,2010
B00529,Deep Learning,Silberschatz,Springer,2026
B00530,Big Data,Ross,Springer,2015
B00531,Java Programming,Tanenbaum,Wiley,2025
B00532,Python Programming,Galvin,Pearson,2023
B00533,Cyber Security,James,Pearson,2012
B00534,Cloud Computing,Stallings,Wiley,2012
B00535,Computer Networks,Korth,McGraw Hill,2023
B00536,Algorithms,Ross,Wiley,2011
B00537,Cloud Computing,Sutton,Pearson,2025
B00538,Compiler Design,James,Springer,2015
B00539,Cloud Computing,Cormen,Pearson,2012
B00540,Java Programming,Goodfellow,Wiley,2012
B00541,Deep Learning,Stallings,McGraw Hill,2022
B00542,Python Programming,Cormen,McGraw Hill,2025
B00543,Deep Learning,Tanenbaum,Oxford,2026
B00544,Compiler Design,Stallings,Wiley,2014
B00545,Machine Learning,Sutton,Pearson,2012
B00546,Data Mining,James,McGraw Hill,2019
B00547,Operating Systems,James,Springer,2017
B00548,Cyber Security,Goodfellow,Oxford,2019
B00549,Digital Logic,James,McGraw Hill,2019
B00550,Python Programming,Tanenbaum,Oxford,2017
B00551,Software Engineering,Silberschatz,Oxford,2015
B00552,Software Engineering,Stallings,Springer,2020
B00553,Deep Learning,Cormen,Oxford,2025
B00554,Data Mining,Goodfellow,Springer,2023
B00555,Microprocessors,James,Oxford,2015
B00556,Java Programming,Tanenbaum,Wiley,2016
B00557,Operating Systems,Ross,McGraw Hill,2020
B00558,Cyber Security,Ross,Wiley,2017
B00559,Compiler Design,James,Pearson,2010
B00560,Algorithms,Goodfellow,Oxford,2024
B00561,Microprocessors,Goodfellow,Wiley,2011
B00562,Computer Networks,Korth,Wiley,2018
B00563,Discrete Mathematics,Korth,Wiley,2022
B00564,Algorithms,Stallings,Oxford,2012
B00565,Python Programming,Goodfellow,McGraw Hill,2023
B00566,Cloud Computing,Stallings,Oxford,2025
B00567,Statistics,Tanenbaum,Oxford,2016
B00568,Operating Systems,Galvin,McGraw Hill,2024
B00569,Data Structures,Goodfellow,Wiley,2021
B00570,Database Management Systems,Ross,McGraw Hill,2015
B00571,Python Programming,Sutton,Wiley,2016
B00572,Data Mining,Galvin,Oxford,2010
B00573,Computer Networks,Sutton,McGraw Hill,2023
B00574,Discrete Mathematics,Cormen,Wiley,2015
B00575,Artificial Intelligence,Ross,McGraw Hill,2020
B00576,Software Engineering,James,Wiley,2014
B00577,Artificial Intelligence,Cormen,McGraw Hill,2010
B00578,Database Management Systems,Galvin,Springer,2023
B00579,Data Mining,Sutton,Pearson,2024
B00580,Algorithms,James,Pearson,2022
B00581,Algorithms,Sutton,Wiley,2022
B00582,Microprocessors,Sutton,Pearson,2017
B00583,Data Mining,Silberschatz,Oxford,2016
B00584,Big Data,James,Wiley,2015
B00585,Deep Learning,Korth,Springer,2017
B00586,Big Data,Sutton,Wiley,2024
B00587,Operating Systems,Galvin,Pearson,2012
B00588,Deep Learning,James,Springer,2018
B00589,Data Mining,Tanenbaum,Wiley,2025
B00590,Software Engineering,Stallings,Wiley,2019
B00591,Cyber Security,Korth,Pearson,2015
B00592,Software Engineering,Goodfellow,Oxford,2020
B00593,Data Structures,Korth,McGraw Hill,2024
B00594,Compiler Design,Cormen,Oxford,2018
B00595,Data Mining,Ross,Wiley,2010
B00596,Database Management Systems,Tanenbaum,McGraw Hill,2013
B00597,Data Mining,Korth,Oxford,2014
B00598,Compiler Design,Korth,Oxford,2023
B00599,Software Engineering,Goodfellow,Springer,2014
B00600,Microprocessors,Cormen,Springer,2013
B00601,Database Management Systems,Silberschatz,Oxford,2010
B00602,Software Engineering,Ross,Springer,2022
B00603,Deep Learning,Sutton,Springer,2014
B00604,Algorithms,Sutton,Springer,2019
B00605,Python Programming,Galvin,Oxford,2017
B00606,Software Engineering,Stallings,Pearson,2026
B00607,Artificial Intelligence,Ross,Wiley,2016
B00608,Statistics,Silberschatz,Springer,2016
B00609,Digital Logic,Stallings,McGraw Hill,2016
B00610,Python Programming,Tanenbaum,McGraw Hill,2015
B00611,Deep Learning,James,Wiley,2024
B00612,Java Programming,Sutton,Springer,2024
B00613,Database Management Systems,Galvin,Pearson,2014
B00614,Computer Networks,Stallings,Wiley,2026
B00615,Compiler Design,Silberschatz,Wiley,2018
B00616,Digital Logic,Silberschatz,Pearson,2010
B00617,Computer Networks,Sutton,Springer,2013
B00618,Artificial Intelligence,Ross,Springer,2023
B00619,Java Programming,Tanenbaum,McGraw Hill,2016
B00620,Software Engineering,Silberschatz,Pearson,2018
B00621,Data Structures,Tanenbaum,Wiley,2018
B00622,Deep Learning,Ross,Springer,2017
B00623,Big Data,Galvin,Pearson,2012
B00624,Java Programming,Silberschatz,Wiley,2015
B00625,Java Programming,Goodfellow,McGraw Hill,2010
B00626,Java Programming,Galvin,Oxford,2021
B00627,Data Mining,Cormen,Pearson,2021
B00628,Computer Networks,Korth,McGraw Hill,2018
B00629,Discrete Mathematics,Galvin,Wiley,2022
B00630,Algorithms,Korth,Wiley,2019
B00631,Microprocessors,Stallings,Springer,2020
B00632,Big Data,Cormen,Wiley,2026
B00633,Data Mining,Korth,Springer,2015
B00634,Data Structures,Goodfellow,McGraw Hill,2022
B00635,Big Data,Goodfellow,Springer,2017
B00636,Machine Learning,Galvin,Pearson,2010
B00637,Compiler Design,Galvin,Wiley,2026
B00638,Machine Learning,Tanenbaum,Pearson,2016
B00639,Compiler Design,Sutton,Wiley,2011
B00640,Microprocessors,Silberschatz,Oxford,2026
B00641,Cyber Security,Cormen,Oxford,2013
B00642,Cloud Computing,Sutton,Oxford,2022
B00643,Cyber Security,Silberschatz,Oxford,2022
B00644,Big Data,James,Oxford,2011
B00645,Machine Learning,Tanenbaum,Oxford,2011
B00646,Statistics,Cormen,Oxford,2018
B00647,Deep Learning,Silberschatz,McGraw Hill,2012
B00648,Cloud Computing,Cormen,Pearson,2025
B00649,Big Data,Korth,McGraw Hill,2019
B00650,Database Management Systems,Cormen,Oxford,2023
B00651,Cyber Security,Tanenbaum,Pearson,2015
B00652,Computer Networks,Cormen,Springer,2015
B00653,Data Structures,Tanenbaum,McGraw Hill,2022
B00654,Compiler Design,Galvin,Wiley,2026
B00655,Machine Learning,Galvin,Pearson,2016
B00656,Database Management Systems,Goodfellow,Pearson,2025
B00657,Compiler Design,Silberschatz,Pearson,2017
B00658,Compiler Design,Goodfellow,McGraw Hill,2016
B00659,Cyber Security,James,Wiley,2011
B00660,Big Data,Ross,Pearson,2026
B00661,Java Programming,James,Wiley,2011
B00662,Artificial Intelligence,Stallings,Springer,2010
B00663,Machine Learning,Galvin,McGraw Hill,2016
B00664,Operating Systems,Tanenbaum,Springer,2020
B00665,Cloud Computing,Goodfellow,McGraw Hill,2014
B00666,Machine Learning,Stallings,Oxford,2010
B00667,Discrete Mathematics,James,Oxford,2014
B00668,Software Engineering,Korth,Oxford,2012
B00669,Operating Systems,Ross,McGraw Hill,2022
B00670,Database Management Systems,Cormen,Oxford,2018
B00671,Data Structures,Galvin,Oxford,2022
B00672,Statistics,Goodfellow,Oxford,2015
B00673,Python Programming,Korth,Pearson,2013
B00674,Python Programming,Goodfellow,McGraw Hill,2019
B00675,Computer Networks,Korth,McGraw Hill,2014
B00676,Cloud Computing,James,Springer,2024
B00677,Python Programming,Cormen,Springer,2021
B00678,Database Management Systems,Korth,McGraw Hill,2024
B00679,Compiler Design,James,Wiley,2022
B00680,Algorithms,Stallings,Oxford,2017
B00681,Microprocessors,James,Oxford,2011
B00682,Discrete Mathematics,Silberschatz,Wiley,2011
B00683,Big Data,Sutton,McGraw Hill,2014
B00684,Data Structures,Korth,Wiley,2021
B00685,Machine Learning,Galvin,Pearson,2022
B00686,Operating Systems,Goodfellow,Wiley,2025
B00687,Database Management Systems,Stallings,McGraw Hill,2025
B00688,Cyber Security,Korth,Pearson,2013
B00689,Operating Systems,Sutton,Pearson,2025
B00690,Python Programming,Korth,Pearson,2026
B00691,Java Programming,Tanenbaum,Springer,2021
B00692,Digital Logic,Goodfellow,Wiley,2018
B00693,Computer Networks,Sutton,Springer,2010
B00694,Python Programming,Stallings,Pearson,2017
B00695,Java Programming,Silberschatz,Oxford,2020
B00696,Digital Logic,James,Oxford,2010
B00697,Microprocessors,Ross,Pearson,2024
B00698,Microprocessors,Korth,Springer,2014
B00699,Cyber Security,Stallings,McGraw Hill,2016
B00700,Software Engineering,Tanenbaum,Springer,2010
B00701,Artificial Intelligence,Tanenbaum,Pearson,2023
B00702,Microprocessors,Goodfellow,Pearson,2013
B00703,Python Programming,Tanenbaum,Wiley,2024
B00704,Machine Learning,Sutton,Oxford,2013
B00705,Software Engineering,James,McGraw Hill,2023
B00706,Algorithms,Galvin,Pearson,2023
B00707,Statistics,Ross,Pearson,2015
B00708,Artificial Intelligence,Korth,Pearson,2010
B00709,Software Engineering,James,Wiley,2013
B00710,Compiler Design,Galvin,Wiley,2015
B00711,Computer Networks,Goodfellow,Wiley,2010
B00712,Java Programming,Cormen,Springer,2023
B00713,Software Engineering,Korth,Pearson,2026
B00714,Computer Networks,Galvin,McGraw Hill,2025
B00715,Java Programming,Ross,Oxford,2016
B00716,Cloud Computing,Goodfellow,Wiley,2016
B00717,Microprocessors,Cormen,Wiley,2011
B00718,Machine Learning,Silberschatz,Oxford,2018
B00719,Compiler Design,Cormen,Pearson,2012
B00720,Data Mining,Cormen,McGraw Hill,2014
B00721,Big Data,Korth,Pearson,2012
B00722,Discrete Mathematics,Ross,Wiley,2020
B00723,Deep Learning,James,Pearson,2011
B00724,Big Data,Sutton,Oxford,2010
B00725,Cyber Security,Goodfellow,Wiley,2018
B00726,Computer Networks,Tanenbaum,Pearson,2012
B00727,Discrete Mathematics,Ross,Wiley,2023
B00728,Data Mining,Korth,Oxford,2020
B00729,Discrete Mathematics,James,Oxford,2013
B00730,Big Data,Ross,Springer,2011
B00731,Data Mining,Sutton,McGraw Hill,2018
B00732,Cyber Security,Tanenbaum,Pearson,2020
B00733,Big Data,Galvin,Pearson,2013
B00734,Software Engineering,Goodfellow,Pearson,2014
B00735,Statistics,Cormen,Springer,2015
B00736,Computer Networks,Sutton,Pearson,2023
B00737,Algorithms,Sutton,Oxford,2025
B00738,Operating Systems,Silberschatz,Pearson,2014
B00739,Statistics,Korth,Springer,2020
B00740,Cyber Security,Tanenbaum,McGraw Hill,2017
B00741,Java Programming,Sutton,Oxford,2025
B00742,Software Engineering,James,McGraw Hill,2019
B00743,Operating Systems,James,Wiley,2020
B00744,Computer Networks,Korth,Oxford,2016
B00745,Machine Learning,Goodfellow,Wiley,2017
B00746,Microprocessors,Silberschatz,Oxford,2022
B00747,Artificial Intelligence,Cormen,McGraw Hill,2015
B00748,Compiler Design,Stallings,Pearson,2013
B00749,Cyber Security,Sutton,Oxford,2010
B00750,Deep Learning,Cormen,Oxford,2026
B00751,Machine Learning,Stallings,Springer,2013
B00752,Operating Systems,Korth,Oxford,2024
B00753,Cyber Security,Tanenbaum,Pearson,2026
B00754,Machine Learning,Cormen,McGraw Hill,2022
B00755,Machine Learning,Korth,Wiley,2016
B00756,Data Structures,Sutton,Oxford,2018
B00757,Data Mining,Silberschatz,Springer,2016
B00758,Artificial Intelligence,Cormen,McGraw Hill,2013
B00759,Big Data,Korth,Oxford,2017
B00760,Digital Logic,Silberschatz,Wiley,2016
B00761,Artificial Intelligence,Goodfellow,Pearson,2015
B00762,Deep Learning,Galvin,Springer,2023
B00763,Database Management Systems,Cormen,Wiley,2017
B00764,Algorithms,Ross,Springer,2021
B00765,Software Engineering,James,McGraw Hill,2013
B00766,Discrete Mathematics,Silberschatz,Pearson,2024
B00767,Big Data,Tanenbaum,Pearson,2014
B00768,Software Engineering,Korth,Springer,2016
B00769,Big Data,Sutton,Wiley,2011
B00770,Python Programming,Galvin,McGraw Hill,2021
B00771,Big Data,James,Pearson,2011
B00772,Data Structures,Korth,McGraw Hill,2023
B00773,Machine Learning,Goodfellow,Oxford,2011
B00774,Microprocessors,Goodfellow,Wiley,2016
B00775,Computer Networks,Cormen,McGraw Hill,2023
B00776,Algorithms,Galvin,Springer,2022
B00777,Database Management Systems,Cormen,Oxford,2020
B00778,Discrete Mathematics,Ross,McGraw Hill,2016
B00779,Database Management Systems,Sutton,Pearson,2026
B00780,Software Engineering,Cormen,Springer,2023
B00781,Python Programming,Galvin,Pearson,2017
B00782,Microprocessors,Ross,Pearson,2017
B00783,Statistics,Cormen,Springer,2019
B00784,Digital Logic,Galvin,McGraw Hill,2010
B00785,Discrete Mathematics,James,Pearson,2024
B00786,Python Programming,Sutton,Pearson,2012
B00787,Software Engineering,Silberschatz,Pearson,2018
B00788,Software Engineering,Ross,Pearson,2018
B00789,Computer Networks,Sutton,Pearson,2020
B00790,Big Data,Galvin,Wiley,2010
B00791,Software Engineering,James,Pearson,2020
B00792,Operating Systems,Goodfellow,Springer,2026
B00793,Algorithms,Korth,Oxford,2016
B00794,Computer Networks,Ross,Pearson,2021
B00795,Data Structures,Goodfellow,McGraw Hill,2017
B00796,Cyber Security,Silberschatz,Springer,2014
B00797,Python Programming,James,McGraw Hill,2019
B00798,Computer Networks,Silberschatz,Oxford,2010
B00799,Software Engineering,Korth,Wiley,2025
B00800,Cloud Computing,Stallings,Oxford,2011
B00801,Discrete Mathematics,Cormen,Oxford,2011
B00802,Software Engineering,James,Oxford,2025
B00803,Data Structures,Korth,Wiley,2023
B00804,Python Programming,Tanenbaum,Pearson,2010
B00805,Data Mining,Ross,McGraw Hill,2016
B00806,Database Management Systems,Silberschatz,Wiley,2019
B00807,Software Engineering,Galvin,McGraw Hill,2023
B00808,Computer Networks,Tanenbaum,Oxford,2023
B00809,Digital Logic,Tanenbaum,Pearson,2011
B00810,Database Management Systems,Cormen,Pearson,2022
B00811,Data Mining,Galvin,Wiley,2016
B00812,Cyber Security,James,McGraw Hill,2017
B00813,Discrete Mathematics,Cormen,Springer,2025
B00814,Microprocessors,Tanenbaum,Pearson,2017
B00815,Computer Networks,Galvin,Pearson,2025
B00816,Statistics,Silberschatz,Springer,2019
B00817,Discrete Mathematics,Cormen,Pearson,2012
B00818,Algorithms,Galvin,Oxford,2024
B00819,Java Programming,Goodfellow,Oxford,2017
B00820,Python Programming,Cormen,Pearson,2013
B00821,Data Mining,Korth,Pearson,2026
B00822,Python Programming,Galvin,Oxford,2010
B00823,Database Management Systems,Goodfellow,Wiley,2018
B00824,Artificial Intelligence,Galvin,McGraw Hill,2025
B00825,Python Programming,James,McGraw Hill,2016
B00826,Microprocessors,Galvin,Wiley,2026
B00827,Discrete Mathematics,Goodfellow,Springer,2012
B00828,Python Programming,Ross,Pearson,2025
B00829,Deep Learning,Galvin,Pearson,2025
B00830,Software Engineering,Cormen,Oxford,2013
B00831,Cloud Computing,Cormen,Wiley,2025
B00832,Python Programming,Tanenbaum,Pearson,2020
B00833,Data Structures,Galvin,Pearson,2015
B00834,Data Mining,Sutton,Springer,2010
B00835,Data Structures,Goodfellow,McGraw Hill,2023
B00836,Algorithms,Galvin,Oxford,2026
B00837,Data Structures,Galvin,Springer,2018
B00838,Artificial Intelligence,Galvin,Wiley,2026
B00839,Discrete Mathematics,Galvin,McGraw Hill,2025
B00840,Data Mining,Stallings,Springer,2011
B00841,Algorithms,Cormen,Oxford,2012
B00842,Discrete Mathematics,Korth,Oxford,2023
B00843,Database Management Systems,Goodfellow,Springer,2012
B00844,Cyber Security,Sutton,Springer,2023
B00845,Database Management Systems,Sutton,McGraw Hill,2025
B00846,Machine Learning,Stallings,Oxford,2010
B00847,Algorithms,Cormen,Wiley,2023
B00848,Cloud Computing,Tanenbaum,McGraw Hill,2025
B00849,Machine Learning,Tanenbaum,Oxford,2019
B00850,Digital Logic,Ross,Wiley,2021
B00851,Digital Logic,Cormen,Springer,2016
B00852,Software Engineering,Korth,Oxford,2020
B00853,Cloud Computing,Korth,Wiley,2026
B00854,Microprocessors,Goodfellow,Springer,2010
B00855,Big Data,Ross,Pearson,2024
B00856,Discrete Mathematics,Korth,McGraw Hill,2010
B00857,Java Programming,Cormen,Wiley,2026
B00858,Microprocessors,Silberschatz,Pearson,2023
B00859,Cloud Computing,James,Wiley,2026
B00860,Data Mining,Cormen,Springer,2014
B00861,Java Programming,Galvin,Springer,2025
B00862,Database Management Systems,Cormen,McGraw Hill,2023
B00863,Database Management Systems,Korth,Pearson,2014
B00864,Java Programming,Ross,Springer,2017
B00865,Cyber Security,Korth,Springer,2011
B00866,Statistics,Sutton,Wiley,2017
B00867,Cloud Computing,Galvin,McGraw Hill,2018
B00868,Cloud Computing,James,Oxford,2025
B00869,Python Programming,Goodfellow,Wiley,2016
B00870,Database Management Systems,Goodfellow,Oxford,2019
B00871,Digital Logic,James,Pearson,2012
B00872,Digital Logic,Stallings,Oxford,2013
B00873,Java Programming,Goodfellow,McGraw Hill,2021
B00874,Statistics,Tanenbaum,Oxford,2020
B00875,Cloud Computing,Ross,Springer,2010
B00876,Cloud Computing,Goodfellow,Oxford,2020
B00877,Algorithms,Tanenbaum,McGraw Hill,2012
B00878,Data Mining,Silberschatz,Pearson,2011
B00879,Compiler Design,Ross,McGraw Hill,2015
B00880,Cloud Computing,Goodfellow,McGraw Hill,2021
B00881,Digital Logic,James,Springer,2020
B00882,Big Data,Sutton,Oxford,2023
B00883,Software Engineering,Silberschatz,Springer,2015
B00884,Data Mining,Korth,Wiley,2011
B00885,Big Data,Tanenbaum,Pearson,2023
B00886,Artificial Intelligence,Galvin,Springer,2026
B00887,Python Programming,Galvin,Pearson,2023
B00888,Cyber Security,Sutton,McGraw Hill,2019
B00889,Microprocessors,Sutton,Pearson,2022
B00890,Artificial Intelligence,Tanenbaum,Oxford,2010
B00891,Cyber Security,Sutton,Wiley,2012
B00892,Database Management Systems,Goodfellow,McGraw Hill,2017
B00893,Operating Systems,James,McGraw Hill,2019
B00894,Operating Systems,Korth,Wiley,2010
B00895,Compiler Design,James,Springer,2024
B00896,Artificial Intelligence,Stallings,Springer,2025
B00897,Algorithms,Stallings,Springer,2011
B00898,Deep Learning,James,Wiley,2011
B00899,Cyber Security,Goodfellow,Wiley,2026
B00900,Computer Networks,Sutton,Oxford,2026
B00901,Database Management Systems,Goodfellow,McGraw Hill,2012
B00902,Microprocessors,Korth,Oxford,2012
B00903,Microprocessors,Cormen,McGraw Hill,2010
B00904,Deep Learning,Silberschatz,Wiley,2015
B00905,Computer Networks,Stallings,Springer,2013
B00906,Operating Systems,Ross,Pearson,2012
B00907,Database Management Systems,Stallings,Oxford,2015
B00908,Compiler Design,Stallings,McGraw Hill,2026
B00909,Cyber Security,Korth,Springer,2011
B00910,Python Programming,Sutton,Pearson,2014
B00911,Java Programming,Sutton,McGraw Hill,2010
B00912,Cyber Security,Stallings,Wiley,2020
B00913,Database Management Systems,Korth,McGraw Hill,2011
B00914,Data Mining,James,Pearson,2014
B00915,Python Programming,Galvin,McGraw Hill,2020
B00916,Database Management Systems,Sutton,Wiley,2010
B00917,Statistics,Cormen,Springer,2023
B00918,Discrete Mathematics,Cormen,Wiley,2022
B00919,Software Engineering,Cormen,McGraw Hill,2016
B00920,Software Engineering,James,Pearson,2021
B00921,Database Management Systems,Ross,Wiley,2026
B00922,Big Data,Ross,McGraw Hill,2023
B00923,Statistics,Sutton,Pearson,2021
B00924,Data Structures,Cormen,Oxford,2026
B00925,Deep Learning,Galvin,McGraw Hill,2021
B00926,Digital Logic,Stallings,Pearson,2019
B00927,Operating Systems,Silberschatz,Wiley,2022
B00928,Compiler Design,Goodfellow,Oxford,2013
B00929,Algorithms,Sutton,Oxford,2018
B00930,Operating Systems,Sutton,Pearson,2019
B00931,Algorithms,Sutton,McGraw Hill,2022
B00932,Data Structures,Goodfellow,Springer,2020
B00933,Artificial Intelligence,Korth,Oxford,2013
B00934,Algorithms,Stallings,Oxford,2026
B00935,Machine Learning,Goodfellow,Oxford,2014
B00936,Software Engineering,Galvin,Oxford,2010
B00937,Computer Networks,Goodfellow,Pearson,2018
B00938,Cloud Computing,Stallings,McGraw Hill,2010
B00939,Statistics,Galvin,McGraw Hill,2022
B00940,Artificial Intelligence,James,Wiley,2022
B00941,Java Programming,Silberschatz,Oxford,2012
B00942,Artificial Intelligence,Goodfellow,Pearson,2023
B00943,Data Mining,Cormen,Pearson,2022
B00944,Microprocessors,Galvin,Pearson,2013
B00945,Cloud Computing,Galvin,Springer,2026
B00946,Operating Systems,Cormen,Oxford,2010
B00947,Operating Systems,Korth,Springer,2024
B00948,Big Data,James,Springer,2014
B00949,Java Programming,Cormen,McGraw Hill,2019
B00950,Cyber Security,Cormen,Oxford,2012
B00951,Artificial Intelligence,Cormen,Wiley,2021
B00952,Artificial Intelligence,Sutton,McGraw Hill,2014
B00953,Discrete Mathematics,Silberschatz,Oxford,2025
B00954,Data Mining,Goodfellow,Wiley,2010
B00955,Python Programming,James,McGraw Hill,2026
B00956,Data Mining,Tanenbaum,Wiley,2011
B00957,Microprocessors,Ross,Pearson,2014
B00958,Software Engineering,Silberschatz,Pearson,2011
B00959,Algorithms,Goodfellow,Oxford,2012
B00960,Artificial Intelligence,Cormen,McGraw Hill,2019
B00961,Data Structures,Korth,Wiley,2011
B00962,Java Programming,Korth,Wiley,2017
B00963,Microprocessors,James,Springer,2024
B00964,Data Mining,Galvin,Wiley,2014
B00965,Computer Networks,Goodfellow,Oxford,2013
B00966,Computer Networks,Tanenbaum,Oxford,2011
B00967,Discrete Mathematics,Sutton,Springer,2023
B00968,Operating Systems,Sutton,Oxford,2014
B00969,Compiler Design,Galvin,Oxford,2017
B00970,Data Structures,James,Springer,2017
B00971,Discrete Mathematics,Galvin,Pearson,2023
B00972,Database Management Systems,Silberschatz,Springer,2014
B00973,Software Engineering,Goodfellow,Springer,2023
B00974,Machine Learning,Stallings,Pearson,2014
B00975,Computer Networks,Stallings,Wiley,2012
B00976,Statistics,Cormen,Wiley,2026
B00977,Machine Learning,Goodfellow,McGraw Hill,2018
B00978,Software Engineering,Tanenbaum,McGraw Hill,2019
B00979,Data Structures,Ross,Wiley,2018
B00980,Python Programming,James,McGraw Hill,2015
B00981,Cyber Security,Galvin,Wiley,2017
B00982,Database Management Systems,Stallings,McGraw Hill,2015
B00983,Database Management Systems,Silberschatz,Springer,2014
B00984,Software Engineering,James,Oxford,2024
B00985,Computer Networks,Galvin,Pearson,2017
B00986,Python Programming,Stallings,Springer,2014
B00987,Database Management Systems,James,McGraw Hill,2013
B00988,Operating Systems,Korth,Oxford,2019
B00989,Microprocessors,Galvin,Springer,2019
B00990,Big Data,Tanenbaum,Pearson,2013
B00991,Software Engineering,Galvin,Oxford,2025
B00992,Microprocessors,Goodfellow,Pearson,2017
B00993,Cloud Computing,Stallings,Pearson,2013
B00994,Database Management Systems,Cormen,Oxford,2025
B00995,Operating Systems,Silberschatz,Pearson,2022
B00996,Artificial Intelligence,Ross,McGraw Hill,2017
B00997,Compiler Design,Galvin,Springer,2014
B00998,Discrete Mathematics,Sutton,Springer,2019
B00999,Data Structures,Korth,Oxford,2013
B01000,Digital Logic,Tanenbaum,McGraw Hill,2026
B01001,Data Mining,James,Wiley,2010
B01002,Java Programming,James,McGraw Hill,2018
B01003,Algorithms,Ross,Pearson,2020
B01004,Cloud Computing,Galvin,Pearson,2012
B01005,Statistics,James,Springer,2016
B01006,Computer Networks,Goodfellow,Springer,2015
B01007,Discrete Mathematics,Cormen,Pearson,2025
B01008,Software Engineering,Korth,Pearson,2025
B01009,Discrete Mathematics,Stallings,Oxford,2023
B01010,Cyber Security,James,Pearson,2014
B01011,Data Mining,Korth,Pearson,2011
B01012,Operating Systems,Stallings,Pearson,2013
B01013,Computer Networks,James,Wiley,2026
B01014,Digital Logic,Ross,Pearson,2023
B01015,Digital Logic,Galvin,McGraw Hill,2018
B01016,Digital Logic,Ross,Pearson,2013
B01017,Discrete Mathematics,Stallings,Springer,2022
B01018,Compiler Design,Goodfellow,Pearson,2013
B01019,Data Structures,Korth,Pearson,2023
B01020,Database Management Systems,Cormen,McGraw Hill,2022
B01021,Microprocessors,Galvin,Pearson,2025
B01022,Computer Networks,Silberschatz,Pearson,2020
B01023,Operating Systems,Cormen,Wiley,2017
B01024,Data Structures,James,Pearson,2013
B01025,Cyber Security,Ross,Springer,2014
B01026,Data Structures,Sutton,Pearson,2022
B01027,Software Engineering,Goodfellow,Springer,2012
B01028,Cyber Security,Cormen,Oxford,2019
B01029,Digital Logic,Sutton,Wiley,2011
B01030,Statistics,Cormen,McGraw Hill,2010
B01031,Discrete Mathematics,James,Pearson,2017
B01032,Statistics,Galvin,Pearson,2013
B01033,Operating Systems,Tanenbaum,Oxford,2023
B01034,Statistics,Korth,Wiley,2018
B01035,Deep Learning,Korth,Oxford,2011
B01036,Software Engineering,Sutton,Springer,2021
B01037,Discrete Mathematics,Ross,Springer,2014
B01038,Algorithms,Korth,Pearson,2026
B01039,Compiler Design,Korth,Pearson,2014
B01040,Database Management Systems,James,Pearson,2020
B01041,Digital Logic,Tanenbaum,Wiley,2013
B01042,Data Mining,Ross,McGraw Hill,2023
B01043,Statistics,Goodfellow,Pearson,2015
B01044,Cyber Security,James,McGraw Hill,2025
B01045,Data Mining,Tanenbaum,Springer,2015
B01046,Computer Networks,Korth,McGraw Hill,2022
B01047,Data Mining,Cormen,Springer,2023
B01048,Discrete Mathematics,Sutton,McGraw Hill,2011
B01049,Microprocessors,Silberschatz,Springer,2022
B01050,Cloud Computing,Ross,Pearson,2025
B01051,Microprocessors,James,McGraw Hill,2024
B01052,Java Programming,Silberschatz,Pearson,2023
B01053,Software Engineering,Korth,Wiley,2015
B01054,Algorithms,James,Oxford,2013
B01055,Database Management Systems,Goodfellow,Springer,2016
B01056,Big Data,Cormen,Oxford,2011
B01057,Java Programming,Sutton,Springer,2010
B01058,Big Data,Sutton,McGraw Hill,2013
B01059,Microprocessors,Tanenbaum,McGraw Hill,2014
B01060,Operating Systems,Cormen,Oxford,2023
B01061,Operating Systems,Ross,Wiley,2021
B01062,Cloud Computing,Cormen,Springer,2010
B01063,Artificial Intelligence,Ross,Oxford,2025
B01064,Cloud Computing,Sutton,Wiley,2012
B01065,Compiler Design,Stallings,Springer,2026
B01066,Artificial Intelligence,Ross,Pearson,2019
B01067,Python Programming,Cormen,McGraw Hill,2023
B01068,Digital Logic,Ross,Oxford,2024
B01069,Python Programming,Korth,McGraw Hill,2019
B01070,Discrete Mathematics,Silberschatz,Wiley,2013
B01071,Big Data,Silberschatz,Springer,2013
B01072,Operating Systems,Sutton,Wiley,2024
B01073,Compiler Design,Galvin,Oxford,2018
B01074,Java Programming,Tanenbaum,Pearson,2020
B01075,Digital Logic,Galvin,McGraw Hill,2010
B01076,Microprocessors,Tanenbaum,McGraw Hill,2021
B01077,Software Engineering,Tanenbaum,Wiley,2023
B01078,Compiler Design,Korth,McGraw Hill,2010
B01079,Artificial Intelligence,James,McGraw Hill,2020
B01080,Operating Systems,Goodfellow,Oxford,2014
B01081,Operating Systems,Sutton,Wiley,2020
B01082,Machine Learning,Cormen,McGraw Hill,2010
B01083,Software Engineering,James,Wiley,2020
B01084,Cloud Computing,Korth,Oxford,2019
B01085,Cyber Security,Silberschatz,Oxford,2011
B01086,Operating Systems,Korth,McGraw Hill,2018
B01087,Algorithms,Sutton,Oxford,2016
B01088,Microprocessors,Goodfellow,Springer,2014
B01089,Computer Networks,Korth,McGraw Hill,2021
B01090,Discrete Mathematics,Tanenbaum,Oxford,2024
B01091,Database Management Systems,Korth,Wiley,2018
B01092,Big Data,Sutton,Springer,2016
B01093,Operating Systems,Sutton,McGraw Hill,2012
B01094,Machine Learning,Cormen,Springer,2012
B01095,Statistics,Korth,McGraw Hill,2025
B01096,Cloud Computing,Korth,Wiley,2015
B01097,Algorithms,Goodfellow,Wiley,2015
B01098,Digital Logic,Ross,Pearson,2011
B01099,Database Management Systems,Galvin,Wiley,2023
B01100,Data Structures,Galvin,Oxford,2022
B01101,Algorithms,Sutton,McGraw Hill,2016
B01102,Database Management Systems,Stallings,Oxford,2024
B01103,Cyber Security,James,Wiley,2025
B01104,Data Mining,Galvin,McGraw Hill,2018
B01105,Artificial Intelligence,Goodfellow,Springer,2015
B01106,Database Management Systems,Galvin,McGraw Hill,2020
B01107,Software Engineering,Goodfellow,Wiley,2022
B01108,Statistics,Tanenbaum,Springer,2025
B01109,Deep Learning,Sutton,Wiley,2026
B01110,Cloud Computing,Ross,Oxford,2024
B01111,Deep Learning,Tanenbaum,Pearson,2018
B01112,Cyber Security,James,McGraw Hill,2013
B01113,Discrete Mathematics,Galvin,Oxford,2021
B01114,Cyber Security,Tanenbaum,Springer,2022
B01115,Data Mining,Galvin,Wiley,2020
B01116,Deep Learning,Galvin,Oxford,2020
B01117,Data Mining,Sutton,Oxford,2015
B01118,Algorithms,Galvin,Oxford,2011
B01119,Computer Networks,Galvin,Pearson,2018
B01120,Cloud Computing,Sutton,Springer,2011
B01121,Digital Logic,Silberschatz,Springer,2012
B01122,Artificial Intelligence,Sutton,Wiley,2016
B01123,Artificial Intelligence,Tanenbaum,Wiley,2020
B01124,Artificial Intelligence,Sutton,Wiley,2022
B01125,Microprocessors,Silberschatz,McGraw Hill,2014
B01126,Discrete Mathematics,Ross,Oxford,2019
B01127,Computer Networks,Sutton,McGraw Hill,2015
B01128,Cyber Security,Sutton,McGraw Hill,2024
B01129,Artificial Intelligence,James,McGraw Hill,2012
B01130,Operating Systems,Cormen,Pearson,2020
B01131,Software Engineering,James,Pearson,2023
B01132,Digital Logic,Tanenbaum,Oxford,2025
B01133,Data Mining,Galvin,McGraw Hill,2019
B01134,Artificial Intelligence,Cormen,Springer,2015
B01135,Deep Learning,Sutton,McGraw Hill,2014
B01136,Statistics,Galvin,Pearson,2011
B01137,Digital Logic,Sutton,Oxford,2019
B01138,Computer Networks,Goodfellow,McGraw Hill,2023
B01139,Statistics,Goodfellow,Wiley,2013
B01140,Algorithms,Goodfellow,Springer,2019
B01141,Artificial Intelligence,Tanenbaum,Oxford,2023
B01142,Discrete Mathematics,Cormen,McGraw Hill,2010
B01143,Python Programming,Korth,McGraw Hill,2025
B01144,Cyber Security,Stallings,McGraw Hill,2014
B01145,Machine Learning,Galvin,Oxford,2013
B01146,Microprocessors,Sutton,Springer,2024
B01147,Python Programming,Stallings,Springer,2026
B01148,Deep Learning,Korth,Wiley,2023
B01149,Cloud Computing,Galvin,Springer,2017
B01150,Database Management Systems,Cormen,Wiley,2025
B01151,Deep Learning,Stallings,Wiley,2015
B01152,Data Structures,James,Springer,2010
B01153,Microprocessors,Goodfellow,Wiley,2013
B01154,Operating Systems,James,Oxford,2013
B01155,Cloud Computing,James,Pearson,2010
B01156,Algorithms,Cormen,Pearson,2010
B01157,Java Programming,Stallings,Wiley,2015
B01158,Data Mining,Sutton,Wiley,2020
B01159,Compiler Design,James,Pearson,2023
B01160,Discrete Mathematics,Galvin,McGraw Hill,2010
B01161,Statistics,Ross,Oxford,2025
B01162,Microprocessors,Ross,Pearson,2013
B01163,Operating Systems,Cormen,McGraw Hill,2013
B01164,Database Management Systems,Silberschatz,Oxford,2018
B01165,Software Engineering,Galvin,Wiley,2017
B01166,Microprocessors,James,Wiley,2015
B01167,Software Engineering,Ross,Wiley,2019
B01168,Operating Systems,Sutton,McGraw Hill,2015
B01169,Computer Networks,Goodfellow,Wiley,2016
B01170,Database Management Systems,Cormen,Wiley,2025
B01171,Artificial Intelligence,Tanenbaum,Oxford,2022
B01172,Microprocessors,Korth,Pearson,2021
B01173,Machine Learning,Goodfellow,McGraw Hill,2013
B01174,Algorithms,Ross,Springer,2016
B01175,Artificial Intelligence,Cormen,Pearson,2024
B01176,Operating Systems,Galvin,Oxford,2014
B01177,Machine Learning,Korth,Wiley,2016
B01178,Algorithms,Sutton,Pearson,2018
B01179,Data Mining,Sutton,Springer,2023
B01180,Operating Systems,Cormen,Pearson,2010
B01181,Deep Learning,James,McGraw Hill,2026
B01182,Data Mining,Korth,Wiley,2016
B01183,Cloud Computing,Galvin,Oxford,2016
B01184,Cloud Computing,Galvin,McGraw Hill,2013
B01185,Java Programming,James,Wiley,2012
B01186,Algorithms,Korth,Springer,2010
B01187,Compiler Design,Silberschatz,McGraw Hill,2018
B01188,Discrete Mathematics,Korth,Springer,2014
B01189,Python Programming,Goodfellow,Springer,2016
B01190,Machine Learning,Stallings,Pearson,2016
B01191,Algorithms,James,Oxford,2025
B01192,Cloud Computing,Cormen,Oxford,2021
B01193,Statistics,Sutton,Wiley,2014
B01194,Java Programming,Goodfellow,McGraw Hill,2011
B01195,Big Data,Galvin,Oxford,2018
B01196,Machine Learning,Korth,Pearson,2011
B01197,Java Programming,Stallings,Springer,2015
B01198,Computer Networks,Tanenbaum,Springer,2017
B01199,Cloud Computing,Silberschatz,Oxford,2012
B01200,Deep Learning,Tanenbaum,McGraw Hill,2019
B01201,Algorithms,Stallings,Pearson,2020
B01202,Algorithms,Ross,Wiley,2010
B01203,Java Programming,James,Pearson,2018
B01204,Software Engineering,Ross,Springer,2015
B01205,Statistics,Cormen,Springer,2012
B01206,Algorithms,Goodfellow,Springer,2021
B01207,Java Programming,Galvin,McGraw Hill,2012
B01208,Algorithms,Sutton,Pearson,2020
B01209,Computer Networks,Cormen,McGraw Hill,2026
B01210,Cyber Security,James,Oxford,2018
B01211,Data Mining,Ross,Wiley,2012
B01212,Database Management Systems,Korth,Springer,2015
B01213,Discrete Mathematics,Ross,Pearson,2015
B01214,Deep Learning,Goodfellow,Oxford,2017
B01215,Java Programming,Silberschatz,McGraw Hill,2026
B01216,Discrete Mathematics,Galvin,Springer,2024
B01217,Operating Systems,Cormen,McGraw Hill,2020
B01218,Deep Learning,Tanenbaum,Wiley,2017
B01219,Digital Logic,Galvin,Pearson,2024
B01220,Microprocessors,Ross,McGraw Hill,2016
B01221,Discrete Mathematics,Silberschatz,Springer,2024
B01222,Operating Systems,Silberschatz,Pearson,2022
B01223,Microprocessors,James,Pearson,2014
B01224,Database Management Systems,James,Wiley,2014
B01225,Java Programming,Goodfellow,Pearson,2021
B01226,Microprocessors,Goodfellow,Springer,2010
B01227,Discrete Mathematics,James,Oxford,2015
B01228,Discrete Mathematics,Galvin,McGraw Hill,2014
B01229,Digital Logic,Tanenbaum,Wiley,2013
B01230,Java Programming,Ross,Springer,2017
B01231,Big Data,Silberschatz,Springer,2016
B01232,Cloud Computing,Ross,McGraw Hill,2011
B01233,Statistics,Galvin,Pearson,2023
B01234,Deep Learning,Sutton,McGraw Hill,2021
B01235,Cyber Security,Stallings,Pearson,2016
B01236,Microprocessors,Goodfellow,Springer,2014
B01237,Cyber Security,Cormen,Springer,2016
B01238,Java Programming,James,Pearson,2025
B01239,Compiler Design,Korth,Pearson,2019
B01240,Cyber Security,Silberschatz,Springer,2024
B01241,Cyber Security,Galvin,Oxford,2016
B01242,Software Engineering,Goodfellow,Wiley,2023
B01243,Java Programming,Goodfellow,Pearson,2015
B01244,Software Engineering,Stallings,Pearson,2024
B01245,Database Management Systems,Korth,Oxford,2010
B01246,Data Structures,Silberschatz,Oxford,2020
B01247,Java Programming,Tanenbaum,Oxford,2013
B01248,Statistics,Silberschatz,Wiley,2017
B01249,Machine Learning,Ross,Oxford,2024
B01250,Discrete Mathematics,Galvin,McGraw Hill,2020
B01251,Microprocessors,Tanenbaum,Springer,2014
B01252,Artificial Intelligence,Stallings,Springer,2025
B01253,Database Management Systems,Sutton,Wiley,2026
B01254,Discrete Mathematics,Cormen,McGraw Hill,2015
B01255,Statistics,Goodfellow,Springer,2017
B01256,Operating Systems,Cormen,Pearson,2015
B01257,Cloud Computing,Sutton,Wiley,2025
B01258,Big Data,Stallings,Oxford,2024
B01259,Algorithms,James,Springer,2024
B01260,Microprocessors,Korth,Pearson,2024
B01261,Deep Learning,James,Oxford,2014
B01262,Java Programming,Tanenbaum,Springer,2019
B01263,Python Programming,Galvin,Wiley,2023
B01264,Cyber Security,James,Pearson,2010
B01265,Computer Networks,Sutton,Pearson,2019
B01266,Machine Learning,Goodfellow,Pearson,2010
B01267,Data Structures,Ross,McGraw Hill,2023
B01268,Data Structures,Silberschatz,Springer,2024
B01269,Algorithms,Ross,Springer,2019
B01270,Java Programming,Galvin,Pearson,2010
B01271,Compiler Design,James,McGraw Hill,2020
B01272,Artificial Intelligence,Sutton,Oxford,2021
B01273,Operating Systems,James,Springer,2014
B01274,Deep Learning,Silberschatz,Springer,2021
B01275,Cyber Security,James,Pearson,2020
B01276,Data Mining,Korth,Pearson,2024
B01277,Artificial Intelligence,Ross,McGraw Hill,2016
B01278,Database Management Systems,Stallings,Pearson,2019
B01279,Discrete Mathematics,Tanenbaum,Wiley,2012
B01280,Big Data,Galvin,Wiley,2018
B01281,Software Engineering,Goodfellow,Pearson,2012
B01282,Microprocessors,Ross,McGraw Hill,2017
B01283,Digital Logic,James,Wiley,2024
B01284,Cyber Security,Korth,Oxford,2022
B01285,Python Programming,Cormen,McGraw Hill,2024
B01286,Computer Networks,Ross,Oxford,2022
B01287,Big Data,Galvin,Pearson,2026
B01288,Operating Systems,Cormen,Wiley,2025
B01289,Data Structures,James,Springer,2014
B01290,Computer Networks,Ross,Oxford,2010
B01291,Microprocessors,Ross,Pearson,2016
B01292,Data Structures,Goodfellow,Pearson,2012
B01293,Cloud Computing,Cormen,McGraw Hill,2010
B01294,Algorithms,Tanenbaum,Springer,2010
B01295,Machine Learning,Tanenbaum,Wiley,2021
B01296,Compiler Design,Goodfellow,McGraw Hill,2023
B01297,Software Engineering,James,Springer,2013
B01298,Discrete Mathematics,Cormen,McGraw Hill,2011
B01299,Cyber Security,Stallings,McGraw Hill,2015
B01300,Python Programming,Tanenbaum,McGraw Hill,2020
B01301,Data Mining,Galvin,McGraw Hill,2016
B01302,Software Engineering,Sutton,Wiley,2011
B01303,Machine Learning,Silberschatz,Wiley,2014
B01304,Microprocessors,Goodfellow,Pearson,2022
B01305,Database Management Systems,Sutton,Pearson,2025
B01306,Cyber Security,Tanenbaum,McGraw Hill,2018
B01307,Discrete Mathematics,Stallings,Oxford,2014
B01308,Artificial Intelligence,Silberschatz,McGraw Hill,2016
B01309,Software Engineering,Korth,Oxford,2015
B01310,Software Engineering,Korth,Wiley,2024
B01311,Machine Learning,Stallings,Wiley,2022
B01312,Data Structures,Cormen,Oxford,2020
B01313,Data Structures,Korth,Pearson,2013
B01314,Digital Logic,Cormen,McGraw Hill,2022
B01315,Digital Logic,Tanenbaum,Wiley,2014
B01316,Discrete Mathematics,Silberschatz,Pearson,2014
B01317,Java Programming,Galvin,Wiley,2017
B01318,Data Structures,Cormen,Oxford,2024
B01319,Microprocessors,Galvin,Wiley,2014
B01320,Deep Learning,Tanenbaum,Oxford,2021
B01321,Python Programming,Ross,Wiley,2019
B01322,Deep Learning,Korth,McGraw Hill,2019
B01323,Compiler Design,Korth,Oxford,2024
B01324,Cyber Security,Sutton,Pearson,2018
B01325,Software Engineering,Goodfellow,Pearson,2025
B01326,Operating Systems,Galvin,Wiley,2011
B01327,Computer Networks,James,Springer,2014
B01328,Machine Learning,Silberschatz,McGraw Hill,2014
B01329,Data Structures,Korth,Springer,2011
B01330,Operating Systems,Stallings,Wiley,2015
B01331,Software Engineering,Goodfellow,McGraw Hill,2015
B01332,Database Management Systems,Tanenbaum,Oxford,2017
B01333,Data Structures,Galvin,Wiley,2017
B01334,Computer Networks,Tanenbaum,Springer,2010
B01335,Artificial Intelligence,Silberschatz,Oxford,2024
B01336,Digital Logic,James,Oxford,2013
B01337,Python Programming,Tanenbaum,Springer,2013
B01338,Python Programming,Cormen,Pearson,2020
B01339,Statistics,Silberschatz,Oxford,2014
B01340,Cloud Computing,Silberschatz,McGraw Hill,2012
B01341,Data Structures,Stallings,Oxford,2026
B01342,Statistics,Tanenbaum,Springer,2026
B01343,Python Programming,Ross,Pearson,2017
B01344,Computer Networks,Galvin,McGraw Hill,2025
B01345,Operating Systems,Tanenbaum,Pearson,2015
B01346,Software Engineering,Tanenbaum,Wiley,2017
B01347,Artificial Intelligence,Sutton,McGraw Hill,2014
B01348,Python Programming,Silberschatz,Pearson,2010
B01349,Discrete Mathematics,Korth,Oxford,2012
B01350,Digital Logic,Korth,Wiley,2020
B01351,Algorithms,Goodfellow,Wiley,2022
B01352,Digital Logic,Silberschatz,Oxford,2024
B01353,Data Mining,Ross,Pearson,2019
B01354,Operating Systems,Cormen,Pearson,2012
B01355,Algorithms,Silberschatz,Oxford,2015
B01356,Machine Learning,Korth,McGraw Hill,2013
B01357,Cyber Security,Tanenbaum,McGraw Hill,2011
B01358,Algorithms,Sutton,Pearson,2020
B01359,Compiler Design,Galvin,Pearson,2022
B01360,Algorithms,Cormen,Pearson,2019
B01361,Java Programming,Goodfellow,Pearson,2014
B01362,Database Management Systems,Goodfellow,Pearson,2011
B01363,Microprocessors,Goodfellow,Pearson,2020
B01364,Database Management Systems,Tanenbaum,Springer,2023
B01365,Machine Learning,Silberschatz,Oxford,2010
B01366,Algorithms,Goodfellow,McGraw Hill,2013
B01367,Digital Logic,Sutton,Pearson,2015
B01368,Algorithms,Galvin,Springer,2017
B01369,Machine Learning,Silberschatz,Springer,2023
B01370,Java Programming,Sutton,McGraw Hill,2012
B01371,Cloud Computing,Cormen,Oxford,2015
B01372,Compiler Design,Sutton,Pearson,2023
B01373,Artificial Intelligence,Ross,Springer,2014
B01374,Microprocessors,Korth,Springer,2023
B01375,Data Mining,Ross,Wiley,2014
B01376,Big Data,Sutton,Pearson,2014
B01377,Big Data,Silberschatz,Wiley,2013
B01378,Data Structures,Stallings,Pearson,2015
B01379,Microprocessors,Galvin,Springer,2012
B01380,Cyber Security,Galvin,McGraw Hill,2020
B01381,Software Engineering,James,Oxford,2025
B01382,Software Engineering,Goodfellow,Pearson,2017
B01383,Algorithms,Tanenbaum,Springer,2018
B01384,Data Mining,Cormen,Wiley,2022
B01385,Compiler Design,Cormen,Wiley,2011
B01386,Algorithms,Korth,Pearson,2018
B01387,Big Data,Goodfellow,McGraw Hill,2019
B01388,Computer Networks,Korth,Pearson,2019
B01389,Big Data,Stallings,Pearson,2016
B01390,Software Engineering,Galvin,Pearson,2022
B01391,Microprocessors,Tanenbaum,Oxford,2019
B01392,Compiler Design,Galvin,Oxford,2016
B01393,Data Mining,Korth,Pearson,2022
B01394,Operating Systems,Tanenbaum,McGraw Hill,2019
B01395,Big Data,Galvin,Springer,2019
B01396,Microprocessors,Silberschatz,Wiley,2015
B01397,Database Management Systems,Sutton,McGraw Hill,2023
B01398,Operating Systems,Cormen,Pearson,2025
B01399,Microprocessors,James,Wiley,2022
B01400,Algorithms,Cormen,Oxford,2017
B01401,Database Management Systems,Silberschatz,Pearson,2023
B01402,Machine Learning,James,Pearson,2014
B01403,Cyber Security,Galvin,McGraw Hill,2019
B01404,Machine Learning,Stallings,Wiley,2010
B01405,Machine Learning,James,Springer,2013
B01406,Operating Systems,Tanenbaum,Pearson,2017
B01407,Cloud Computing,Silberschatz,Oxford,2013
B01408,Data Structures,Korth,Pearson,2018
B01409,Cloud Computing,Galvin,Pearson,2022
B01410,Data Structures,Stallings,Springer,2011
B01411,Python Programming,Ross,McGraw Hill,2016
B01412,Data Mining,Ross,McGraw Hill,2017
B01413,Artificial Intelligence,Ross,Oxford,2012
B01414,Deep Learning,Korth,Springer,2012
B01415,Discrete Mathematics,Goodfellow,Springer,2026
B01416,Artificial Intelligence,Stallings,Pearson,2024
B01417,Data Structures,Silberschatz,McGraw Hill,2019
B01418,Big Data,Cormen,Pearson,2026
B01419,Software Engineering,Korth,Pearson,2017
B01420,Machine Learning,Goodfellow,Springer,2023
B01421,Deep Learning,Cormen,Pearson,2010
B01422,Statistics,Goodfellow,Springer,2011
B01423,Artificial Intelligence,Korth,Pearson,2019
B01424,Microprocessors,Galvin,Wiley,2014
B01425,Big Data,Ross,McGraw Hill,2017
B01426,Big Data,James,Springer,2013
B01427,Machine Learning,Stallings,McGraw Hill,2025
B01428,Python Programming,Stallings,Pearson,2015
B01429,Cyber Security,Sutton,McGraw Hill,2010
B01430,Data Structures,Stallings,Wiley,2014
B01431,Cloud Computing,Goodfellow,Pearson,2013
B01432,Computer Networks,Sutton,McGraw Hill,2021
B01433,Cyber Security,Galvin,Oxford,2014
B01434,Data Mining,Stallings,Pearson,2024
B01435,Digital Logic,Galvin,Oxford,2026
B01436,Discrete Mathematics,Cormen,Pearson,2017
B01437,Artificial Intelligence,Ross,Oxford,2019
B01438,Cyber Security,Sutton,Wiley,2016
B01439,Algorithms,Tanenbaum,Pearson,2024
B01440,Database Management Systems,Tanenbaum,McGraw Hill,2023
B01441,Microprocessors,Tanenbaum,Oxford,2010
B01442,Data Mining,Galvin,Springer,2014
B01443,Cyber Security,Goodfellow,Springer,2018
B01444,Digital Logic,Ross,Oxford,2019
B01445,Operating Systems,James,McGraw Hill,2016
B01446,Computer Networks,Sutton,Springer,2018
B01447,Computer Networks,Galvin,Springer,2026
B01448,Artificial Intelligence,Sutton,Pearson,2020
B01449,Machine Learning,Goodfellow,Wiley,2022
B01450,Software Engineering,Cormen,Pearson,2010
B01451,Computer Networks,Korth,McGraw Hill,2019
B01452,Artificial Intelligence,Stallings,McGraw Hill,2021
B01453,Compiler Design,Galvin,McGraw Hill,2024
B01454,Big Data,Sutton,Springer,2022
B01455,Java Programming,James,Springer,2012
B01456,Data Mining,Korth,Oxford,2012
B01457,Machine Learning,James,Springer,2023
B01458,Python Programming,Ross,McGraw Hill,2012
B01459,Statistics,Goodfellow,Pearson,2011
B01460,Java Programming,Stallings,Pearson,2020
B01461,Software Engineering,Stallings,Pearson,2018
B01462,Computer Networks,Tanenbaum,Wiley,2021
B01463,Microprocessors,Stallings,Wiley,2015
B01464,Microprocessors,Silberschatz,Oxford,2010
B01465,Python Programming,Korth,Wiley,2016
B01466,Cyber Security,Cormen,Wiley,2017
B01467,Digital Logic,James,Pearson,2024
B01468,Compiler Design,Galvin,McGraw Hill,2025
B01469,Data Structures,Cormen,Pearson,2016
B01470,Discrete Mathematics,Stallings,McGraw Hill,2020
B01471,Computer Networks,Sutton,Pearson,2016
B01472,Digital Logic,Sutton,Pearson,2025
B01473,Compiler Design,Korth,Springer,2014
B01474,Computer Networks,Cormen,Wiley,2013
B01475,Software Engineering,Korth,Wiley,2025
B01476,Artificial Intelligence,Ross,Oxford,2023
B01477,Microprocessors,James,Pearson,2017
B01478,Java Programming,Silberschatz,Pearson,2011
B01479,Machine Learning,Galvin,Springer,2023
B01480,Java Programming,Silberschatz,Springer,2013
B01481,Data Structures,James,Wiley,2010
B01482,Java Programming,Tanenbaum,Pearson,2010
B01483,Java Programming,Tanenbaum,Wiley,2020
B01484,Microprocessors,Tanenbaum,Wiley,2024
B01485,Data Structures,Cormen,Wiley,2012
B01486,Computer Networks,Stallings,Springer,2011
B01487,Computer Networks,James,McGraw Hill,2013
B01488,Digital Logic,Stallings,Springer,2024
B01489,Data Mining,James,Oxford,2023
B01490,Big Data,Korth,Pearson,2025
B01491,Microprocessors,Galvin,Oxford,2015
B01492,Python Programming,Sutton,Pearson,2025
B01493,Algorithms,Cormen,Wiley,2021
B01494,Discrete Mathematics,Sutton,Wiley,2012
B01495,Machine Learning,Stallings,Wiley,2015
B01496,Cyber Security,Ross,Springer,2023
B01497,Algorithms,James,Wiley,2017
B01498,Software Engineering,James,Oxford,2017
B01499,Database Management Systems,Ross,Pearson,2011
B01500,Microprocessors,Galvin,Oxford,2025
B01501,Artificial Intelligence,Sutton,Oxford,2026
B01502,Cloud Computing,Sutton,Oxford,2021
B01503,Algorithms,Ross,McGraw Hill,2026
B01504,Big Data,Stallings,Wiley,2024
B01505,Discrete Mathematics,James,Oxford,2020
B01506,Deep Learning,Silberschatz,Oxford,2014
B01507,Machine Learning,Galvin,Pearson,2015
B01508,Cyber Security,Tanenbaum,Wiley,2024
B01509,Cyber Security,Stallings,Oxford,2021
B01510,Digital Logic,Silberschatz,Pearson,2014
B01511,Cyber Security,Silberschatz,Pearson,2018
B01512,Database Management Systems,Cormen,Springer,2014
B01513,Statistics,Galvin,Wiley,2012
B01514,Big Data,Korth,McGraw Hill,2023
B01515,Deep Learning,Stallings,Oxford,2010
B01516,Python Programming,Stallings,Oxford,2012
B01517,Algorithms,Stallings,McGraw Hill,2018
B01518,Cyber Security,Galvin,Wiley,2013
B01519,Discrete Mathematics,Goodfellow,Springer,2014
B01520,Deep Learning,Korth,McGraw Hill,2015
B01521,Cyber Security,Korth,Oxford,2016
B01522,Software Engineering,Ross,McGraw Hill,2020
B01523,Cyber Security,Stallings,Oxford,2026
B01524,Discrete Mathematics,Tanenbaum,Pearson,2019
B01525,Data Structures,Silberschatz,Pearson,2024
B01526,Algorithms,Tanenbaum,Oxford,2011
B01527,Machine Learning,Stallings,Wiley,2025
B01528,Java Programming,Ross,Pearson,2025
B01529,Big Data,Ross,Oxford,2016
B01530,Big Data,Stallings,McGraw Hill,2017
B01531,Microprocessors,Stallings,Wiley,2019
B01532,Cyber Security,Tanenbaum,Pearson,2014
B01533,Cyber Security,Korth,Pearson,2011
B01534,Microprocessors,Goodfellow,McGraw Hill,2011
B01535,Java Programming,Tanenbaum,Wiley,2012
B01536,Machine Learning,Silberschatz,McGraw Hill,2020
B01537,Algorithms,Silberschatz,Oxford,2022
B01538,Python Programming,Galvin,Oxford,2024
B01539,Microprocessors,Stallings,Springer,2021
B01540,Cloud Computing,Goodfellow,McGraw Hill,2014
B01541,Digital Logic,Silberschatz,Oxford,2026
B01542,Digital Logic,Silberschatz,Wiley,2021
B01543,Artificial Intelligence,Galvin,Pearson,2024
B01544,Data Mining,Ross,Springer,2014
B01545,Operating Systems,Goodfellow,Pearson,2010
B01546,Software Engineering,Tanenbaum,McGraw Hill,2018
B01547,Algorithms,Silberschatz,Wiley,2023
B01548,Database Management Systems,Sutton,Springer,2016
B01549,Python Programming,Ross,Pearson,2017
B01550,Data Mining,Goodfellow,Wiley,2021
B01551,Artificial Intelligence,Goodfellow,Springer,2024
B01552,Microprocessors,James,Wiley,2012
B01553,Deep Learning,Goodfellow,Pearson,2018
B01554,Microprocessors,Stallings,Springer,2015
B01555,Python Programming,Ross,Springer,2011
B01556,Machine Learning,Goodfellow,Wiley,2014
B01557,Cloud Computing,Silberschatz,Wiley,2022
B01558,Discrete Mathematics,Ross,Springer,2012
B01559,Digital Logic,Tanenbaum,Wiley,2026
B01560,Cloud Computing,Silberschatz,McGraw Hill,2015
B01561,Digital Logic,Cormen,Pearson,2021
B01562,Algorithms,Goodfellow,McGraw Hill,2014
B01563,Cyber Security,Galvin,McGraw Hill,2025
B01564,Statistics,Silberschatz,McGraw Hill,2018
B01565,Microprocessors,Goodfellow,Oxford,2016
B01566,Data Mining,Goodfellow,McGraw Hill,2011
B01567,Java Programming,James,Oxford,2024
B01568,Machine Learning,Korth,Pearson,2018
B01569,Python Programming,Galvin,Oxford,2015
B01570,Machine Learning,Sutton,Pearson,2010
B01571,Data Structures,Galvin,Pearson,2014
B01572,Statistics,Cormen,Pearson,2024
B01573,Database Management Systems,Silberschatz,Pearson,2022
B01574,Compiler Design,Goodfellow,Springer,2012
B01575,Database Management Systems,Tanenbaum,McGraw Hill,2025
B01576,Big Data,Goodfellow,Pearson,2010
B01577,Cyber Security,Tanenbaum,Wiley,2023
B01578,Computer Networks,Stallings,Pearson,2020
B01579,Discrete Mathematics,Silberschatz,Oxford,2013
B01580,Microprocessors,Sutton,Pearson,2021
B01581,Data Mining,Galvin,Springer,2023
B01582,Data Structures,Tanenbaum,McGraw Hill,2014
B01583,Cloud Computing,Sutton,Pearson,2012
B01584,Database Management Systems,Ross,Wiley,2020
B01585,Software Engineering,James,Wiley,2017
B01586,Python Programming,Ross,McGraw Hill,2024
B01587,Software Engineering,Goodfellow,Pearson,2012
B01588,Compiler Design,Goodfellow,Wiley,2018
B01589,Discrete Mathematics,Stallings,Springer,2024
B01590,Discrete Mathematics,James,McGraw Hill,2023
B01591,Algorithms,Galvin,Pearson,2024
B01592,Python Programming,Goodfellow,Pearson,2017
B01593,Discrete Mathematics,Stallings,Pearson,2014
B01594,Data Structures,Galvin,Wiley,2010
B01595,Microprocessors,Silberschatz,Springer,2025
B01596,Artificial Intelligence,Sutton,Wiley,2010
B01597,Microprocessors,Galvin,Springer,2019
B01598,Big Data,Korth,Pearson,2011
B01599,Algorithms,Cormen,McGraw Hill,2013
B01600,Digital Logic,Stallings,Pearson,2013
B01601,Machine Learning,Ross,Pearson,2012
B01602,Python Programming,Cormen,Oxford,2024
B01603,Python Programming,Silberschatz,Springer,2024
B01604,Data Mining,Cormen,Springer,2019
B01605,Java Programming,Silberschatz,Wiley,2020
B01606,Python Programming,Goodfellow,Pearson,2025
B01607,Big Data,Sutton,Springer,2021
B01608,Deep Learning,Galvin,Pearson,2016
B01609,Database Management Systems,Ross,Springer,2025
B01610,Operating Systems,Goodfellow,Springer,2010
B01611,Big Data,Stallings,Wiley,2023
B01612,Software Engineering,Silberschatz,Pearson,2011
B01613,Python Programming,James,Wiley,2025
B01614,Python Programming,Silberschatz,Pearson,2013
B01615,Algorithms,Ross,McGraw Hill,2020
B01616,Cloud Computing,Ross,McGraw Hill,2012
B01617,Microprocessors,Korth,Wiley,2020
B01618,Python Programming,Korth,Wiley,2013
B01619,Cyber Security,Silberschatz,Springer,2020
B01620,Cloud Computing,Silberschatz,Oxford,2025
B01621,Algorithms,Stallings,Oxford,2024
B01622,Statistics,Tanenbaum,Springer,2016
B01623,Statistics,Goodfellow,Springer,2015
B01624,Statistics,Galvin,McGraw Hill,2017
B01625,Operating Systems,James,McGraw Hill,2025
B01626,Software Engineering,Galvin,McGraw Hill,2012
B01627,Python Programming,Galvin,Pearson,2014
B01628,Big Data,Goodfellow,Pearson,2011
B01629,Data Structures,Silberschatz,Springer,2022
B01630,Discrete Mathematics,Cormen,Springer,2010
B01631,Compiler Design,Galvin,Wiley,2016
B01632,Deep Learning,Ross,Springer,2025
B01633,Cloud Computing,Silberschatz,McGraw Hill,2022
B01634,Compiler Design,Silberschatz,Pearson,2021
B01635,Compiler Design,Silberschatz,Springer,2012
B01636,Algorithms,Silberschatz,Pearson,2023
B01637,Database Management Systems,James,Oxford,2014
B01638,Discrete Mathematics,Korth,Wiley,2023
B01639,Compiler Design,Cormen,Wiley,2021
B01640,Computer Networks,Sutton,Oxford,2021
B01641,Artificial Intelligence,Stallings,Springer,2017
B01642,Algorithms,Tanenbaum,McGraw Hill,2023
B01643,Statistics,Ross,Pearson,2015
B01644,Microprocessors,Stallings,Pearson,2023
B01645,Digital Logic,Ross,Oxford,2023
B01646,Algorithms,Goodfellow,Springer,2010
B01647,Artificial Intelligence,Tanenbaum,McGraw Hill,2012
B01648,Deep Learning,Silberschatz,McGraw Hill,2013
B01649,Statistics,Silberschatz,McGraw Hill,2017
B01650,Deep Learning,Ross,Wiley,2013
B01651,Discrete Mathematics,Stallings,Oxford,2021
B01652,Software Engineering,Sutton,Wiley,2015
B01653,Software Engineering,Stallings,McGraw Hill,2026
B01654,Operating Systems,Stallings,McGraw Hill,2017
B01655,Algorithms,Tanenbaum,Pearson,2020
B01656,Machine Learning,Cormen,Oxford,2011
B01657,Database Management Systems,Stallings,Pearson,2023
B01658,Discrete Mathematics,Stallings,McGraw Hill,2019
B01659,Big Data,Sutton,Oxford,2019
B01660,Compiler Design,James,Springer,2023
B01661,Cyber Security,Sutton,Springer,2026
B01662,Discrete Mathematics,Ross,Pearson,2014
B01663,Java Programming,Stallings,McGraw Hill,2010
B01664,Database Management Systems,Sutton,McGraw Hill,2020
B01665,Digital Logic,Cormen,Springer,2015
B01666,Deep Learning,Stallings,Springer,2021
B01667,Digital Logic,Tanenbaum,Pearson,2010
B01668,Algorithms,Ross,Springer,2011
B01669,Cloud Computing,James,Oxford,2019
B01670,Operating Systems,Korth,Pearson,2012
B01671,Cloud Computing,James,Wiley,2012
B01672,Artificial Intelligence,Galvin,Pearson,2026
B01673,Artificial Intelligence,Korth,Pearson,2025
B01674,Database Management Systems,Tanenbaum,Wiley,2015
B01675,Data Structures,Tanenbaum,McGraw Hill,2020
B01676,Software Engineering,Korth,Wiley,2017
B01677,Artificial Intelligence,Goodfellow,Springer,2010
B01678,Data Structures,James,McGraw Hill,2026
B01679,Cyber Security,Ross,Oxford,2015
B01680,Deep Learning,Korth,Springer,2017
B01681,Artificial Intelligence,Tanenbaum,Pearson,2015
B01682,Data Mining,Sutton,Wiley,2020
B01683,Python Programming,Ross,Wiley,2019
B01684,Operating Systems,Silberschatz,Springer,2018
B01685,Data Structures,Tanenbaum,Wiley,2024
B01686,Deep Learning,Stallings,Wiley,2022
B01687,Artificial Intelligence,Silberschatz,Springer,2022
B01688,Microprocessors,Stallings,Oxford,2023
B01689,Computer Networks,James,Springer,2021
B01690,Cyber Security,Tanenbaum,Pearson,2025
B01691,Statistics,Galvin,Springer,2019
B01692,Data Mining,Cormen,Springer,2023
B01693,Data Mining,James,McGraw Hill,2015
B01694,Deep Learning,Ross,Pearson,2023
B01695,Operating Systems,Silberschatz,Pearson,2018
B01696,Data Structures,Stallings,McGraw Hill,2023
B01697,Data Structures,Galvin,Pearson,2021
B01698,Machine Learning,Silberschatz,McGraw Hill,2024
B01699,Artificial Intelligence,Galvin,Oxford,2018
B01700,Computer Networks,Stallings,Springer,2024
B01701,Deep Learning,Silberschatz,Wiley,2014
B01702,Microprocessors,Sutton,Wiley,2021
B01703,Deep Learning,Korth,Wiley,2010
B01704,Algorithms,Tanenbaum,Pearson,2017
B01705,Java Programming,Tanenbaum,Oxford,2011
B01706,Artificial Intelligence,Tanenbaum,Wiley,2014
B01707,Data Mining,Sutton,Pearson,2020
B01708,Artificial Intelligence,Stallings,Wiley,2015
B01709,Big Data,Cormen,Pearson,2019
B01710,Compiler Design,James,Pearson,2022
B01711,Big Data,Tanenbaum,Wiley,2021
B01712,Python Programming,Korth,Oxford,2024
B01713,Operating Systems,James,McGraw Hill,2017
B01714,Data Mining,Sutton,McGraw Hill,2012
B01715,Data Mining,Cormen,Springer,2025
B01716,Software Engineering,Sutton,Wiley,2014
B01717,Data Mining,Sutton,Springer,2016
B01718,Deep Learning,Cormen,Pearson,2021
B01719,Compiler Design,Galvin,Springer,2023
B01720,Deep Learning,Cormen,Pearson,2012
B01721,Data Mining,Galvin,Springer,2021
B01722,Compiler Design,Stallings,Wiley,2019
B01723,Computer Networks,James,Pearson,2013
B01724,Machine Learning,James,Oxford,2020
B01725,Java Programming,Tanenbaum,Pearson,2010
B01726,Cyber Security,Ross,Springer,2021
B01727,Machine Learning,Ross,Oxford,2012
B01728,Software Engineering,Ross,Pearson,2024
B01729,Cloud Computing,Ross,Wiley,2011
B01730,Cyber Security,Stallings,Springer,2012
B01731,Data Mining,Cormen,Springer,2016
B01732,Statistics,Korth,Wiley,2025
B01733,Discrete Mathematics,Galvin,McGraw Hill,2015
B01734,Big Data,Korth,Springer,2019
B01735,Cyber Security,Silberschatz,Pearson,2026
B01736,Deep Learning,Cormen,Springer,2022
B01737,Deep Learning,Sutton,Oxford,2011
B01738,Database Management Systems,Sutton,Springer,2026
B01739,Digital Logic,Tanenbaum,Oxford,2017
B01740,Machine Learning,Goodfellow,Oxford,2013
B01741,Discrete Mathematics,Sutton,Pearson,2022
B01742,Discrete Mathematics,Ross,Oxford,2019
B01743,Python Programming,Tanenbaum,Springer,2018
B01744,Discrete Mathematics,Cormen,Pearson,2015
B01745,Operating Systems,Tanenbaum,Springer,2025
B01746,Data Mining,Tanenbaum,Pearson,2016
B01747,Statistics,Ross,Pearson,2020
B01748,Artificial Intelligence,Cormen,Wiley,2011
B01749,Big Data,Sutton,Oxford,2017
B01750,Digital Logic,Tanenbaum,Wiley,2022
B01751,Statistics,Korth,Pearson,2012
B01752,Data Mining,Tanenbaum,Wiley,2025
B01753,Software Engineering,Cormen,Springer,2018
B01754,Digital Logic,Korth,Wiley,2018
B01755,Discrete Mathematics,Cormen,Oxford,2010
B01756,Database Management Systems,James,Springer,2012
B01757,Statistics,Korth,Oxford,2022
B01758,Database Management Systems,Galvin,Oxford,2024
B01759,Machine Learning,Stallings,Springer,2022
B01760,Operating Systems,James,McGraw Hill,2015
B01761,Operating Systems,Goodfellow,Springer,2022
B01762,Data Structures,Stallings,Wiley,2022
B01763,Deep Learning,Stallings,Wiley,2023
B01764,Cloud Computing,James,Oxford,2014
B01765,Operating Systems,James,Oxford,2023
B01766,Data Structures,Stallings,Oxford,2020
B01767,Big Data,James,Oxford,2010
B01768,Big Data,Cormen,Wiley,2022
B01769,Microprocessors,Ross,Pearson,2020
B01770,Database Management Systems,Cormen,Wiley,2021
B01771,Algorithms,Cormen,McGraw Hill,2014
B01772,Machine Learning,Ross,Oxford,2025
B01773,Software Engineering,Korth,McGraw Hill,2016
B01774,Python Programming,Sutton,Oxford,2024
B01775,Digital Logic,Korth,Pearson,2023
B01776,Deep Learning,James,McGraw Hill,2021
B01777,Java Programming,Tanenbaum,Springer,2020
B01778,Python Programming,Galvin,Wiley,2024
B01779,Cloud Computing,Cormen,Oxford,2017
B01780,Operating Systems,Ross,Oxford,2017
B01781,Cyber Security,Sutton,Pearson,2013
B01782,Python Programming,Galvin,Oxford,2016
B01783,Digital Logic,Sutton,Oxford,2013
B01784,Software Engineering,Korth,Springer,2026
B01785,Java Programming,Galvin,Pearson,2016
B01786,Cyber Security,Cormen,Wiley,2022
B01787,Cyber Security,Stallings,Pearson,2014
B01788,Python Programming,Sutton,Oxford,2019
B01789,Operating Systems,Ross,McGraw Hill,2013
B01790,Data Mining,Galvin,Oxford,2025
B01791,Cyber Security,James,Wiley,2010
B01792,Operating Systems,Korth,Oxford,2010
B01793,Java Programming,Goodfellow,Pearson,2023
B01794,Python Programming,Ross,Wiley,2025
B01795,Statistics,Korth,Pearson,2022
B01796,Computer Networks,Tanenbaum,Springer,2015
B01797,Microprocessors,Galvin,McGraw Hill,2025
B01798,Cloud Computing,Silberschatz,Springer,2014
B01799,Java Programming,Sutton,Oxford,2022
B01800,Operating Systems,James,Pearson,2020
B01801,Statistics,Stallings,Wiley,2010
B01802,Computer Networks,Sutton,Pearson,2017
B01803,Python Programming,Stallings,McGraw Hill,2014
B01804,Data Mining,Sutton,Pearson,2024
B01805,Data Mining,Korth,McGraw Hill,2018
B01806,Python Programming,Cormen,Springer,2012
B01807,Python Programming,Stallings,Wiley,2015
B01808,Database Management Systems,Korth,Pearson,2019
B01809,Software Engineering,Ross,McGraw Hill,2019
B01810,Digital Logic,Galvin,Pearson,2018
B01811,Data Structures,Goodfellow,Pearson,2017
B01812,Database Management Systems,Goodfellow,Pearson,2019
B01813,Statistics,Stallings,Oxford,2019
B01814,Big Data,Stallings,Pearson,2017
B01815,Big Data,Sutton,Wiley,2011
B01816,Compiler Design,Ross,Wiley,2015
B01817,Cloud Computing,Tanenbaum,Pearson,2017
B01818,Deep Learning,Cormen,McGraw Hill,2017
B01819,Data Structures,Sutton,Springer,2017
B01820,Data Mining,Tanenbaum,Wiley,2018
B01821,Cyber Security,Galvin,Springer,2019
B01822,Data Structures,Tanenbaum,Wiley,2015
B01823,Operating Systems,Korth,McGraw Hill,2024
B01824,Algorithms,Ross,Oxford,2026
B01825,Microprocessors,Korth,Wiley,2016
B01826,Artificial Intelligence,Ross,Springer,2020
B01827,Artificial Intelligence,Ross,McGraw Hill,2020
B01828,Discrete Mathematics,Tanenbaum,Pearson,2026
B01829,Data Structures,Goodfellow,McGraw Hill,2022
B01830,Cyber Security,Silberschatz,Pearson,2022
B01831,Statistics,Galvin,Oxford,2026
B01832,Statistics,Stallings,McGraw Hill,2019
B01833,Java Programming,James,Oxford,2011
B01834,Java Programming,Galvin,Springer,2019
B01835,Microprocessors,Ross,Springer,2013
B01836,Discrete Mathematics,Silberschatz,McGraw Hill,2013
B01837,Software Engineering,James,Springer,2017
B01838,Cyber Security,James,Wiley,2018
B01839,Microprocessors,Cormen,Oxford,2023
B01840,Java Programming,Korth,Springer,2020
B01841,Deep Learning,Silberschatz,Pearson,2010
B01842,Java Programming,Silberschatz,McGraw Hill,2013
B01843,Compiler Design,Korth,McGraw Hill,2026
B01844,Microprocessors,Sutton,Pearson,2021
B01845,Compiler Design,Silberschatz,McGraw Hill,2020
B01846,Java Programming,James,Wiley,2019
B01847,Digital Logic,Stallings,Pearson,2021
B01848,Data Mining,Galvin,Pearson,2025
B01849,Cyber Security,Korth,McGraw Hill,2022
B01850,Cyber Security,Silberschatz,Springer,2023
B01851,Microprocessors,Silberschatz,Wiley,2026
B01852,Machine Learning,Stallings,Springer,2013
B01853,Python Programming,Korth,Springer,2023
B01854,Big Data,Tanenbaum,Oxford,2010
B01855,Statistics,Ross,Wiley,2017
B01856,Artificial Intelligence,Tanenbaum,Oxford,2020
B01857,Compiler Design,Ross,McGraw Hill,2021
B01858,Digital Logic,Galvin,Wiley,2019
B01859,Operating Systems,Cormen,McGraw Hill,2017
B01860,Compiler Design,Tanenbaum,Springer,2018
B01861,Python Programming,Sutton,Oxford,2011
B01862,Data Mining,Galvin,Wiley,2023
B01863,Big Data,Tanenbaum,Oxford,2014
B01864,Digital Logic,Galvin,Pearson,2012
B01865,Java Programming,Goodfellow,Pearson,2015
B01866,Python Programming,Sutton,Wiley,2025
B01867,Microprocessors,Galvin,Wiley,2012
B01868,Compiler Design,Galvin,McGraw Hill,2019
B01869,Python Programming,Sutton,Springer,2023
B01870,Artificial Intelligence,Goodfellow,McGraw Hill,2020
B01871,Deep Learning,Silberschatz,Wiley,2020
B01872,Statistics,Silberschatz,Pearson,2017
B01873,Data Structures,Galvin,Springer,2025
B01874,Deep Learning,Cormen,Springer,2023
B01875,Cyber Security,Korth,Springer,2017
B01876,Artificial Intelligence,James,Oxford,2017
B01877,Software Engineering,Sutton,Oxford,2024
B01878,Statistics,Korth,Wiley,2024
B01879,Data Structures,Sutton,Oxford,2024
B01880,Artificial Intelligence,Goodfellow,Pearson,2017
B01881,Python Programming,Galvin,Wiley,2013
B01882,Microprocessors,Korth,Oxford,2014
B01883,Statistics,Cormen,Springer,2022
B01884,Big Data,Goodfellow,Oxford,2021
B01885,Cyber Security,Sutton,Oxford,2024
B01886,Software Engineering,Tanenbaum,Pearson,2011
B01887,Artificial Intelligence,Ross,Springer,2018
B01888,Data Structures,Ross,Oxford,2012
B01889,Discrete Mathematics,Stallings,Wiley,2018
B01890,Software Engineering,Galvin,Oxford,2023
B01891,Deep Learning,Stallings,Springer,2017
B01892,Computer Networks,James,Wiley,2014
B01893,Cloud Computing,Korth,Springer,2019
B01894,Microprocessors,Ross,McGraw Hill,2026
B01895,Software Engineering,Korth,Oxford,2019
B01896,Machine Learning,Ross,Oxford,2012
B01897,Discrete Mathematics,Ross,Springer,2026
B01898,Artificial Intelligence,Cormen,Springer,2013
B01899,Microprocessors,Silberschatz,Wiley,2012
B01900,Algorithms,Sutton,Wiley,2024
B01901,Digital Logic,Ross,Springer,2014
B01902,Statistics,Stallings,McGraw Hill,2014
B01903,Software Engineering,Silberschatz,Wiley,2020
B01904,Statistics,Ross,Wiley,2020
B01905,Java Programming,Galvin,Wiley,2018
B01906,Data Structures,Cormen,Oxford,2022
B01907,Statistics,Tanenbaum,Wiley,2012
B01908,Digital Logic,Sutton,Pearson,2021
B01909,Software Engineering,Silberschatz,Wiley,2021
B01910,Algorithms,Goodfellow,Pearson,2017
B01911,Microprocessors,Korth,Wiley,2016
B01912,Algorithms,Silberschatz,Oxford,2024
B01913,Machine Learning,Ross,Springer,2018
B01914,Software Engineering,Cormen,Wiley,2022
B01915,Microprocessors,Cormen,Oxford,2010
B01916,Compiler Design,Korth,Wiley,2013
B01917,Machine Learning,Korth,Pearson,2017
B01918,Discrete Mathematics,Tanenbaum,McGraw Hill,2014
B01919,Software Engineering,Cormen,Oxford,2012
B01920,Artificial Intelligence,Korth,Oxford,2022
B01921,Cloud Computing,Goodfellow,Springer,2015
B01922,Machine Learning,Goodfellow,Wiley,2014
B01923,Software Engineering,Korth,Pearson,2012
B01924,Statistics,Goodfellow,Pearson,2018
B01925,Database Management Systems,Cormen,Oxford,2015
B01926,Computer Networks,Korth,Springer,2017
B01927,Algorithms,Sutton,Oxford,2020
B01928,Microprocessors,Silberschatz,McGraw Hill,2010
B01929,Deep Learning,Galvin,Oxford,2018
B01930,Data Structures,Sutton,Springer,2017
B01931,Machine Learning,Galvin,Springer,2010
B01932,Compiler Design,Ross,McGraw Hill,2023
B01933,Deep Learning,Goodfellow,Oxford,2015
B01934,Discrete Mathematics,Cormen,Pearson,2024
B01935,Database Management Systems,Galvin,Oxford,2014
B01936,Machine Learning,Korth,Wiley,2014
B01937,Cyber Security,Stallings,Pearson,2015
B01938,Microprocessors,Silberschatz,Wiley,2024
B01939,Software Engineering,Cormen,Springer,2025
B01940,Big Data,Galvin,Springer,2017
B01941,Artificial Intelligence,Tanenbaum,Wiley,2014
B01942,Discrete Mathematics,Stallings,Wiley,2011
B01943,Cloud Computing,Korth,Oxford,2023
B01944,Data Structures,Galvin,Wiley,2025
B01945,Compiler Design,Stallings,Springer,2019
B01946,Digital Logic,Korth,Oxford,2024
B01947,Data Structures,Galvin,Wiley,2025
B01948,Java Programming,Galvin,Wiley,2014
B01949,Data Mining,Korth,Wiley,2019
B01950,Java Programming,Korth,Pearson,2023
B01951,Artificial Intelligence,Ross,Pearson,2024
B01952,Digital Logic,Ross,Oxford,2010
B01953,Algorithms,Sutton,Wiley,2022
B01954,Digital Logic,Tanenbaum,Oxford,2013
B01955,Microprocessors,Galvin,Springer,2017
B01956,Computer Networks,Galvin,Oxford,2010
B01957,Operating Systems,Silberschatz,McGraw Hill,2012
B01958,Machine Learning,Sutton,Wiley,2014
B01959,Discrete Mathematics,James,McGraw Hill,2022
B01960,Data Structures,Galvin,Pearson,2010
B01961,Machine Learning,Korth,McGraw Hill,2026
B01962,Data Structures,Sutton,Springer,2016
B01963,Java Programming,Korth,Pearson,2024
B01964,Operating Systems,James,Pearson,2015
B01965,Machine Learning,Tanenbaum,Wiley,2020
B01966,Java Programming,Galvin,Pearson,2018
B01967,Data Structures,Silberschatz,Wiley,2021
B01968,Database Management Systems,Silberschatz,Wiley,2022
B01969,Statistics,Goodfellow,McGraw Hill,2023
B01970,Computer Networks,Tanenbaum,Wiley,2023
B01971,Computer Networks,Silberschatz,Pearson,2014
B01972,Artificial Intelligence,Galvin,Oxford,2013
B01973,Operating Systems,Cormen,Pearson,2023
B01974,Operating Systems,Korth,Oxford,2011
B01975,Algorithms,Korth,Springer,2025
B01976,Software Engineering,Goodfellow,Wiley,2016
B01977,Operating Systems,Galvin,Springer,2024
B01978,Java Programming,Korth,McGraw Hill,2023
B01979,Python Programming,Galvin,Wiley,2022
B01980,Operating Systems,Ross,Oxford,2016
B01981,Digital Logic,Goodfellow,Wiley,2012
B01982,Microprocessors,Sutton,McGraw Hill,2015
B01983,Cyber Security,James,Pearson,2010
B01984,Cloud Computing,Stallings,Wiley,2016
B01985,Data Mining,Sutton,Oxford,2021
B01986,Computer Networks,James,Wiley,2018
B01987,Operating Systems,Tanenbaum,Springer,2025
B01988,Machine Learning,Sutton,Pearson,2023
B01989,Statistics,Korth,Wiley,2019
B01990,Microprocessors,Cormen,Oxford,2012
B01991,Database Management Systems,Ross,Springer,2013
B01992,Compiler Design,Goodfellow,Springer,2014
B01993,Machine Learning,Silberschatz,Oxford,2025
B01994,Java Programming,Sutton,Pearson,2016
B01995,Database Management Systems,Ross,Wiley,2015
B01996,Database Management Systems,Sutton,Pearson,2014
B01997,Discrete Mathematics,Ross,Springer,2012
B01998,Statistics,Sutton,Pearson,2012
B01999,Algorithms,Cormen,Pearson,2014
B02000,Microprocessors,Galvin,McGraw Hill,2017
B02001,Digital Logic,Silberschatz,McGraw Hill,2014
B02002,Statistics,Goodfellow,McGraw Hill,2013
B02003,Data Structures,Cormen,Oxford,2020
B02004,Digital Logic,James,Springer,2025
B02005,Digital Logic,Galvin,Wiley,2016
B02006,Discrete Mathematics,Silberschatz,Springer,2015
B02007,Machine Learning,James,Pearson,2023
B02008,Digital Logic,Tanenbaum,McGraw Hill,2025
B02009,Artificial Intelligence,Ross,Pearson,2013
B02010,Artificial Intelligence,Goodfellow,Pearson,2015
B02011,Artificial Intelligence,Cormen,Pearson,2026
B02012,Computer Networks,Silberschatz,Springer,2021
B02013,Computer Networks,Sutton,McGraw Hill,2012
B02014,Big Data,Ross,McGraw Hill,2015
B02015,Data Mining,Tanenbaum,McGraw Hill,2013
B02016,Digital Logic,Sutton,Springer,2013
B02017,Discrete Mathematics,Stallings,McGraw Hill,2018
B02018,Database Management Systems,Silberschatz,Pearson,2020
B02019,Cyber Security,Ross,Oxford,2020
B02020,Software Engineering,Stallings,Oxford,2017
B02021,Python Programming,Goodfellow,Wiley,2020
B02022,Software Engineering,Cormen,Springer,2013
B02023,Data Structures,Galvin,Springer,2024
B02024,Artificial Intelligence,Goodfellow,McGraw Hill,2017
B02025,Machine Learning,Silberschatz,Springer,2015
B02026,Operating Systems,James,Oxford,2018
B02027,Cyber Security,Sutton,Springer,2022
B02028,Cyber Security,Ross,McGraw Hill,2013
B02029,Artificial Intelligence,Tanenbaum,Springer,2011
B02030,Machine Learning,Ross,Springer,2018
B02031,Operating Systems,James,McGraw Hill,2019
B02032,Algorithms,James,Pearson,2020
B02033,Microprocessors,Silberschatz,Pearson,2019
B02034,Python Programming,Galvin,Pearson,2015
B02035,Discrete Mathematics,Galvin,McGraw Hill,2015
B02036,Operating Systems,Stallings,Pearson,2014
B02037,Microprocessors,Goodfellow,Wiley,2013
B02038,Cloud Computing,Tanenbaum,Oxford,2022
B02039,Software Engineering,Galvin,Springer,2012
B02040,Data Structures,Galvin,Wiley,2017
B02041,Microprocessors,Goodfellow,Springer,2015
B02042,Artificial Intelligence,Tanenbaum,Oxford,2015
B02043,Compiler Design,Sutton,Wiley,2025
B02044,Cyber Security,Goodfellow,Springer,2011
B02045,Software Engineering,Stallings,McGraw Hill,2010
B02046,Artificial Intelligence,Stallings,Oxford,2022
B02047,Big Data,James,Oxford,2018
B02048,Machine Learning,Korth,Springer,2011
B02049,Artificial Intelligence,Sutton,Oxford,2024
B02050,Database Management Systems,James,Pearson,2013
B02051,Digital Logic,James,Oxford,2012
B02052,Software Engineering,Silberschatz,Springer,2011
B02053,Artificial Intelligence,Stallings,Oxford,2017
B02054,Algorithms,Silberschatz,Oxford,2026
B02055,Data Mining,Sutton,Pearson,2011
B02056,Big Data,Galvin,Springer,2017
B02057,Statistics,Korth,Pearson,2019
B02058,Data Mining,Cormen,McGraw Hill,2024
B02059,Database Management Systems,Korth,Wiley,2015
B02060,Data Mining,Silberschatz,Wiley,2018
B02061,Data Structures,Korth,Springer,2015
B02062,Discrete Mathematics,Sutton,Wiley,2010
B02063,Deep Learning,Goodfellow,Oxford,2024
B02064,Operating Systems,Sutton,Springer,2022
B02065,Deep Learning,Cormen,McGraw Hill,2018
B02066,Statistics,James,Pearson,2011
B02067,Compiler Design,Ross,McGraw Hill,2014
B02068,Machine Learning,Tanenbaum,Wiley,2011
B02069,Digital Logic,Tanenbaum,Pearson,2018
B02070,Software Engineering,Sutton,Wiley,2025
B02071,Database Management Systems,Silberschatz,Oxford,2022
B02072,Big Data,Tanenbaum,Springer,2019
B02073,Python Programming,Goodfellow,Pearson,2014
B02074,Python Programming,Cormen,Springer,2020
B02075,Data Mining,Ross,Pearson,2011
B02076,Compiler Design,Goodfellow,Springer,2025
B02077,Cloud Computing,Silberschatz,Oxford,2011
B02078,Algorithms,Sutton,Springer,2019
B02079,Machine Learning,Korth,Wiley,2014
B02080,Computer Networks,Tanenbaum,McGraw Hill,2024
B02081,Data Mining,Silberschatz,Wiley,2012
B02082,Data Structures,Korth,Springer,2024
B02083,Data Mining,Tanenbaum,Wiley,2023
B02084,Data Structures,Korth,Pearson,2015
B02085,Algorithms,Korth,Pearson,2013
B02086,Data Mining,Goodfellow,Springer,2019
B02087,Cloud Computing,Goodfellow,Springer,2014
B02088,Big Data,Korth,Pearson,2018
B02089,Java Programming,Korth,McGraw Hill,2012
B02090,Compiler Design,Korth,Springer,2020
B02091,Algorithms,Korth,McGraw Hill,2010
B02092,Data Mining,Ross,McGraw Hill,2022
B02093,Data Mining,Galvin,Wiley,2026
B02094,Artificial Intelligence,Goodfellow,Oxford,2026
B02095,Cyber Security,Cormen,Oxford,2012
B02096,Machine Learning,Stallings,Springer,2026
B02097,Algorithms,Tanenbaum,Pearson,2013
B02098,Artificial Intelligence,James,McGraw Hill,2015
B02099,Algorithms,Cormen,Oxford,2021
B02100,Python Programming,Sutton,Pearson,2010
B02101,Discrete Mathematics,Silberschatz,Wiley,2021
B02102,Java Programming,Cormen,Springer,2021
B02103,Database Management Systems,Korth,Oxford,2011
B02104,Compiler Design,Silberschatz,McGraw Hill,2020
B02105,Deep Learning,Stallings,Springer,2014
B02106,Digital Logic,Ross,Oxford,2020
B02107,Data Structures,Korth,Pearson,2013
B02108,Deep Learning,Silberschatz,McGraw Hill,2019
B02109,Big Data,Goodfellow,Oxford,2010
B02110,Python Programming,James,Springer,2010
B02111,Artificial Intelligence,Tanenbaum,Wiley,2015
B02112,Machine Learning,Sutton,McGraw Hill,2024
B02113,Algorithms,James,Pearson,2011
B02114,Discrete Mathematics,Galvin,Pearson,2026
B02115,Deep Learning,Galvin,McGraw Hill,2024
B02116,Software Engineering,Sutton,Oxford,2026
B02117,Microprocessors,Korth,Oxford,2025
B02118,Java Programming,Silberschatz,McGraw Hill,2024
B02119,Statistics,Goodfellow,Wiley,2024
B02120,Java Programming,Korth,Springer,2023
B02121,Python Programming,Korth,Pearson,2016
B02122,Machine Learning,Goodfellow,Wiley,2024
B02123,Discrete Mathematics,Tanenbaum,Springer,2026
B02124,Discrete Mathematics,Korth,Wiley,2025
B02125,Computer Networks,Cormen,Wiley,2015
B02126,Machine Learning,James,Springer,2015
B02127,Compiler Design,Ross,Wiley,2016
B02128,Operating Systems,Tanenbaum,Springer,2024
B02129,Compiler Design,Tanenbaum,Springer,2011
B02130,Big Data,Galvin,McGraw Hill,2015
B02131,Statistics,Korth,Pearson,2020
B02132,Data Mining,Cormen,Pearson,2022
B02133,Computer Networks,Sutton,Wiley,2012
B02134,Cyber Security,Tanenbaum,Wiley,2011
B02135,Cyber Security,Goodfellow,Springer,2024
B02136,Data Structures,Goodfellow,Springer,2021
B02137,Discrete Mathematics,Korth,Wiley,2012
B02138,Statistics,Ross,Wiley,2023
B02139,Discrete Mathematics,James,McGraw Hill,2018
B02140,Discrete Mathematics,Cormen,Oxford,2020
B02141,Deep Learning,Sutton,Springer,2014
B02142,Algorithms,Sutton,Pearson,2013
B02143,Software Engineering,Stallings,Wiley,2017
B02144,Statistics,James,Pearson,2026
B02145,Machine Learning,Sutton,Oxford,2026
B02146,Microprocessors,Stallings,Oxford,2014
B02147,Microprocessors,James,Oxford,2022
B02148,Cloud Computing,Korth,Oxford,2020
B02149,Java Programming,Cormen,McGraw Hill,2026
B02150,Operating Systems,Tanenbaum,Wiley,2011
B02151,Microprocessors,Sutton,Oxford,2025
B02152,Machine Learning,Goodfellow,Springer,2017
B02153,Java Programming,James,Pearson,2019
B02154,Database Management Systems,Tanenbaum,Springer,2012
B02155,Data Structures,Silberschatz,Oxford,2018
B02156,Cyber Security,Goodfellow,McGraw Hill,2024
B02157,Big Data,Galvin,Wiley,2012
B02158,Big Data,Korth,McGraw Hill,2015
B02159,Big Data,James,Oxford,2024
B02160,Data Mining,Sutton,McGraw Hill,2012
B02161,Digital Logic,Goodfellow,McGraw Hill,2020
B02162,Java Programming,Tanenbaum,Pearson,2011
B02163,Big Data,Tanenbaum,Oxford,2015
B02164,Algorithms,Stallings,McGraw Hill,2025
B02165,Compiler Design,Galvin,Oxford,2015
B02166,Algorithms,Sutton,Oxford,2011
B02167,Compiler Design,Cormen,Wiley,2013
B02168,Microprocessors,Ross,McGraw Hill,2016
B02169,Python Programming,Sutton,Wiley,2017
B02170,Java Programming,Korth,Wiley,2016
B02171,Software Engineering,Galvin,Oxford,2017
B02172,Artificial Intelligence,Korth,Oxford,2024
B02173,Cloud Computing,James,Oxford,2010
B02174,Deep Learning,Silberschatz,Wiley,2012
B02175,Deep Learning,Goodfellow,McGraw Hill,2026
B02176,Software Engineering,Tanenbaum,Oxford,2022
B02177,Microprocessors,Ross,Springer,2013
B02178,Operating Systems,Cormen,Wiley,2022
B02179,Artificial Intelligence,Cormen,Wiley,2022
B02180,Java Programming,Ross,Wiley,2020
B02181,Statistics,Silberschatz,McGraw Hill,2011
B02182,Computer Networks,Galvin,Springer,2024
B02183,Data Structures,Sutton,Oxford,2011
B02184,Computer Networks,Stallings,Pearson,2025
B02185,Cyber Security,Korth,Pearson,2012
B02186,Algorithms,Ross,Pearson,2011
B02187,Discrete Mathematics,Ross,Oxford,2026
B02188,Discrete Mathematics,Tanenbaum,Wiley,2017
B02189,Cloud Computing,Tanenbaum,Pearson,2024
B02190,Algorithms,Galvin,Oxford,2019
B02191,Deep Learning,Tanenbaum,Wiley,2020
B02192,Cyber Security,Cormen,Pearson,2011
B02193,Data Structures,Tanenbaum,Pearson,2018
B02194,Cyber Security,Silberschatz,Springer,2021
B02195,Artificial Intelligence,Galvin,Oxford,2020
B02196,Digital Logic,James,McGraw Hill,2010
B02197,Microprocessors,Ross,McGraw Hill,2024
B02198,Software Engineering,Korth,Pearson,2014
B02199,Machine Learning,Tanenbaum,Oxford,2016
B02200,Digital Logic,Tanenbaum,McGraw Hill,2022
B02201,Microprocessors,Tanenbaum,Wiley,2021
B02202,Cloud Computing,Goodfellow,Oxford,2023
B02203,Software Engineering,Silberschatz,Wiley,2018
B02204,Java Programming,Cormen,McGraw Hill,2024
B02205,Operating Systems,Sutton,Pearson,2020
B02206,Algorithms,Korth,Wiley,2015
B02207,Deep Learning,Stallings,Pearson,2016
B02208,Data Structures,Goodfellow,Oxford,2013
B02209,Algorithms,Ross,McGraw Hill,2024
B02210,Artificial Intelligence,Silberschatz,Pearson,2013
B02211,Big Data,Ross,Pearson,2014
B02212,Cyber Security,Cormen,Pearson,2020
B02213,Computer Networks,Goodfellow,Wiley,2022
B02214,Operating Systems,Silberschatz,Springer,2012
B02215,Data Mining,Silberschatz,McGraw Hill,2022
B02216,Database Management Systems,Galvin,McGraw Hill,2010
B02217,Database Management Systems,Tanenbaum,Pearson,2018
B02218,Python Programming,Ross,McGraw Hill,2021
B02219,Deep Learning,Sutton,Wiley,2026
B02220,Computer Networks,Korth,McGraw Hill,2015
B02221,Algorithms,James,Oxford,2026
B02222,Python Programming,Goodfellow,Springer,2014
B02223,Microprocessors,Ross,McGraw Hill,2017
B02224,Discrete Mathematics,Sutton,Pearson,2024
B02225,Artificial Intelligence,Cormen,Oxford,2018
B02226,Cloud Computing,Galvin,Pearson,2023
B02227,Statistics,Korth,McGraw Hill,2011
B02228,Deep Learning,James,Wiley,2017
B02229,Deep Learning,Tanenbaum,Pearson,2018
B02230,Data Mining,Cormen,Oxford,2015
B02231,Cyber Security,Korth,Springer,2015
B02232,Software Engineering,Stallings,Springer,2023
B02233,Big Data,Korth,Pearson,2025
B02234,Artificial Intelligence,Stallings,Wiley,2024
B02235,Java Programming,Cormen,Wiley,2025
B02236,Microprocessors,Galvin,Wiley,2022
B02237,Discrete Mathematics,Goodfellow,Pearson,2020
B02238,Machine Learning,Silberschatz,Wiley,2012
B02239,Deep Learning,James,Springer,2026
B02240,Statistics,Cormen,Pearson,2012
B02241,Statistics,Silberschatz,Wiley,2026
B02242,Computer Networks,Galvin,Wiley,2015
B02243,Database Management Systems,Cormen,Oxford,2020
B02244,Data Mining,Cormen,Wiley,2023
B02245,Artificial Intelligence,Cormen,Oxford,2011
B02246,Computer Networks,James,Springer,2026
B02247,Digital Logic,Ross,Wiley,2013
B02248,Algorithms,Goodfellow,McGraw Hill,2011
B02249,Python Programming,Ross,Pearson,2017
B02250,Cloud Computing,Silberschatz,Springer,2013
B02251,Machine Learning,Tanenbaum,Springer,2024
B02252,Statistics,Tanenbaum,Springer,2024
B02253,Java Programming,Silberschatz,Wiley,2012
B02254,Operating Systems,Goodfellow,Wiley,2019
B02255,Software Engineering,Korth,Pearson,2017
B02256,Artificial Intelligence,Sutton,Springer,2025
B02257,Artificial Intelligence,Korth,McGraw Hill,2021
B02258,Statistics,Silberschatz,Springer,2016
B02259,Computer Networks,Sutton,Pearson,2020
B02260,Statistics,James,Oxford,2023
B02261,Artificial Intelligence,Silberschatz,McGraw Hill,2018
B02262,Data Structures,Tanenbaum,Wiley,2016
B02263,Microprocessors,Ross,Oxford,2018
B02264,Data Structures,Sutton,Wiley,2025
B02265,Python Programming,Silberschatz,Oxford,2018
B02266,Python Programming,Korth,Springer,2017
B02267,Java Programming,Galvin,Pearson,2026
B02268,Computer Networks,James,Oxford,2010
B02269,Discrete Mathematics,Goodfellow,McGraw Hill,2011
B02270,Microprocessors,Silberschatz,Springer,2010
B02271,Database Management Systems,Stallings,Wiley,2016
B02272,Cloud Computing,Stallings,Wiley,2020
B02273,Java Programming,Silberschatz,Springer,2022
B02274,Statistics,Stallings,Oxford,2012
B02275,Machine Learning,Sutton,Springer,2022
B02276,Database Management Systems,Ross,Springer,2019
B02277,Operating Systems,Silberschatz,McGraw Hill,2016
B02278,Big Data,Goodfellow,Wiley,2022
B02279,Microprocessors,Goodfellow,Wiley,2012
B02280,Microprocessors,Ross,Springer,2017
B02281,Big Data,Ross,Pearson,2020
B02282,Microprocessors,Stallings,McGraw Hill,2024
B02283,Microprocessors,Goodfellow,Pearson,2025
B02284,Compiler Design,Tanenbaum,McGraw Hill,2019
B02285,Operating Systems,James,Springer,2022
B02286,Microprocessors,Tanenbaum,Springer,2013
B02287,Microprocessors,Stallings,McGraw Hill,2026
B02288,Machine Learning,Silberschatz,McGraw Hill,2020
B02289,Algorithms,Cormen,Wiley,2019
B02290,Operating Systems,Galvin,Pearson,2013
B02291,Machine Learning,Korth,Oxford,2020
B02292,Algorithms,Ross,Wiley,2011
B02293,Machine Learning,James,Pearson,2021
B02294,Computer Networks,James,McGraw Hill,2021
B02295,Big Data,Silberschatz,Pearson,2015
B02296,Digital Logic,James,Oxford,2026
B02297,Compiler Design,Tanenbaum,Wiley,2017
B02298,Statistics,Silberschatz,Pearson,2011
B02299,Data Mining,Silberschatz,McGraw Hill,2013
B02300,Machine Learning,James,Wiley,2012
B02301,Python Programming,Silberschatz,Pearson,2016
B02302,Big Data,Ross,McGraw Hill,2015
B02303,Digital Logic,Tanenbaum,McGraw Hill,2011
B02304,Cyber Security,Silberschatz,Pearson,2026
B02305,Database Management Systems,Stallings,Oxford,2012
B02306,Software Engineering,Silberschatz,McGraw Hill,2022
B02307,Statistics,Ross,Springer,2013
B02308,Digital Logic,Tanenbaum,McGraw Hill,2023
B02309,Deep Learning,Sutton,Pearson,2012
B02310,Microprocessors,Galvin,Oxford,2021
B02311,Digital Logic,Korth,Oxford,2012
B02312,Python Programming,Korth,Oxford,2021
B02313,Discrete Mathematics,Tanenbaum,Oxford,2012
B02314,Digital Logic,James,Oxford,2026
B02315,Cloud Computing,Korth,Oxford,2023
B02316,Digital Logic,Sutton,McGraw Hill,2012
B02317,Software Engineering,James,Pearson,2017
B02318,Cyber Security,Sutton,Wiley,2011
B02319,Deep Learning,Stallings,Pearson,2011
B02320,Database Management Systems,Korth,McGraw Hill,2012
B02321,Software Engineering,Stallings,Wiley,2023
B02322,Compiler Design,Silberschatz,Oxford,2025
B02323,Compiler Design,Cormen,Pearson,2015
B02324,Deep Learning,Galvin,Pearson,2018
B02325,Machine Learning,Ross,Oxford,2019
B02326,Data Mining,James,Springer,2026
B02327,Artificial Intelligence,Ross,Wiley,2021
B02328,Digital Logic,Silberschatz,Springer,2010
B02329,Java Programming,Silberschatz,Wiley,2018
B02330,Big Data,Cormen,McGraw Hill,2024
B02331,Statistics,Tanenbaum,Oxford,2026
B02332,Software Engineering,Sutton,Springer,2025
B02333,Data Structures,Tanenbaum,Springer,2021
B02334,Algorithms,Cormen,Oxford,2024
B02335,Digital Logic,Tanenbaum,McGraw Hill,2021
B02336,Big Data,Stallings,McGraw Hill,2024
B02337,Java Programming,Galvin,McGraw Hill,2018
B02338,Algorithms,Stallings,Springer,2025
B02339,Artificial Intelligence,Goodfellow,Pearson,2013
B02340,Discrete Mathematics,Tanenbaum,Oxford,2016
B02341,Computer Networks,Ross,Springer,2025
B02342,Digital Logic,Galvin,Springer,2019
B02343,Compiler Design,Sutton,Wiley,2015
B02344,Big Data,Silberschatz,Wiley,2026
B02345,Deep Learning,Stallings,Wiley,2025
B02346,Artificial Intelligence,Sutton,McGraw Hill,2017
B02347,Python Programming,James,Oxford,2012
B02348,Deep Learning,Goodfellow,Wiley,2016
B02349,Statistics,Sutton,Wiley,2010
B02350,Discrete Mathematics,Galvin,McGraw Hill,2012
B02351,Software Engineering,Silberschatz,Wiley,2016
B02352,Algorithms,Stallings,Oxford,2011
B02353,Data Structures,Goodfellow,Springer,2025
B02354,Cyber Security,Galvin,Wiley,2019
B02355,Software Engineering,Goodfellow,Pearson,2023
B02356,Discrete Mathematics,Ross,Springer,2011
B02357,Cloud Computing,Goodfellow,McGraw Hill,2016
B02358,Cyber Security,Korth,McGraw Hill,2022
B02359,Microprocessors,Tanenbaum,Springer,2021
B02360,Data Structures,Cormen,Pearson,2023
B02361,Software Engineering,Goodfellow,Oxford,2022
B02362,Discrete Mathematics,Ross,Wiley,2026
B02363,Python Programming,Ross,Wiley,2023
B02364,Data Mining,Korth,Oxford,2026
B02365,Deep Learning,Galvin,Pearson,2011
B02366,Microprocessors,Goodfellow,Springer,2022
B02367,Machine Learning,Korth,Wiley,2025
B02368,Compiler Design,Korth,Pearson,2013
B02369,Discrete Mathematics,Tanenbaum,Springer,2023
B02370,Software Engineering,Silberschatz,Wiley,2014
B02371,Operating Systems,Cormen,Pearson,2015
B02372,Python Programming,Sutton,Wiley,2018
B02373,Artificial Intelligence,Goodfellow,Springer,2021
B02374,Python Programming,James,Oxford,2023
B02375,Artificial Intelligence,Ross,Wiley,2011
B02376,Operating Systems,Ross,Wiley,2021
B02377,Java Programming,Ross,McGraw Hill,2017
B02378,Operating Systems,Cormen,McGraw Hill,2024
B02379,Computer Networks,Goodfellow,McGraw Hill,2024
B02380,Algorithms,Stallings,Pearson,2018
B02381,Deep Learning,Stallings,Wiley,2015
B02382,Data Structures,Tanenbaum,Springer,2016
B02383,Java Programming,Ross,Wiley,2012
B02384,Microprocessors,Ross,Oxford,2010
B02385,Operating Systems,Stallings,Wiley,2016
B02386,Java Programming,Tanenbaum,Springer,2012
B02387,Compiler Design,Silberschatz,Wiley,2011
B02388,Compiler Design,Stallings,Wiley,2017
B02389,Machine Learning,Tanenbaum,Pearson,2017
B02390,Java Programming,Stallings,McGraw Hill,2015
B02391,Java Programming,Korth,Oxford,2022
B02392,Algorithms,Galvin,Oxford,2015
B02393,Digital Logic,Silberschatz,McGraw Hill,2013
B02394,Microprocessors,James,McGraw Hill,2010
B02395,Database Management Systems,Sutton,Wiley,2016
B02396,Microprocessors,Stallings,Wiley,2020
B02397,Digital Logic,Tanenbaum,Wiley,2018
B02398,Cloud Computing,Silberschatz,Pearson,2010
B02399,Database Management Systems,Galvin,Pearson,2018
B02400,Python Programming,Cormen,Wiley,2017
B02401,Machine Learning,Tanenbaum,Pearson,2019
B02402,Java Programming,Korth,Pearson,2016
B02403,Big Data,Korth,Oxford,2011
B02404,Database Management Systems,Stallings,Wiley,2019
B02405,Machine Learning,Ross,Springer,2014
B02406,Java Programming,Korth,Wiley,2022
B02407,Algorithms,Sutton,Pearson,2022
B02408,Statistics,Ross,Oxford,2016
B02409,Compiler Design,Cormen,McGraw Hill,2021
B02410,Microprocessors,Ross,Oxford,2015
B02411,Computer Networks,Ross,Oxford,2024
B02412,Artificial Intelligence,James,Springer,2013
B02413,Statistics,Goodfellow,McGraw Hill,2015
B02414,Data Mining,Goodfellow,McGraw Hill,2015
B02415,Operating Systems,Silberschatz,Oxford,2015
B02416,Machine Learning,Galvin,Wiley,2016
B02417,Python Programming,Korth,McGraw Hill,2025
B02418,Database Management Systems,Ross,Springer,2012
B02419,Artificial Intelligence,Tanenbaum,Oxford,2025
B02420,Operating Systems,Cormen,Wiley,2013
B02421,Python Programming,Silberschatz,Pearson,2021
B02422,Database Management Systems,Ross,Wiley,2019
B02423,Digital Logic,Sutton,McGraw Hill,2014
B02424,Java Programming,Sutton,Oxford,2014
B02425,Cloud Computing,Goodfellow,Pearson,2015
B02426,Deep Learning,Tanenbaum,Pearson,2025
B02427,Discrete Mathematics,Goodfellow,McGraw Hill,2023
B02428,Deep Learning,Tanenbaum,Oxford,2014
B02429,Deep Learning,Ross,McGraw Hill,2025
B02430,Algorithms,Tanenbaum,Pearson,2016
B02431,Data Mining,Korth,Springer,2016
B02432,Software Engineering,Silberschatz,Springer,2021
B02433,Operating Systems,Goodfellow,Springer,2024
B02434,Algorithms,Ross,Springer,2014
B02435,Compiler Design,James,Pearson,2011
B02436,Microprocessors,Stallings,Wiley,2019
B02437,Statistics,Stallings,Pearson,2020
B02438,Cloud Computing,Sutton,Springer,2012
B02439,Compiler Design,Cormen,Springer,2024
B02440,Deep Learning,Tanenbaum,McGraw Hill,2012
B02441,Database Management Systems,Tanenbaum,Pearson,2016
B02442,Discrete Mathematics,Ross,Springer,2010
B02443,Discrete Mathematics,Goodfellow,Pearson,2016
B02444,Discrete Mathematics,Ross,Springer,2016
B02445,Statistics,James,Wiley,2023
B02446,Discrete Mathematics,Stallings,Springer,2018
B02447,Artificial Intelligence,Stallings,Oxford,2013
B02448,Operating Systems,Tanenbaum,Wiley,2019
B02449,Algorithms,Stallings,Oxford,2024
B02450,Cyber Security,Ross,Springer,2021
B02451,Java Programming,Ross,Wiley,2012
B02452,Compiler Design,Ross,Wiley,2018
B02453,Database Management Systems,Tanenbaum,Pearson,2012
B02454,Deep Learning,James,Wiley,2024
B02455,Computer Networks,Korth,Oxford,2024
B02456,Cyber Security,Cormen,Oxford,2012
B02457,Statistics,Goodfellow,Springer,2011
B02458,Discrete Mathematics,James,Wiley,2017
B02459,Compiler Design,Korth,McGraw Hill,2017
B02460,Big Data,Sutton,Springer,2019
B02461,Deep Learning,James,McGraw Hill,2017
B02462,Deep Learning,Sutton,McGraw Hill,2010
B02463,Microprocessors,Stallings,McGraw Hill,2023
B02464,Data Mining,Goodfellow,McGraw Hill,2017
B02465,Computer Networks,Cormen,McGraw Hill,2012
B02466,Computer Networks,Tanenbaum,Springer,2024
B02467,Data Mining,Sutton,Springer,2026
B02468,Cloud Computing,Silberschatz,Wiley,2015
B02469,Python Programming,Sutton,Pearson,2013
B02470,Operating Systems,Korth,Pearson,2018
B02471,Database Management Systems,Silberschatz,Springer,2017
B02472,Data Structures,Ross,McGraw Hill,2011
B02473,Data Mining,Silberschatz,Springer,2019
B02474,Algorithms,Stallings,McGraw Hill,2020
B02475,Artificial Intelligence,Stallings,Pearson,2014
B02476,Python Programming,James,Springer,2010
B02477,Data Mining,James,Wiley,2013
B02478,Compiler Design,Goodfellow,Wiley,2023
B02479,Statistics,Galvin,Pearson,2012
B02480,Software Engineering,James,Oxford,2018
B02481,Algorithms,Stallings,Oxford,2017
B02482,Data Mining,Silberschatz,Springer,2014
B02483,Artificial Intelligence,Goodfellow,Pearson,2020
B02484,Cloud Computing,Cormen,Springer,2020
B02485,Operating Systems,Stallings,Springer,2012
B02486,Computer Networks,Ross,Oxford,2020
B02487,Java Programming,Galvin,Pearson,2019
B02488,Discrete Mathematics,Korth,Wiley,2013
B02489,Microprocessors,Goodfellow,Pearson,2012
B02490,Cyber Security,Ross,Wiley,2012
B02491,Artificial Intelligence,Goodfellow,McGraw Hill,2020
B02492,Database Management Systems,Ross,Springer,2012
B02493,Big Data,Goodfellow,Springer,2022
B02494,Database Management Systems,Tanenbaum,McGraw Hill,2018
B02495,Computer Networks,Korth,Wiley,2020
B02496,Cyber Security,Tanenbaum,Pearson,2026
B02497,Artificial Intelligence,Sutton,Springer,2016
B02498,Computer Networks,Silberschatz,Springer,2020
B02499,Big Data,Korth,Wiley,2018
B02500,Digital Logic,Sutton,Springer,2021
B02501,Data Mining,Galvin,Springer,2015
B02502,Cloud Computing,Korth,Pearson,2010
B02503,Python Programming,Sutton,Oxford,2022
B02504,Statistics,Silberschatz,Pearson,2019
B02505,Operating Systems,Ross,Pearson,2012
B02506,Big Data,James,McGraw Hill,2011
B02507,Compiler Design,Galvin,McGraw Hill,2020
B02508,Java Programming,Galvin,McGraw Hill,2026
B02509,Discrete Mathematics,Goodfellow,Pearson,2010
B02510,Algorithms,Silberschatz,Wiley,2023
B02511,Computer Networks,Goodfellow,Pearson,2021
B02512,Statistics,Tanenbaum,McGraw Hill,2025
B02513,Java Programming,Sutton,Oxford,2022
B02514,Machine Learning,Silberschatz,Wiley,2015
B02515,Discrete Mathematics,Cormen,McGraw Hill,2010
B02516,Compiler Design,Silberschatz,McGraw Hill,2020
B02517,Cyber Security,Tanenbaum,Springer,2016
B02518,Computer Networks,Silberschatz,Oxford,2017
B02519,Java Programming,James,Wiley,2020
B02520,Computer Networks,Galvin,Pearson,2023
B02521,Discrete Mathematics,Cormen,McGraw Hill,2011
B02522,Java Programming,Sutton,Pearson,2010
B02523,Computer Networks,Stallings,Wiley,2019
B02524,Digital Logic,Silberschatz,Springer,2019
B02525,Java Programming,Cormen,Pearson,2020
B02526,Operating Systems,Ross,Wiley,2021
B02527,Computer Networks,Goodfellow,McGraw Hill,2024
B02528,Machine Learning,Ross,Oxford,2025
B02529,Cyber Security,Galvin,Wiley,2018
B02530,Cyber Security,Goodfellow,Springer,2020
B02531,Algorithms,Cormen,Pearson,2018
B02532,Compiler Design,James,McGraw Hill,2011
B02533,Data Structures,Galvin,Wiley,2020
B02534,Data Mining,Tanenbaum,Springer,2016
B02535,Digital Logic,Ross,Springer,2018
B02536,Deep Learning,Ross,Springer,2011
B02537,Cloud Computing,Goodfellow,Springer,2017
B02538,Python Programming,Sutton,Oxford,2021
B02539,Artificial Intelligence,Stallings,Wiley,2013
B02540,Python Programming,Tanenbaum,Springer,2013
B02541,Computer Networks,Silberschatz,Springer,2025
B02542,Discrete Mathematics,Ross,McGraw Hill,2025
B02543,Machine Learning,Tanenbaum,Pearson,2018
B02544,Python Programming,Ross,McGraw Hill,2023
B02545,Cloud Computing,Goodfellow,Springer,2019
B02546,Database Management Systems,Cormen,Oxford,2017
B02547,Operating Systems,Sutton,Oxford,2016
B02548,Data Structures,Korth,Springer,2020
B02549,Java Programming,Goodfellow,Pearson,2022
B02550,Digital Logic,Cormen,McGraw Hill,2017
B02551,Data Mining,Cormen,Wiley,2012
B02552,Computer Networks,Ross,Springer,2012
B02553,Cyber Security,Korth,McGraw Hill,2013
B02554,Digital Logic,Ross,Wiley,2025
B02555,Statistics,Cormen,Oxford,2023
B02556,Compiler Design,James,Oxford,2021
B02557,Data Mining,Ross,Oxford,2019
B02558,Data Mining,Stallings,McGraw Hill,2023
B02559,Microprocessors,Goodfellow,Wiley,2010
B02560,Machine Learning,Cormen,Pearson,2017
B02561,Operating Systems,Ross,McGraw Hill,2011
B02562,Database Management Systems,Sutton,Pearson,2013
B02563,Discrete Mathematics,Sutton,McGraw Hill,2021
B02564,Cyber Security,Galvin,McGraw Hill,2012
B02565,Statistics,Silberschatz,Wiley,2014
B02566,Python Programming,Cormen,Wiley,2018
B02567,Compiler Design,Korth,Springer,2022
B02568,Cyber Security,Goodfellow,Pearson,2024
B02569,Operating Systems,Silberschatz,Pearson,2018
B02570,Operating Systems,Cormen,Wiley,2013
B02571,Database Management Systems,Ross,McGraw Hill,2022
B02572,Data Structures,Stallings,McGraw Hill,2012
B02573,Cloud Computing,Ross,Springer,2012
B02574,Discrete Mathematics,Cormen,Pearson,2012
B02575,Discrete Mathematics,Goodfellow,Springer,2024
B02576,Microprocessors,Stallings,Wiley,2018
B02577,Data Structures,Sutton,Oxford,2019
B02578,Artificial Intelligence,Cormen,McGraw Hill,2023
B02579,Database Management Systems,Ross,Springer,2023
B02580,Computer Networks,Sutton,Pearson,2012
B02581,Machine Learning,James,Wiley,2013
B02582,Statistics,Sutton,McGraw Hill,2015
B02583,Python Programming,Silberschatz,Wiley,2011
B02584,Big Data,Tanenbaum,McGraw Hill,2017
B02585,Statistics,Stallings,Oxford,2017
B02586,Artificial Intelligence,Goodfellow,Oxford,2014
B02587,Machine Learning,Cormen,Pearson,2018
B02588,Digital Logic,James,McGraw Hill,2018
B02589,Database Management Systems,Ross,McGraw Hill,2019
B02590,Deep Learning,Stallings,Pearson,2012
B02591,Deep Learning,Tanenbaum,Pearson,2017
B02592,Statistics,Stallings,Springer,2014
B02593,Compiler Design,Cormen,Springer,2014
B02594,Operating Systems,Goodfellow,Wiley,2026
B02595,Microprocessors,Tanenbaum,Pearson,2021
B02596,Discrete Mathematics,Ross,Springer,2019
B02597,Operating Systems,Stallings,Pearson,2012
B02598,Machine Learning,Sutton,Oxford,2026
B02599,Data Structures,Ross,Pearson,2023
B02600,Software Engineering,James,Pearson,2021
B02601,Data Structures,Stallings,McGraw Hill,2018
B02602,Database Management Systems,Ross,McGraw Hill,2017
B02603,Discrete Mathematics,Sutton,Springer,2011
B02604,Algorithms,Goodfellow,McGraw Hill,2017
B02605,Digital Logic,James,Springer,2017
B02606,Java Programming,Galvin,Oxford,2016
B02607,Deep Learning,James,McGraw Hill,2013
B02608,Cloud Computing,Stallings,Springer,2011
B02609,Digital Logic,Sutton,Wiley,2024
B02610,Discrete Mathematics,Ross,Oxford,2018
B02611,Machine Learning,Silberschatz,Oxford,2024
B02612,Data Structures,James,Pearson,2012
B02613,Big Data,Goodfellow,McGraw Hill,2019
B02614,Cyber Security,Silberschatz,Wiley,2016
B02615,Computer Networks,Galvin,Wiley,2023
B02616,Machine Learning,Korth,Springer,2011
B02617,Operating Systems,Tanenbaum,Pearson,2021
B02618,Compiler Design,Stallings,Wiley,2015
B02619,Compiler Design,Cormen,Springer,2021
B02620,Microprocessors,Cormen,McGraw Hill,2013
B02621,Java Programming,Stallings,Pearson,2011
B02622,Python Programming,Stallings,McGraw Hill,2025
B02623,Algorithms,Ross,Wiley,2018
B02624,Software Engineering,Sutton,Wiley,2011
B02625,Algorithms,Ross,Oxford,2021
B02626,Digital Logic,Cormen,Pearson,2022
B02627,Digital Logic,Goodfellow,Pearson,2014
B02628,Cyber Security,Ross,Oxford,2012
B02629,Software Engineering,Tanenbaum,Oxford,2011
B02630,Data Structures,Silberschatz,Wiley,2020
B02631,Statistics,Goodfellow,Oxford,2016
B02632,Artificial Intelligence,Korth,Springer,2020
B02633,Python Programming,Goodfellow,Pearson,2024
B02634,Artificial Intelligence,Ross,McGraw Hill,2012
B02635,Big Data,Stallings,Wiley,2021
B02636,Java Programming,Stallings,Oxford,2021
B02637,Python Programming,Goodfellow,Wiley,2026
B02638,Statistics,Stallings,Oxford,2021
B02639,Machine Learning,Goodfellow,Oxford,2022
B02640,Software Engineering,Ross,Oxford,2022
B02641,Java Programming,Korth,Springer,2014
B02642,Artificial Intelligence,Silberschatz,Springer,2011
B02643,Compiler Design,Goodfellow,McGraw Hill,2024
B02644,Database Management Systems,Cormen,Oxford,2022
B02645,Data Mining,Sutton,Pearson,2026
B02646,Data Mining,Silberschatz,Springer,2015
B02647,Statistics,Cormen,Springer,2014
B02648,Data Mining,Ross,Springer,2016
B02649,Data Mining,James,Oxford,2021
B02650,Microprocessors,Ross,Pearson,2018
B02651,Discrete Mathematics,James,Wiley,2019
B02652,Python Programming,Cormen,Pearson,2024
B02653,Artificial Intelligence,Goodfellow,Wiley,2025
B02654,Microprocessors,James,Oxford,2022
B02655,Cyber Security,Goodfellow,Oxford,2012
B02656,Computer Networks,Ross,Wiley,2019
B02657,Compiler Design,Stallings,Wiley,2017
B02658,Cloud Computing,Tanenbaum,Wiley,2011
B02659,Algorithms,Cormen,McGraw Hill,2012
B02660,Data Structures,Ross,Pearson,2016
B02661,Data Structures,Stallings,Wiley,2019
B02662,Java Programming,Stallings,Springer,2020
B02663,Computer Networks,Stallings,Wiley,2022
B02664,Operating Systems,Korth,McGraw Hill,2016
B02665,Compiler Design,Goodfellow,Oxford,2014
B02666,Cloud Computing,Stallings,Springer,2015
B02667,Statistics,Galvin,McGraw Hill,2020
B02668,Python Programming,James,McGraw Hill,2017
B02669,Software Engineering,Tanenbaum,Wiley,2011
B02670,Digital Logic,Tanenbaum,Pearson,2018
B02671,Deep Learning,Stallings,Pearson,2014
B02672,Algorithms,Sutton,Oxford,2020
B02673,Java Programming,James,Springer,2023
B02674,Machine Learning,Silberschatz,Oxford,2022
B02675,Python Programming,Stallings,Oxford,2014
B02676,Computer Networks,Korth,Wiley,2019
B02677,Algorithms,James,McGraw Hill,2011
B02678,Database Management Systems,Tanenbaum,Pearson,2018
B02679,Python Programming,Silberschatz,Oxford,2018
B02680,Machine Learning,Goodfellow,Wiley,2016
B02681,Data Mining,Tanenbaum,Springer,2010
B02682,Java Programming,Korth,Wiley,2023
B02683,Digital Logic,Stallings,Wiley,2021
B02684,Artificial Intelligence,Ross,Oxford,2020
B02685,Cloud Computing,Sutton,Springer,2010
B02686,Operating Systems,Tanenbaum,McGraw Hill,2012
B02687,Big Data,James,Oxford,2010
B02688,Database Management Systems,Tanenbaum,Springer,2021
B02689,Java Programming,Cormen,Springer,2018
B02690,Computer Networks,Galvin,McGraw Hill,2017
B02691,Software Engineering,James,Pearson,2026
B02692,Data Structures,Stallings,Pearson,2019
B02693,Deep Learning,Ross,Springer,2014
B02694,Database Management Systems,Sutton,McGraw Hill,2013
B02695,Python Programming,Galvin,McGraw Hill,2018
B02696,Data Structures,Ross,McGraw Hill,2011
B02697,Deep Learning,Goodfellow,Pearson,2023
B02698,Cloud Computing,Korth,Oxford,2024
B02699,Cyber Security,Galvin,Oxford,2023
B02700,Digital Logic,Sutton,Oxford,2010
B02701,Discrete Mathematics,Tanenbaum,Springer,2021
B02702,Deep Learning,Stallings,Pearson,2016
B02703,Java Programming,Stallings,Springer,2014
B02704,Big Data,Silberschatz,Oxford,2023
B02705,Java Programming,Korth,Oxford,2026
B02706,Cyber Security,Ross,Wiley,2018
B02707,Statistics,Silberschatz,Wiley,2014
B02708,Artificial Intelligence,Stallings,Wiley,2024
B02709,Deep Learning,Tanenbaum,Pearson,2015
B02710,Artificial Intelligence,James,Oxford,2025
B02711,Java Programming,Goodfellow,Pearson,2012
B02712,Algorithms,Sutton,Springer,2026
B02713,Microprocessors,Galvin,Wiley,2017
B02714,Java Programming,Tanenbaum,Pearson,2021
B02715,Cyber Security,Silberschatz,Wiley,2018
B02716,Data Mining,Tanenbaum,Oxford,2018
B02717,Java Programming,Stallings,Pearson,2016
B02718,Artificial Intelligence,Korth,Springer,2011
B02719,Data Structures,Cormen,Pearson,2022
B02720,Discrete Mathematics,Galvin,Springer,2022
B02721,Deep Learning,Sutton,Oxford,2013
B02722,Cloud Computing,Korth,Wiley,2022
B02723,Artificial Intelligence,Tanenbaum,Oxford,2015
B02724,Machine Learning,Stallings,Springer,2016
B02725,Operating Systems,Stallings,McGraw Hill,2020
B02726,Microprocessors,Ross,McGraw Hill,2022
B02727,Software Engineering,Tanenbaum,Oxford,2024
B02728,Digital Logic,Ross,Pearson,2015
B02729,Compiler Design,Korth,Springer,2013
B02730,Operating Systems,Cormen,Oxford,2025
B02731,Algorithms,Stallings,McGraw Hill,2019
B02732,Database Management Systems,Korth,Oxford,2021
B02733,Statistics,Sutton,Oxford,2016
B02734,Java Programming,Cormen,Wiley,2010
B02735,Statistics,Tanenbaum,Springer,2024
B02736,Digital Logic,Ross,Oxford,2011
B02737,Software Engineering,Sutton,Springer,2010
B02738,Data Structures,Cormen,Wiley,2017
B02739,Microprocessors,Stallings,McGraw Hill,2019
B02740,Data Mining,Tanenbaum,Wiley,2012
B02741,Data Mining,Tanenbaum,McGraw Hill,2012
B02742,Machine Learning,Korth,Wiley,2020
B02743,Software Engineering,Cormen,Pearson,2017
B02744,Cloud Computing,Galvin,Springer,2025
B02745,Digital Logic,Cormen,Pearson,2021
B02746,Microprocessors,Tanenbaum,Springer,2014
B02747,Computer Networks,Korth,Wiley,2025
B02748,Cyber Security,Silberschatz,Oxford,2016
B02749,Cyber Security,Cormen,Wiley,2022
B02750,Database Management Systems,Sutton,Wiley,2010
B02751,Microprocessors,Silberschatz,Oxford,2026
B02752,Deep Learning,Goodfellow,Wiley,2014
B02753,Cyber Security,Goodfellow,Wiley,2026
B02754,Cyber Security,Cormen,Pearson,2021
B02755,Database Management Systems,Stallings,Oxford,2014
B02756,Microprocessors,Galvin,Oxford,2017
B02757,Java Programming,Silberschatz,Springer,2020
B02758,Microprocessors,James,McGraw Hill,2014
B02759,Java Programming,James,McGraw Hill,2018
B02760,Data Mining,Korth,Pearson,2016
B02761,Machine Learning,Korth,Pearson,2019
B02762,Java Programming,Ross,Oxford,2020
B02763,Operating Systems,Ross,Pearson,2015
B02764,Data Structures,Galvin,Oxford,2025
B02765,Deep Learning,Silberschatz,Wiley,2022
B02766,Software Engineering,Sutton,Springer,2017
B02767,Operating Systems,Cormen,Wiley,2021
B02768,Compiler Design,Sutton,Springer,2014
B02769,Python Programming,Sutton,Springer,2019
B02770,Computer Networks,Silberschatz,Oxford,2017
B02771,Algorithms,Tanenbaum,Wiley,2017
B02772,Java Programming,Korth,McGraw Hill,2017
B02773,Python Programming,James,McGraw Hill,2021
B02774,Deep Learning,Galvin,Pearson,2011
B02775,Microprocessors,Korth,Springer,2021
B02776,Discrete Mathematics,James,McGraw Hill,2019
B02777,Compiler Design,Sutton,McGraw Hill,2022
B02778,Deep Learning,Ross,Springer,2020
B02779,Discrete Mathematics,Korth,Pearson,2022
B02780,Discrete Mathematics,Tanenbaum,Springer,2011
B02781,Deep Learning,Silberschatz,Pearson,2013
B02782,Algorithms,Cormen,McGraw Hill,2017
B02783,Data Structures,James,McGraw Hill,2021
B02784,Java Programming,James,Oxford,2025
B02785,Cloud Computing,Stallings,Oxford,2015
B02786,Artificial Intelligence,Ross,Wiley,2013
B02787,Java Programming,Goodfellow,Pearson,2014
B02788,Java Programming,Goodfellow,Wiley,2020
B02789,Operating Systems,Galvin,McGraw Hill,2016
B02790,Python Programming,Stallings,McGraw Hill,2016
B02791,Statistics,Goodfellow,Pearson,2016
B02792,Algorithms,Korth,Oxford,2016
B02793,Artificial Intelligence,Tanenbaum,McGraw Hill,2014
B02794,Java Programming,Korth,Springer,2023
B02795,Big Data,Tanenbaum,Springer,2011
B02796,Computer Networks,Tanenbaum,Springer,2016
B02797,Microprocessors,Galvin,Pearson,2025
B02798,Artificial Intelligence,Galvin,Oxford,2024
B02799,Database Management Systems,Tanenbaum,Pearson,2017
B02800,Machine Learning,Goodfellow,Pearson,2019
B02801,Data Structures,Tanenbaum,Wiley,2024
B02802,Java Programming,Silberschatz,Wiley,2021
B02803,Database Management Systems,Tanenbaum,Springer,2020
B02804,Operating Systems,Sutton,Oxford,2016
B02805,Software Engineering,Silberschatz,Springer,2022
B02806,Microprocessors,Stallings,McGraw Hill,2016
B02807,Computer Networks,Galvin,Pearson,2016
B02808,Big Data,Stallings,Springer,2022
B02809,Data Mining,James,McGraw Hill,2011
B02810,Database Management Systems,Cormen,Oxford,2015
B02811,Database Management Systems,Goodfellow,McGraw Hill,2023
B02812,Statistics,Cormen,Oxford,2017
B02813,Discrete Mathematics,Galvin,Oxford,2012
B02814,Machine Learning,Silberschatz,Wiley,2016
B02815,Java Programming,Ross,Springer,2020
B02816,Microprocessors,Goodfellow,McGraw Hill,2023
B02817,Python Programming,James,Springer,2026
B02818,Machine Learning,James,Oxford,2017
B02819,Digital Logic,Tanenbaum,McGraw Hill,2020
B02820,Machine Learning,James,McGraw Hill,2025
B02821,Big Data,Silberschatz,McGraw Hill,2016
B02822,Digital Logic,Galvin,Oxford,2010
B02823,Python Programming,Tanenbaum,Springer,2020
B02824,Cloud Computing,Goodfellow,Wiley,2025
B02825,Computer Networks,Cormen,McGraw Hill,2017
B02826,Cloud Computing,Cormen,Wiley,2018
B02827,Operating Systems,Sutton,Wiley,2013
B02828,Operating Systems,Goodfellow,Pearson,2011
B02829,Cloud Computing,James,Wiley,2017
B02830,Microprocessors,Cormen,McGraw Hill,2024
B02831,Digital Logic,Galvin,Oxford,2024
B02832,Compiler Design,Ross,Pearson,2011
B02833,Discrete Mathematics,Tanenbaum,Oxford,2022
B02834,Data Structures,Galvin,Pearson,2013
B02835,Microprocessors,Ross,Oxford,2015
B02836,Cyber Security,Korth,Wiley,2011
B02837,Java Programming,Tanenbaum,Pearson,2013
B02838,Java Programming,Sutton,Pearson,2022
B02839,Cloud Computing,Goodfellow,Oxford,2018
B02840,Statistics,Galvin,Springer,2025
B02841,Statistics,Goodfellow,Wiley,2011
B02842,Deep Learning,Tanenbaum,McGraw Hill,2025
B02843,Python Programming,James,Oxford,2010
B02844,Computer Networks,Tanenbaum,Wiley,2020
B02845,Microprocessors,Stallings,Pearson,2019
B02846,Algorithms,Tanenbaum,Springer,2022
B02847,Discrete Mathematics,Goodfellow,Springer,2025
B02848,Software Engineering,Sutton,Pearson,2025
B02849,Java Programming,Korth,McGraw Hill,2015
B02850,Digital Logic,Galvin,Wiley,2015
B02851,Software Engineering,Galvin,Wiley,2013
B02852,Computer Networks,Ross,Pearson,2020
B02853,Microprocessors,James,Oxford,2010
B02854,Data Mining,Silberschatz,McGraw Hill,2020
B02855,Statistics,Korth,Pearson,2018
B02856,Machine Learning,Silberschatz,Wiley,2020
B02857,Operating Systems,Stallings,Oxford,2015
B02858,Statistics,Silberschatz,Oxford,2018
B02859,Database Management Systems,Stallings,Oxford,2021
B02860,Database Management Systems,Galvin,Wiley,2025
B02861,Machine Learning,Galvin,Wiley,2016
B02862,Operating Systems,Cormen,Oxford,2020
B02863,Artificial Intelligence,Korth,Springer,2025
B02864,Data Mining,Sutton,Springer,2016
B02865,Algorithms,James,Oxford,2016
B02866,Statistics,Tanenbaum,Wiley,2014
B02867,Algorithms,Silberschatz,Wiley,2016
B02868,Data Mining,Tanenbaum,Springer,2010
B02869,Digital Logic,Silberschatz,McGraw Hill,2010
B02870,Algorithms,Galvin,Wiley,2013
B02871,Data Mining,James,Springer,2019
B02872,Java Programming,Korth,Springer,2018
B02873,Software Engineering,Stallings,Pearson,2013
B02874,Java Programming,Galvin,Oxford,2025
B02875,Operating Systems,Tanenbaum,Pearson,2015
B02876,Data Structures,Goodfellow,Springer,2019
B02877,Statistics,Korth,Springer,2022
B02878,Cloud Computing,Cormen,Wiley,2024
B02879,Digital Logic,Sutton,Springer,2011
B02880,Compiler Design,Goodfellow,McGraw Hill,2021
B02881,Data Mining,Galvin,Oxford,2023
B02882,Data Structures,Stallings,McGraw Hill,2023
B02883,Database Management Systems,Cormen,Springer,2023
B02884,Discrete Mathematics,Galvin,Springer,2013
B02885,Computer Networks,Stallings,Wiley,2013
B02886,Digital Logic,Stallings,Oxford,2026
B02887,Compiler Design,Sutton,Pearson,2025
B02888,Cyber Security,Ross,Oxford,2018
B02889,Operating Systems,Stallings,Wiley,2016
B02890,Computer Networks,Goodfellow,Oxford,2013
B02891,Algorithms,James,Springer,2012
B02892,Database Management Systems,Korth,Oxford,2023
B02893,Cyber Security,Stallings,Wiley,2024
B02894,Cyber Security,Tanenbaum,Springer,2026
B02895,Data Structures,Ross,McGraw Hill,2010
B02896,Data Mining,Stallings,Wiley,2015
B02897,Java Programming,Cormen,Pearson,2022
B02898,Deep Learning,Stallings,McGraw Hill,2021
B02899,Algorithms,Stallings,Pearson,2012
B02900,Data Mining,Goodfellow,Pearson,2017
B02901,Python Programming,Cormen,Wiley,2013
B02902,Microprocessors,Ross,Pearson,2020
B02903,Cyber Security,Goodfellow,Wiley,2010
B02904,Artificial Intelligence,James,Pearson,2013
B02905,Database Management Systems,Cormen,Oxford,2017
B02906,Machine Learning,Stallings,Wiley,2014
B02907,Algorithms,Stallings,McGraw Hill,2019
B02908,Algorithms,Cormen,Pearson,2021
B02909,Artificial Intelligence,Galvin,Springer,2012
B02910,Software Engineering,Silberschatz,McGraw Hill,2025
B02911,Operating Systems,Tanenbaum,Oxford,2014
B02912,Java Programming,James,Pearson,2025
B02913,Compiler Design,Galvin,Wiley,2010
B02914,Java Programming,Tanenbaum,Springer,2017
B02915,Database Management Systems,Sutton,McGraw Hill,2024
B02916,Operating Systems,Cormen,Springer,2012
B02917,Digital Logic,Ross,Springer,2014
B02918,Compiler Design,Galvin,Wiley,2023
B02919,Discrete Mathematics,Korth,Oxford,2014
B02920,Python Programming,James,Wiley,2017
B02921,Big Data,James,Springer,2020
B02922,Algorithms,Sutton,Wiley,2014
B02923,Machine Learning,Ross,Pearson,2011
B02924,Data Structures,Cormen,Wiley,2025
B02925,Cloud Computing,James,Springer,2019
B02926,Java Programming,Silberschatz,Springer,2020
B02927,Cyber Security,Tanenbaum,McGraw Hill,2024
B02928,Big Data,Stallings,Springer,2017
B02929,Deep Learning,Galvin,McGraw Hill,2020
B02930,Artificial Intelligence,Galvin,Springer,2010
B02931,Operating Systems,Goodfellow,Wiley,2026
B02932,Database Management Systems,Galvin,Wiley,2013
B02933,Artificial Intelligence,James,Pearson,2010
B02934,Discrete Mathematics,Korth,Springer,2022
B02935,Cloud Computing,Galvin,Wiley,2023
B02936,Big Data,Stallings,Oxford,2013
B02937,Data Mining,Ross,Springer,2023
B02938,Statistics,Ross,Oxford,2018
B02939,Big Data,Tanenbaum,Pearson,2017
B02940,Algorithms,Silberschatz,Springer,2021
B02941,Machine Learning,Cormen,Springer,2020
B02942,Java Programming,Cormen,Wiley,2024
B02943,Discrete Mathematics,Stallings,McGraw Hill,2019
B02944,Microprocessors,Galvin,Oxford,2021
B02945,Machine Learning,Goodfellow,Springer,2018
B02946,Python Programming,Korth,Pearson,2017
B02947,Operating Systems,Cormen,McGraw Hill,2015
B02948,Operating Systems,Galvin,Springer,2019
B02949,Cloud Computing,Ross,Springer,2014
B02950,Discrete Mathematics,Galvin,Pearson,2014
B02951,Data Structures,Cormen,McGraw Hill,2022
B02952,Big Data,Silberschatz,Springer,2016
B02953,Cloud Computing,Tanenbaum,Pearson,2023
B02954,Software Engineering,Stallings,Springer,2012
B02955,Data Mining,Silberschatz,Pearson,2021
B02956,Python Programming,Tanenbaum,Oxford,2020
B02957,Deep Learning,Korth,Wiley,2014
B02958,Java Programming,Ross,Wiley,2013
B02959,Digital Logic,Ross,Oxford,2017
B02960,Big Data,Korth,Springer,2012
B02961,Discrete Mathematics,Sutton,Wiley,2017
B02962,Artificial Intelligence,Silberschatz,Oxford,2025
B02963,Big Data,Stallings,Oxford,2014
B02964,Cloud Computing,Silberschatz,Springer,2026
B02965,Algorithms,Galvin,Springer,2010
B02966,Cyber Security,Stallings,Oxford,2014
B02967,Software Engineering,Stallings,Oxford,2014
B02968,Data Mining,Korth,Wiley,2024
B02969,Cyber Security,Ross,Wiley,2017
B02970,Artificial Intelligence,Korth,Wiley,2022
B02971,Data Structures,James,Wiley,2017
B02972,Software Engineering,Tanenbaum,Pearson,2013
B02973,Data Mining,Korth,Pearson,2012
B02974,Software Engineering,Korth,McGraw Hill,2026
B02975,Operating Systems,Sutton,Oxford,2018
B02976,Cloud Computing,Stallings,McGraw Hill,2017
B02977,Statistics,James,Oxford,2021
B02978,Digital Logic,Sutton,Springer,2015
B02979,Microprocessors,Korth,McGraw Hill,2020
B02980,Computer Networks,Silberschatz,Pearson,2013
B02981,Python Programming,Korth,Springer,2021
B02982,Compiler Design,Cormen,Wiley,2026
B02983,Operating Systems,Cormen,Oxford,2017
B02984,Algorithms,Goodfellow,McGraw Hill,2018
B02985,Operating Systems,Cormen,Pearson,2022
B02986,Artificial Intelligence,Galvin,Wiley,2012
B02987,Cyber Security,Tanenbaum,Oxford,2026
B02988,Python Programming,Tanenbaum,McGraw Hill,2012
B02989,Cyber Security,Stallings,McGraw Hill,2023
B02990,Operating Systems,Sutton,Pearson,2018
B02991,Data Mining,Sutton,McGraw Hill,2024
B02992,Statistics,Cormen,Springer,2015
B02993,Software Engineering,James,Pearson,2023
B02994,Statistics,Cormen,McGraw Hill,2023
B02995,Operating Systems,Korth,Pearson,2014
B02996,Big Data,Tanenbaum,Oxford,2022
B02997,Artificial Intelligence,James,Pearson,2020
B02998,Cyber Security,Korth,Oxford,2012
B02999,Machine Learning,Ross,McGraw Hill,2024
B03000,Microprocessors,Sutton,Springer,2014
B03001,Cyber Security,Korth,Pearson,2026
B03002,Computer Networks,Galvin,Oxford,2012
B03003,Software Engineering,Ross,Pearson,2026
B03004,Compiler Design,Tanenbaum,McGraw Hill,2015
B03005,Python Programming,Silberschatz,Oxford,2016
B03006,Microprocessors,James,McGraw Hill,2016
B03007,Data Mining,Tanenbaum,Pearson,2021
B03008,Python Programming,Tanenbaum,Pearson,2023
B03009,Database Management Systems,Ross,McGraw Hill,2018
B03010,Deep Learning,James,McGraw Hill,2017
B03011,Algorithms,Galvin,Pearson,2015
B03012,Compiler Design,Sutton,Pearson,2026
B03013,Microprocessors,Silberschatz,Pearson,2023
B03014,Data Structures,Goodfellow,Wiley,2010
B03015,Database Management Systems,James,McGraw Hill,2021
B03016,Cyber Security,Goodfellow,Pearson,2026
B03017,Compiler Design,Korth,Springer,2021
B03018,Python Programming,Silberschatz,McGraw Hill,2026
B03019,Artificial Intelligence,Galvin,Oxford,2019
B03020,Statistics,Goodfellow,Springer,2015
B03021,Big Data,Stallings,Pearson,2017
B03022,Database Management Systems,Sutton,McGraw Hill,2015
B03023,Statistics,Goodfellow,Wiley,2026
B03024,Software Engineering,Ross,Wiley,2013
B03025,Artificial Intelligence,Galvin,McGraw Hill,2014
B03026,Deep Learning,Sutton,McGraw Hill,2016
B03027,Computer Networks,Ross,Oxford,2026
B03028,Deep Learning,Korth,Springer,2021
B03029,Discrete Mathematics,Ross,Pearson,2024
B03030,Data Structures,Ross,Springer,2023
B03031,Software Engineering,Stallings,McGraw Hill,2012
B03032,Discrete Mathematics,Cormen,McGraw Hill,2023
B03033,Algorithms,James,McGraw Hill,2025
B03034,Compiler Design,Sutton,McGraw Hill,2015
B03035,Big Data,Galvin,Springer,2026
B03036,Deep Learning,Sutton,Oxford,2011
B03037,Java Programming,Silberschatz,Oxford,2017
B03038,Data Mining,Sutton,McGraw Hill,2018
B03039,Data Mining,Sutton,Oxford,2022
B03040,Data Structures,Galvin,Oxford,2025
B03041,Machine Learning,Tanenbaum,McGraw Hill,2018
B03042,Artificial Intelligence,Galvin,McGraw Hill,2012
B03043,Computer Networks,James,Wiley,2013
B03044,Cyber Security,Tanenbaum,Springer,2011
B03045,Artificial Intelligence,Korth,McGraw Hill,2026
B03046,Cloud Computing,Cormen,McGraw Hill,2013
B03047,Computer Networks,Ross,McGraw Hill,2011
B03048,Statistics,Sutton,McGraw Hill,2017
B03049,Discrete Mathematics,Sutton,Pearson,2019
B03050,Database Management Systems,Silberschatz,Oxford,2023
B03051,Python Programming,Stallings,Oxford,2010
B03052,Cloud Computing,Cormen,Wiley,2025
B03053,Statistics,Silberschatz,McGraw Hill,2020
B03054,Software Engineering,Korth,McGraw Hill,2022
B03055,Computer Networks,Ross,McGraw Hill,2015
B03056,Java Programming,Tanenbaum,Wiley,2021
B03057,Data Mining,Silberschatz,Springer,2022
B03058,Database Management Systems,Sutton,Oxford,2018
B03059,Microprocessors,Korth,Springer,2021
B03060,Deep Learning,Cormen,Springer,2016
B03061,Discrete Mathematics,Cormen,Springer,2025
B03062,Artificial Intelligence,Sutton,Pearson,2018
B03063,Deep Learning,Tanenbaum,Springer,2010
B03064,Data Mining,Silberschatz,Pearson,2025
B03065,Software Engineering,Stallings,McGraw Hill,2025
B03066,Cloud Computing,Tanenbaum,Oxford,2025
B03067,Compiler Design,Silberschatz,Springer,2010
B03068,Java Programming,Korth,McGraw Hill,2025
B03069,Statistics,James,Springer,2026
B03070,Deep Learning,Korth,McGraw Hill,2013
B03071,Artificial Intelligence,Cormen,McGraw Hill,2022
B03072,Machine Learning,Cormen,Oxford,2019
B03073,Cyber Security,Sutton,Pearson,2025
B03074,Compiler Design,Tanenbaum,McGraw Hill,2022
B03075,Database Management Systems,James,Springer,2018
B03076,Software Engineering,Stallings,Springer,2026
B03077,Microprocessors,Galvin,McGraw Hill,2026
B03078,Digital Logic,Ross,Oxford,2013
B03079,Artificial Intelligence,James,Oxford,2018
B03080,Computer Networks,Sutton,Pearson,2026
B03081,Deep Learning,James,Wiley,2013
B03082,Python Programming,Silberschatz,Wiley,2012
B03083,Software Engineering,Korth,Springer,2015
B03084,Python Programming,Ross,Pearson,2011
B03085,Big Data,James,Oxford,2023
B03086,Compiler Design,Silberschatz,Oxford,2016
B03087,Big Data,Ross,McGraw Hill,2022
B03088,Data Mining,Korth,Wiley,2016
B03089,Compiler Design,Stallings,Pearson,2010
B03090,Statistics,Goodfellow,Wiley,2016
B03091,Algorithms,Galvin,Oxford,2020
B03092,Python Programming,Tanenbaum,Oxford,2010
B03093,Computer Networks,Galvin,Springer,2014
B03094,Machine Learning,Korth,Pearson,2019
B03095,Python Programming,Sutton,Wiley,2023
B03096,Algorithms,Korth,Oxford,2014
B03097,Artificial Intelligence,Stallings,Oxford,2017
B03098,Statistics,Tanenbaum,McGraw Hill,2019
B03099,Machine Learning,Sutton,McGraw Hill,2015
B03100,Machine Learning,James,Oxford,2010
B03101,Data Mining,Ross,Wiley,2025
B03102,Big Data,Ross,Oxford,2016
B03103,Big Data,Tanenbaum,Wiley,2012
B03104,Operating Systems,Stallings,Pearson,2021
B03105,Statistics,Stallings,Wiley,2012
B03106,Java Programming,Goodfellow,Wiley,2011
B03107,Cyber Security,Ross,Oxford,2012
B03108,Data Structures,James,McGraw Hill,2023
B03109,Software Engineering,Silberschatz,McGraw Hill,2020
B03110,Statistics,Stallings,Pearson,2018
B03111,Cyber Security,Silberschatz,Oxford,2015
B03112,Data Mining,Korth,McGraw Hill,2022
B03113,Big Data,Ross,Pearson,2022
B03114,Deep Learning,Silberschatz,Wiley,2011
B03115,Microprocessors,Silberschatz,Pearson,2021
B03116,Computer Networks,Galvin,Wiley,2014
B03117,Cyber Security,Cormen,McGraw Hill,2022
B03118,Cyber Security,James,Oxford,2021
B03119,Discrete Mathematics,Stallings,Oxford,2017
B03120,Compiler Design,Ross,Springer,2024
B03121,Software Engineering,Stallings,Oxford,2011
B03122,Data Mining,Cormen,Wiley,2015
B03123,Digital Logic,Stallings,Oxford,2013
B03124,Python Programming,Sutton,Wiley,2016
B03125,Big Data,Stallings,Wiley,2024
B03126,Algorithms,Sutton,McGraw Hill,2011
B03127,Python Programming,Galvin,Wiley,2021
B03128,Compiler Design,Galvin,Pearson,2014
B03129,Algorithms,Tanenbaum,Springer,2024
B03130,Artificial Intelligence,Korth,Oxford,2023
B03131,Cloud Computing,Sutton,Springer,2026
B03132,Microprocessors,Silberschatz,Oxford,2026
B03133,Cyber Security,Sutton,Pearson,2022
B03134,Cloud Computing,Cormen,Wiley,2021
B03135,Cyber Security,Ross,Pearson,2016
B03136,Operating Systems,Stallings,Oxford,2019
B03137,Data Structures,Cormen,Wiley,2022
B03138,Big Data,Cormen,Wiley,2010
B03139,Microprocessors,Stallings,Springer,2012
B03140,Computer Networks,Cormen,Oxford,2017
B03141,Microprocessors,Silberschatz,Oxford,2018
B03142,Cyber Security,James,Oxford,2013
B03143,Compiler Design,James,Springer,2022
B03144,Computer Networks,Galvin,Wiley,2019
B03145,Software Engineering,Ross,Wiley,2025
B03146,Java Programming,Goodfellow,Pearson,2010
B03147,Algorithms,Sutton,McGraw Hill,2014
B03148,Microprocessors,Silberschatz,Oxford,2026
B03149,Algorithms,James,Wiley,2016
B03150,Deep Learning,Galvin,McGraw Hill,2020
B03151,Data Structures,Stallings,Wiley,2020
B03152,Compiler Design,Cormen,Wiley,2010
B03153,Software Engineering,Stallings,McGraw Hill,2010
B03154,Algorithms,Stallings,Wiley,2018
B03155,Computer Networks,Tanenbaum,Oxford,2013
B03156,Algorithms,Stallings,McGraw Hill,2013
B03157,Discrete Mathematics,Goodfellow,Oxford,2017
B03158,Microprocessors,Sutton,Oxford,2012
B03159,Cloud Computing,Ross,Wiley,2022
B03160,Database Management Systems,Tanenbaum,McGraw Hill,2010
B03161,Digital Logic,Cormen,McGraw Hill,2017
B03162,Cloud Computing,Cormen,Wiley,2012
B03163,Big Data,Cormen,Oxford,2025
B03164,Database Management Systems,Goodfellow,Wiley,2014
B03165,Machine Learning,Ross,McGraw Hill,2014
B03166,Cloud Computing,Silberschatz,Oxford,2013
B03167,Database Management Systems,Stallings,Springer,2021
B03168,Software Engineering,Cormen,Wiley,2023
B03169,Data Structures,Stallings,Oxford,2013
B03170,Software Engineering,Cormen,McGraw Hill,2017
B03171,Cyber Security,Galvin,Wiley,2016
B03172,Computer Networks,James,Springer,2015
B03173,Artificial Intelligence,James,Oxford,2022
B03174,Data Structures,Tanenbaum,McGraw Hill,2021
B03175,Cyber Security,Korth,Wiley,2024
B03176,Machine Learning,Galvin,Pearson,2025
B03177,Machine Learning,Silberschatz,Wiley,2017
B03178,Java Programming,Tanenbaum,Oxford,2026
B03179,Data Structures,Tanenbaum,Pearson,2026
B03180,Java Programming,James,McGraw Hill,2016
B03181,Statistics,Galvin,Oxford,2013
B03182,Big Data,James,Oxford,2011
B03183,Cloud Computing,Silberschatz,Pearson,2020
B03184,Cloud Computing,Silberschatz,McGraw Hill,2026
B03185,Statistics,Tanenbaum,Wiley,2010
B03186,Deep Learning,Cormen,Pearson,2024
B03187,Python Programming,Korth,Springer,2011
B03188,Big Data,Ross,McGraw Hill,2023
B03189,Digital Logic,James,McGraw Hill,2012
B03190,Digital Logic,Goodfellow,Oxford,2016
B03191,Operating Systems,Sutton,Pearson,2025
B03192,Python Programming,Korth,Pearson,2026
B03193,Algorithms,Silberschatz,Springer,2019
B03194,Compiler Design,Ross,McGraw Hill,2014
B03195,Python Programming,Stallings,Oxford,2025
B03196,Database Management Systems,Silberschatz,Oxford,2025
B03197,Deep Learning,Tanenbaum,Pearson,2019
B03198,Compiler Design,Galvin,Springer,2020
B03199,Database Management Systems,Cormen,Pearson,2022
B03200,Algorithms,Cormen,Oxford,2019
B03201,Algorithms,James,Springer,2024
B03202,Software Engineering,Silberschatz,Wiley,2024
B03203,Database Management Systems,Tanenbaum,Oxford,2024
B03204,Statistics,Cormen,Pearson,2014
B03205,Software Engineering,Korth,Oxford,2013
B03206,Java Programming,James,Wiley,2012
B03207,Database Management Systems,Korth,Springer,2013
B03208,Artificial Intelligence,Stallings,McGraw Hill,2013
B03209,Artificial Intelligence,Galvin,Wiley,2012
B03210,Cloud Computing,James,Springer,2015
B03211,Artificial Intelligence,Tanenbaum,Springer,2021
B03212,Data Structures,Ross,Wiley,2015
B03213,Artificial Intelligence,Goodfellow,Wiley,2018
B03214,Operating Systems,Goodfellow,Oxford,2024
B03215,Python Programming,Goodfellow,Oxford,2014
B03216,Digital Logic,Sutton,Pearson,2014
B03217,Microprocessors,Korth,Pearson,2010
B03218,Operating Systems,Stallings,Oxford,2024
B03219,Algorithms,Tanenbaum,Pearson,2015
B03220,Cyber Security,Korth,Pearson,2020
B03221,Digital Logic,Cormen,Springer,2021
B03222,Discrete Mathematics,Cormen,Springer,2010
B03223,Algorithms,Cormen,Pearson,2015
B03224,Data Structures,Korth,Oxford,2017
B03225,Data Structures,Silberschatz,Wiley,2026
B03226,Data Structures,Stallings,Oxford,2024
B03227,Operating Systems,Tanenbaum,Oxford,2010
B03228,Python Programming,Cormen,Wiley,2015
B03229,Cloud Computing,Stallings,Pearson,2026
B03230,Deep Learning,Cormen,Pearson,2017
B03231,Cloud Computing,James,McGraw Hill,2019
B03232,Data Structures,Goodfellow,Springer,2021
B03233,Database Management Systems,Galvin,Pearson,2010
B03234,Algorithms,Tanenbaum,Wiley,2020
B03235,Digital Logic,Stallings,Oxford,2018
B03236,Data Structures,Stallings,McGraw Hill,2024
B03237,Data Structures,James,McGraw Hill,2024
B03238,Deep Learning,Galvin,McGraw Hill,2020
B03239,Cloud Computing,Cormen,Pearson,2017
B03240,Database Management Systems,Goodfellow,McGraw Hill,2016
B03241,Computer Networks,Korth,Oxford,2015
B03242,Database Management Systems,Sutton,McGraw Hill,2013
B03243,Java Programming,Ross,Oxford,2020
B03244,Compiler Design,Ross,Pearson,2023
B03245,Compiler Design,Korth,Pearson,2016
B03246,Computer Networks,Stallings,Springer,2016
B03247,Compiler Design,James,Springer,2012
B03248,Discrete Mathematics,Silberschatz,Wiley,2012
B03249,Java Programming,Sutton,Wiley,2017
B03250,Microprocessors,Cormen,Oxford,2025
B03251,Machine Learning,Galvin,Oxford,2024
B03252,Computer Networks,Silberschatz,Wiley,2016
B03253,Digital Logic,Sutton,McGraw Hill,2019
B03254,Discrete Mathematics,Galvin,Springer,2015
B03255,Digital Logic,Korth,McGraw Hill,2017
B03256,Operating Systems,Cormen,McGraw Hill,2025
B03257,Data Mining,Korth,Wiley,2018
B03258,Discrete Mathematics,Ross,Wiley,2026
B03259,Statistics,Tanenbaum,Wiley,2012
B03260,Operating Systems,Cormen,Oxford,2023
B03261,Microprocessors,Korth,Pearson,2025
B03262,Microprocessors,Silberschatz,McGraw Hill,2025
B03263,Deep Learning,Korth,Springer,2014
B03264,Cloud Computing,Tanenbaum,McGraw Hill,2019
B03265,Software Engineering,Cormen,Pearson,2011
B03266,Digital Logic,Goodfellow,Oxford,2017
B03267,Data Structures,Stallings,Wiley,2019
B03268,Statistics,Tanenbaum,Oxford,2024
B03269,Java Programming,Korth,Pearson,2019
B03270,Statistics,Cormen,Wiley,2022
B03271,Data Mining,Stallings,Oxford,2011
B03272,Compiler Design,Ross,McGraw Hill,2018
B03273,Python Programming,Galvin,Oxford,2013
B03274,Python Programming,Galvin,McGraw Hill,2022
B03275,Microprocessors,Korth,Springer,2025
B03276,Artificial Intelligence,Stallings,Pearson,2012
B03277,Machine Learning,James,Oxford,2012
B03278,Microprocessors,Stallings,Pearson,2023
B03279,Database Management Systems,Tanenbaum,Oxford,2025
B03280,Computer Networks,Korth,McGraw Hill,2013
B03281,Cloud Computing,Silberschatz,McGraw Hill,2022
B03282,Data Structures,Ross,Oxford,2019
B03283,Python Programming,Silberschatz,Wiley,2020
B03284,Database Management Systems,Goodfellow,Oxford,2026
B03285,Data Mining,Silberschatz,Pearson,2021
B03286,Operating Systems,Sutton,McGraw Hill,2014
B03287,Compiler Design,James,Pearson,2022
B03288,Compiler Design,Ross,Wiley,2010
B03289,Operating Systems,James,McGraw Hill,2023
B03290,Machine Learning,Galvin,Wiley,2019
B03291,Java Programming,Sutton,McGraw Hill,2017
B03292,Operating Systems,Cormen,Pearson,2022
B03293,Python Programming,Goodfellow,Oxford,2022
B03294,Python Programming,Tanenbaum,Springer,2016
B03295,Python Programming,James,Springer,2024
B03296,Database Management Systems,Ross,Oxford,2024
B03297,Statistics,Sutton,Springer,2022
B03298,Compiler Design,Stallings,Oxford,2020
B03299,Java Programming,Korth,Oxford,2012
B03300,Big Data,Korth,Oxford,2014
B03301,Microprocessors,Silberschatz,Springer,2021
B03302,Python Programming,James,Pearson,2020
B03303,Java Programming,James,Springer,2016
B03304,Algorithms,Tanenbaum,Wiley,2012
B03305,Statistics,Korth,Springer,2016
B03306,Software Engineering,Stallings,Wiley,2019
B03307,Cyber Security,James,Wiley,2010
B03308,Big Data,James,Oxford,2014
B03309,Deep Learning,Stallings,Wiley,2012
B03310,Deep Learning,James,Wiley,2020
B03311,Data Mining,Korth,Oxford,2021
B03312,Compiler Design,Sutton,Oxford,2025
B03313,Compiler Design,Goodfellow,Wiley,2011
B03314,Python Programming,Ross,Pearson,2017
B03315,Big Data,Korth,Springer,2026
B03316,Java Programming,Silberschatz,Oxford,2011
B03317,Algorithms,Ross,Springer,2015
B03318,Computer Networks,Korth,Oxford,2015
B03319,Algorithms,Ross,Pearson,2017
B03320,Microprocessors,Cormen,Wiley,2012
B03321,Operating Systems,Silberschatz,Wiley,2017
B03322,Big Data,Korth,Wiley,2020
B03323,Computer Networks,Silberschatz,Springer,2021
B03324,Algorithms,Galvin,McGraw Hill,2011
B03325,Compiler Design,Cormen,Wiley,2018
B03326,Algorithms,Korth,Pearson,2024
B03327,Artificial Intelligence,Ross,Pearson,2013
B03328,Software Engineering,Cormen,McGraw Hill,2025
B03329,Big Data,James,McGraw Hill,2010
B03330,Artificial Intelligence,Silberschatz,Springer,2020
B03331,Software Engineering,James,Pearson,2014
B03332,Cyber Security,Silberschatz,McGraw Hill,2019
B03333,Python Programming,Korth,Oxford,2013
B03334,Python Programming,Goodfellow,Springer,2023
B03335,Python Programming,Sutton,McGraw Hill,2010
B03336,Data Structures,Ross,McGraw Hill,2016
B03337,Computer Networks,Tanenbaum,Pearson,2013
B03338,Cloud Computing,Sutton,McGraw Hill,2020
B03339,Algorithms,Goodfellow,Wiley,2012
B03340,Compiler Design,Cormen,Wiley,2021
B03341,Deep Learning,Goodfellow,Pearson,2018
B03342,Digital Logic,Goodfellow,Springer,2022
B03343,Microprocessors,Stallings,Oxford,2022
B03344,Computer Networks,Stallings,Pearson,2025
B03345,Statistics,Goodfellow,McGraw Hill,2025
B03346,Cloud Computing,James,Springer,2022
B03347,Discrete Mathematics,Tanenbaum,McGraw Hill,2021
B03348,Discrete Mathematics,Silberschatz,Wiley,2022
B03349,Artificial Intelligence,Stallings,McGraw Hill,2021
B03350,Database Management Systems,James,Pearson,2011
B03351,Cloud Computing,Cormen,Oxford,2022
B03352,Compiler Design,Stallings,Oxford,2017
B03353,Operating Systems,Sutton,Oxford,2011
B03354,Java Programming,Galvin,McGraw Hill,2023
B03355,Statistics,Goodfellow,McGraw Hill,2018
B03356,Statistics,Ross,Wiley,2016
B03357,Compiler Design,Ross,Pearson,2012
B03358,Software Engineering,Cormen,McGraw Hill,2019
B03359,Java Programming,Goodfellow,Springer,2012
B03360,Artificial Intelligence,Sutton,McGraw Hill,2015
B03361,Algorithms,Stallings,Wiley,2016
B03362,Database Management Systems,Stallings,Wiley,2018
B03363,Compiler Design,Sutton,Springer,2017
B03364,Java Programming,Tanenbaum,Oxford,2010
B03365,Python Programming,Cormen,McGraw Hill,2013
B03366,Cloud Computing,Cormen,Springer,2021
B03367,Big Data,Tanenbaum,McGraw Hill,2021
B03368,Digital Logic,Sutton,Wiley,2012
B03369,Big Data,Silberschatz,McGraw Hill,2015
B03370,Cloud Computing,Korth,Pearson,2015
B03371,Data Mining,Cormen,Wiley,2010
B03372,Compiler Design,Tanenbaum,Pearson,2022
B03373,Discrete Mathematics,James,Springer,2010
B03374,Software Engineering,Korth,Pearson,2016
B03375,Digital Logic,Stallings,Pearson,2015
B03376,Computer Networks,Tanenbaum,McGraw Hill,2025
B03377,Data Mining,Cormen,Pearson,2012
B03378,Microprocessors,James,Wiley,2022
B03379,Compiler Design,Tanenbaum,Oxford,2015
B03380,Big Data,Goodfellow,Pearson,2016
B03381,Cloud Computing,Goodfellow,Oxford,2024
B03382,Computer Networks,Korth,Pearson,2014
B03383,Software Engineering,Stallings,Oxford,2016
B03384,Machine Learning,Sutton,McGraw Hill,2025
B03385,Python Programming,Cormen,Oxford,2016
B03386,Algorithms,Silberschatz,Springer,2011
B03387,Software Engineering,Tanenbaum,Springer,2017
B03388,Cloud Computing,Ross,Pearson,2026
B03389,Microprocessors,Galvin,Pearson,2015
B03390,Java Programming,Silberschatz,Pearson,2023
B03391,Big Data,Stallings,McGraw Hill,2024
B03392,Cloud Computing,Stallings,McGraw Hill,2016
B03393,Cyber Security,Sutton,McGraw Hill,2011
B03394,Database Management Systems,Goodfellow,Springer,2022
B03395,Big Data,Stallings,Pearson,2023
B03396,Data Structures,James,Pearson,2025
B03397,Artificial Intelligence,Korth,Pearson,2026
B03398,Python Programming,Sutton,Springer,2020
B03399,Discrete Mathematics,James,McGraw Hill,2020
B03400,Cloud Computing,Stallings,Wiley,2017
B03401,Microprocessors,James,Oxford,2023
B03402,Machine Learning,Ross,Oxford,2024
B03403,Computer Networks,Galvin,Wiley,2020
B03404,Deep Learning,Ross,Wiley,2013
B03405,Digital Logic,Cormen,Pearson,2026
B03406,Microprocessors,Korth,Oxford,2015
B03407,Cyber Security,Tanenbaum,Wiley,2024
B03408,Python Programming,Cormen,Wiley,2013
B03409,Data Mining,Goodfellow,Pearson,2022
B03410,Python Programming,Goodfellow,Pearson,2018
B03411,Data Mining,Ross,Pearson,2012
B03412,Data Mining,Korth,McGraw Hill,2013
B03413,Discrete Mathematics,Silberschatz,Pearson,2019
B03414,Operating Systems,Tanenbaum,Oxford,2018
B03415,Algorithms,Tanenbaum,Pearson,2020
B03416,Data Structures,Ross,Springer,2020
B03417,Database Management Systems,Cormen,Pearson,2021
B03418,Cyber Security,Goodfellow,Wiley,2015
B03419,Digital Logic,Tanenbaum,McGraw Hill,2024
B03420,Cyber Security,Galvin,Oxford,2019
B03421,Digital Logic,Tanenbaum,McGraw Hill,2012
B03422,Database Management Systems,Korth,Oxford,2023
B03423,Digital Logic,Korth,Pearson,2023
B03424,Python Programming,Korth,Oxford,2016
B03425,Data Structures,Galvin,McGraw Hill,2011
B03426,Deep Learning,Galvin,Springer,2024
B03427,Computer Networks,James,Oxford,2025
B03428,Statistics,Cormen,McGraw Hill,2012
B03429,Database Management Systems,James,Springer,2023
B03430,Artificial Intelligence,Galvin,Pearson,2020
B03431,Data Mining,James,Springer,2012
B03432,Java Programming,Korth,Springer,2026
B03433,Software Engineering,Cormen,Oxford,2016
B03434,Artificial Intelligence,James,Oxford,2013
B03435,Digital Logic,James,Oxford,2012
B03436,Digital Logic,Cormen,Pearson,2015
B03437,Cyber Security,Galvin,McGraw Hill,2010
B03438,Cloud Computing,Korth,McGraw Hill,2013
B03439,Database Management Systems,Cormen,Wiley,2024
B03440,Data Structures,Korth,Wiley,2010
B03441,Digital Logic,Cormen,Pearson,2015
B03442,Java Programming,Ross,McGraw Hill,2024
B03443,Microprocessors,Sutton,Oxford,2022
B03444,Data Mining,James,Pearson,2015
B03445,Algorithms,Goodfellow,McGraw Hill,2011
B03446,Python Programming,Ross,Oxford,2010
B03447,Software Engineering,Ross,Wiley,2026
B03448,Cyber Security,Sutton,Oxford,2019
B03449,Machine Learning,Ross,Pearson,2020
B03450,Statistics,Ross,Oxford,2023
B03451,Machine Learning,James,Springer,2011
B03452,Cloud Computing,Stallings,Wiley,2025
B03453,Software Engineering,Cormen,Wiley,2018
B03454,Cyber Security,Ross,Wiley,2016
B03455,Data Mining,Stallings,Pearson,2013
B03456,Software Engineering,Sutton,Oxford,2011
B03457,Microprocessors,Goodfellow,Wiley,2022
B03458,Software Engineering,Cormen,Wiley,2014
B03459,Discrete Mathematics,Tanenbaum,McGraw Hill,2019
B03460,Algorithms,Ross,Pearson,2016
B03461,Operating Systems,James,Springer,2022
B03462,Discrete Mathematics,Silberschatz,Oxford,2010
B03463,Discrete Mathematics,Stallings,Oxford,2022
B03464,Java Programming,Goodfellow,McGraw Hill,2018
B03465,Data Mining,Goodfellow,McGraw Hill,2016
B03466,Big Data,Silberschatz,Oxford,2015
B03467,Machine Learning,Ross,McGraw Hill,2013
B03468,Statistics,James,Wiley,2022
B03469,Machine Learning,Tanenbaum,Wiley,2017
B03470,Compiler Design,Goodfellow,Pearson,2024
B03471,Python Programming,Galvin,Pearson,2013
B03472,Algorithms,James,McGraw Hill,2023
B03473,Discrete Mathematics,Goodfellow,McGraw Hill,2018
B03474,Operating Systems,Galvin,Wiley,2020
B03475,Artificial Intelligence,Korth,Springer,2022
B03476,Operating Systems,Cormen,McGraw Hill,2017
B03477,Artificial Intelligence,Stallings,Pearson,2023
B03478,Cloud Computing,Goodfellow,Wiley,2023
B03479,Data Structures,Korth,Springer,2013
B03480,Computer Networks,Silberschatz,Wiley,2026
B03481,Microprocessors,Galvin,Wiley,2024
B03482,Computer Networks,Tanenbaum,Oxford,2026
B03483,Big Data,Goodfellow,Wiley,2014
B03484,Statistics,Galvin,Springer,2024
B03485,Big Data,Galvin,Pearson,2010
B03486,Machine Learning,Stallings,Wiley,2013
B03487,Digital Logic,Cormen,Oxford,2020
B03488,Python Programming,James,Wiley,2025
B03489,Statistics,Cormen,Wiley,2022
B03490,Microprocessors,Sutton,McGraw Hill,2021
B03491,Software Engineering,Korth,Pearson,2022
B03492,Big Data,Stallings,Wiley,2025
B03493,Discrete Mathematics,Goodfellow,Pearson,2017
B03494,Statistics,James,Springer,2023
B03495,Discrete Mathematics,Silberschatz,McGraw Hill,2013
B03496,Java Programming,Galvin,Pearson,2024
B03497,Algorithms,Goodfellow,Oxford,2010
B03498,Java Programming,Cormen,Pearson,2012
B03499,Statistics,Goodfellow,Oxford,2017
B03500,Statistics,Goodfellow,Springer,2016
B03501,Operating Systems,James,McGraw Hill,2010
B03502,Statistics,Ross,Oxford,2013
B03503,Data Structures,Silberschatz,McGraw Hill,2010
B03504,Big Data,Stallings,Oxford,2016
B03505,Java Programming,James,Oxford,2025
B03506,Compiler Design,Galvin,McGraw Hill,2015
B03507,Digital Logic,Galvin,McGraw Hill,2023
B03508,Big Data,Sutton,Pearson,2016
B03509,Database Management Systems,James,McGraw Hill,2022
B03510,Deep Learning,Ross,McGraw Hill,2010
B03511,Cloud Computing,Silberschatz,Springer,2020
B03512,Cyber Security,Cormen,Oxford,2020
B03513,Artificial Intelligence,Ross,McGraw Hill,2016
B03514,Deep Learning,Goodfellow,McGraw Hill,2021
B03515,Statistics,Cormen,Pearson,2019
B03516,Data Structures,Sutton,Wiley,2026
B03517,Operating Systems,Silberschatz,McGraw Hill,2022
B03518,Machine Learning,Ross,McGraw Hill,2011
B03519,Data Mining,Stallings,McGraw Hill,2020
B03520,Database Management Systems,Tanenbaum,Pearson,2014
B03521,Data Structures,Goodfellow,Oxford,2024
B03522,Cloud Computing,Sutton,Oxford,2012
B03523,Python Programming,Stallings,Wiley,2012
B03524,Data Structures,Korth,Springer,2022
B03525,Algorithms,Ross,Oxford,2010
B03526,Microprocessors,Galvin,McGraw Hill,2010
B03527,Cloud Computing,Silberschatz,McGraw Hill,2019
B03528,Computer Networks,Ross,Pearson,2020
B03529,Algorithms,Silberschatz,Pearson,2014
B03530,Compiler Design,Tanenbaum,Wiley,2013
B03531,Deep Learning,Stallings,Wiley,2023
B03532,Big Data,Cormen,Springer,2018
B03533,Deep Learning,Korth,Oxford,2011
B03534,Cloud Computing,Cormen,Pearson,2016
B03535,Big Data,Silberschatz,Pearson,2019
B03536,Algorithms,Cormen,Springer,2012
B03537,Deep Learning,Tanenbaum,Springer,2026
B03538,Database Management Systems,Cormen,McGraw Hill,2019
B03539,Cyber Security,Silberschatz,Springer,2022
B03540,Operating Systems,Cormen,Springer,2021
B03541,Big Data,James,Springer,2025
B03542,Big Data,Cormen,Springer,2018
B03543,Algorithms,Tanenbaum,Springer,2010
B03544,Python Programming,Silberschatz,Oxford,2023
B03545,Deep Learning,Sutton,Springer,2015
B03546,Cyber Security,Stallings,Springer,2010
B03547,Deep Learning,Silberschatz,Pearson,2022
B03548,Data Structures,Stallings,McGraw Hill,2025
B03549,Data Mining,Goodfellow,Wiley,2024
B03550,Algorithms,Goodfellow,Oxford,2025
B03551,Data Mining,Silberschatz,Pearson,2021
B03552,Microprocessors,Stallings,Oxford,2019
B03553,Cloud Computing,Sutton,McGraw Hill,2011
B03554,Artificial Intelligence,Cormen,Pearson,2011
B03555,Cyber Security,Galvin,Oxford,2013
B03556,Artificial Intelligence,Goodfellow,Wiley,2017
B03557,Deep Learning,Ross,McGraw Hill,2017
B03558,Deep Learning,Ross,Wiley,2020
B03559,Data Structures,Stallings,Springer,2013
B03560,Artificial Intelligence,Sutton,Springer,2025
B03561,Deep Learning,Korth,Springer,2026
B03562,Digital Logic,Ross,Springer,2017
B03563,Big Data,Cormen,Pearson,2014
B03564,Java Programming,Galvin,McGraw Hill,2011
B03565,Artificial Intelligence,Silberschatz,Springer,2019
B03566,Computer Networks,James,Wiley,2015
B03567,Cloud Computing,James,Wiley,2010
B03568,Algorithms,Silberschatz,McGraw Hill,2026
B03569,Java Programming,Galvin,Pearson,2012
B03570,Database Management Systems,Sutton,Wiley,2015
B03571,Computer Networks,Ross,Springer,2012
B03572,Data Structures,Cormen,McGraw Hill,2021
B03573,Software Engineering,Ross,Pearson,2013
B03574,Discrete Mathematics,Tanenbaum,Pearson,2017
B03575,Machine Learning,Sutton,Oxford,2015
B03576,Cloud Computing,Tanenbaum,Wiley,2012
B03577,Deep Learning,Tanenbaum,Pearson,2020
B03578,Discrete Mathematics,Galvin,Springer,2021
B03579,Cyber Security,Stallings,Pearson,2020
B03580,Cyber Security,Galvin,McGraw Hill,2025
B03581,Cyber Security,Sutton,Pearson,2013
B03582,Python Programming,Korth,Oxford,2022
B03583,Deep Learning,Korth,Wiley,2013
B03584,Data Mining,Stallings,Pearson,2017
B03585,Machine Learning,Cormen,Oxford,2022
B03586,Cloud Computing,Stallings,Springer,2016
B03587,Artificial Intelligence,Sutton,Oxford,2020
B03588,Artificial Intelligence,Sutton,Pearson,2010
B03589,Microprocessors,Galvin,Pearson,2015
B03590,Python Programming,Galvin,Wiley,2016
B03591,Microprocessors,Goodfellow,Oxford,2026
B03592,Statistics,Sutton,Wiley,2019
B03593,Cloud Computing,Tanenbaum,Wiley,2012
B03594,Software Engineering,Stallings,Springer,2012
B03595,Algorithms,Goodfellow,Springer,2018
B03596,Algorithms,Sutton,Pearson,2011
B03597,Algorithms,Korth,Wiley,2010
B03598,Data Structures,Sutton,McGraw Hill,2019
B03599,Software Engineering,Cormen,Pearson,2015
B03600,Python Programming,Silberschatz,McGraw Hill,2022
B03601,Data Mining,Tanenbaum,Oxford,2010
B03602,Data Mining,Galvin,McGraw Hill,2018
B03603,Statistics,Goodfellow,Oxford,2020
B03604,Cloud Computing,Stallings,Springer,2024
B03605,Microprocessors,Korth,Springer,2017
B03606,Operating Systems,Korth,McGraw Hill,2013
B03607,Machine Learning,Galvin,Pearson,2021
B03608,Discrete Mathematics,Korth,McGraw Hill,2020
B03609,Data Mining,Tanenbaum,McGraw Hill,2016
B03610,Machine Learning,Cormen,Oxford,2024
B03611,Big Data,Sutton,Pearson,2021
B03612,Cloud Computing,Silberschatz,Wiley,2012
B03613,Artificial Intelligence,Cormen,Wiley,2021
B03614,Algorithms,Silberschatz,Springer,2022
B03615,Machine Learning,Sutton,McGraw Hill,2014
B03616,Compiler Design,Ross,Pearson,2015
B03617,Software Engineering,Goodfellow,Pearson,2012
B03618,Python Programming,Galvin,Pearson,2026
B03619,Python Programming,Korth,McGraw Hill,2017
B03620,Digital Logic,Ross,McGraw Hill,2018
B03621,Data Structures,Korth,Wiley,2021
B03622,Microprocessors,Goodfellow,Pearson,2025
B03623,Computer Networks,Korth,Pearson,2014
B03624,Artificial Intelligence,Cormen,Pearson,2023
B03625,Algorithms,Ross,McGraw Hill,2012
B03626,Cloud Computing,Stallings,McGraw Hill,2014
B03627,Java Programming,Goodfellow,Springer,2015
B03628,Big Data,Korth,Wiley,2014
B03629,Deep Learning,Cormen,Pearson,2012
B03630,Operating Systems,Cormen,Oxford,2013
B03631,Deep Learning,Silberschatz,Wiley,2022
B03632,Artificial Intelligence,Ross,Wiley,2019
B03633,Algorithms,Stallings,Pearson,2011
B03634,Discrete Mathematics,Ross,Wiley,2015
B03635,Deep Learning,Cormen,McGraw Hill,2023
B03636,Compiler Design,Cormen,McGraw Hill,2014
B03637,Computer Networks,Ross,Springer,2021
B03638,Operating Systems,Galvin,McGraw Hill,2014
B03639,Data Mining,Goodfellow,Oxford,2012
B03640,Deep Learning,Ross,Wiley,2024
B03641,Python Programming,Sutton,Pearson,2022
B03642,Statistics,Galvin,Springer,2024
B03643,Cyber Security,Korth,Oxford,2015
B03644,Big Data,Korth,Springer,2022
B03645,Deep Learning,Silberschatz,Oxford,2018
B03646,Machine Learning,James,Springer,2018
B03647,Big Data,Cormen,McGraw Hill,2024
B03648,Microprocessors,Tanenbaum,Oxford,2021
B03649,Big Data,Stallings,Pearson,2025
B03650,Algorithms,Ross,Oxford,2010
B03651,Data Structures,Goodfellow,McGraw Hill,2024
B03652,Machine Learning,Sutton,Springer,2011
B03653,Compiler Design,Galvin,Pearson,2011
B03654,Compiler Design,Galvin,Springer,2012
B03655,Algorithms,James,McGraw Hill,2017
B03656,Cyber Security,Tanenbaum,Oxford,2014
B03657,Database Management Systems,James,Oxford,2018
B03658,Java Programming,Ross,Springer,2025
B03659,Statistics,Goodfellow,Oxford,2019
B03660,Data Mining,Silberschatz,McGraw Hill,2020
B03661,Statistics,Ross,Oxford,2018
B03662,Machine Learning,Galvin,McGraw Hill,2025
B03663,Digital Logic,Goodfellow,Springer,2021
B03664,Microprocessors,Silberschatz,McGraw Hill,2019
B03665,Java Programming,Goodfellow,Wiley,2026
B03666,Microprocessors,Ross,Wiley,2010
B03667,Algorithms,James,Springer,2014
B03668,Artificial Intelligence,Tanenbaum,McGraw Hill,2018
B03669,Digital Logic,Silberschatz,Oxford,2016
B03670,Big Data,James,Oxford,2025
B03671,Machine Learning,Tanenbaum,Springer,2022
B03672,Software Engineering,Silberschatz,Oxford,2021
B03673,Algorithms,James,Pearson,2012
B03674,Compiler Design,James,Oxford,2013
B03675,Data Mining,Stallings,McGraw Hill,2010
B03676,Cloud Computing,Galvin,McGraw Hill,2013
B03677,Data Structures,Korth,Springer,2016
B03678,Cloud Computing,Tanenbaum,Oxford,2025
B03679,Data Structures,Sutton,Pearson,2012
B03680,Machine Learning,Silberschatz,Springer,2025
B03681,Big Data,Galvin,Wiley,2023
B03682,Java Programming,Stallings,Oxford,2024
B03683,Digital Logic,Goodfellow,Pearson,2013
B03684,Python Programming,Galvin,Springer,2010
B03685,Python Programming,Cormen,Pearson,2015
B03686,Algorithms,Tanenbaum,Wiley,2016
B03687,Cyber Security,Tanenbaum,Oxford,2022
B03688,Microprocessors,Ross,McGraw Hill,2014
B03689,Software Engineering,Goodfellow,Pearson,2023
B03690,Computer Networks,Goodfellow,Oxford,2024
B03691,Cloud Computing,Stallings,Springer,2018
B03692,Data Mining,Galvin,Wiley,2024
B03693,Data Mining,Silberschatz,Wiley,2023
B03694,Software Engineering,James,Oxford,2012
B03695,Software Engineering,Ross,McGraw Hill,2013
B03696,Machine Learning,Sutton,McGraw Hill,2019
B03697,Software Engineering,James,McGraw Hill,2010
B03698,Algorithms,Sutton,Pearson,2010
B03699,Statistics,Sutton,Oxford,2019
B03700,Cloud Computing,Sutton,McGraw Hill,2019
B03701,Computer Networks,Stallings,Springer,2023
B03702,Discrete Mathematics,Tanenbaum,McGraw Hill,2015
B03703,Cloud Computing,Korth,Oxford,2017
B03704,Software Engineering,Silberschatz,Springer,2017
B03705,Operating Systems,Tanenbaum,Springer,2021
B03706,Digital Logic,Goodfellow,Wiley,2026
B03707,Cyber Security,Stallings,Springer,2014
B03708,Python Programming,Stallings,McGraw Hill,2015
B03709,Database Management Systems,Cormen,Wiley,2013
B03710,Digital Logic,Galvin,Wiley,2014
B03711,Data Mining,Ross,Wiley,2012
B03712,Deep Learning,Silberschatz,Wiley,2023
B03713,Statistics,Galvin,Wiley,2011
B03714,Discrete Mathematics,Goodfellow,McGraw Hill,2019
B03715,Cyber Security,Silberschatz,Oxford,2011
B03716,Computer Networks,Ross,McGraw Hill,2014
B03717,Compiler Design,Tanenbaum,Springer,2012
B03718,Algorithms,James,Springer,2014
B03719,Algorithms,Stallings,Springer,2014
B03720,Compiler Design,Korth,Wiley,2023
B03721,Machine Learning,James,Pearson,2015
B03722,Data Mining,Silberschatz,McGraw Hill,2024
B03723,Cyber Security,Galvin,Wiley,2014
B03724,Compiler Design,Korth,McGraw Hill,2020
B03725,Python Programming,Galvin,Springer,2026
B03726,Compiler Design,Korth,McGraw Hill,2023
B03727,Machine Learning,Tanenbaum,Springer,2014
B03728,Artificial Intelligence,Galvin,Springer,2017
B03729,Operating Systems,Goodfellow,Springer,2012
B03730,Data Structures,Sutton,Pearson,2022
B03731,Data Mining,James,Pearson,2026
B03732,Cloud Computing,James,Oxford,2012
B03733,Java Programming,Stallings,Wiley,2017
B03734,Database Management Systems,Silberschatz,McGraw Hill,2014
B03735,Software Engineering,James,Springer,2013
B03736,Data Mining,Cormen,McGraw Hill,2014
B03737,Computer Networks,Tanenbaum,Springer,2014
B03738,Computer Networks,Silberschatz,McGraw Hill,2011
B03739,Algorithms,Sutton,Pearson,2012
B03740,Cloud Computing,Ross,Wiley,2025
B03741,Deep Learning,Silberschatz,Oxford,2011
B03742,Discrete Mathematics,Cormen,Springer,2012
B03743,Software Engineering,Stallings,Wiley,2021
B03744,Java Programming,James,McGraw Hill,2021
B03745,Python Programming,Goodfellow,Springer,2024
B03746,Big Data,Sutton,Pearson,2011
B03747,Data Mining,Silberschatz,Wiley,2017
B03748,Operating Systems,Ross,Wiley,2018
B03749,Microprocessors,Stallings,McGraw Hill,2023
B03750,Cyber Security,Goodfellow,Pearson,2021
B03751,Java Programming,Galvin,Springer,2019
B03752,Algorithms,Ross,Springer,2026
B03753,Software Engineering,Korth,Springer,2012
B03754,Machine Learning,Ross,Wiley,2019
B03755,Discrete Mathematics,Goodfellow,Wiley,2023
B03756,Artificial Intelligence,Cormen,Wiley,2011
B03757,Cyber Security,Silberschatz,McGraw Hill,2026
B03758,Big Data,Goodfellow,Oxford,2021
B03759,Data Structures,Korth,Pearson,2020
B03760,Cyber Security,Silberschatz,McGraw Hill,2018
B03761,Database Management Systems,Tanenbaum,Springer,2011
B03762,Data Structures,Sutton,Springer,2010
B03763,Data Structures,Galvin,Wiley,2019
B03764,Java Programming,Ross,Wiley,2011
B03765,Cyber Security,Silberschatz,Springer,2010
B03766,Machine Learning,Cormen,McGraw Hill,2017
B03767,Deep Learning,Stallings,Wiley,2011
B03768,Java Programming,Sutton,McGraw Hill,2012
B03769,Operating Systems,Stallings,Oxford,2010
B03770,Software Engineering,Goodfellow,Springer,2023
B03771,Cloud Computing,Sutton,Wiley,2023
B03772,Data Mining,Goodfellow,Oxford,2010
B03773,Software Engineering,Silberschatz,Oxford,2011
B03774,Java Programming,Sutton,Oxford,2024
B03775,Python Programming,Goodfellow,McGraw Hill,2025
B03776,Microprocessors,Korth,Pearson,2023
B03777,Discrete Mathematics,Galvin,Springer,2016
B03778,Data Structures,Sutton,Springer,2016
B03779,Python Programming,Tanenbaum,McGraw Hill,2014
B03780,Compiler Design,Ross,Pearson,2010
B03781,Data Mining,Galvin,Springer,2020
B03782,Java Programming,Ross,Springer,2010
B03783,Java Programming,Ross,Oxford,2022
B03784,Deep Learning,Ross,McGraw Hill,2020
B03785,Compiler Design,Cormen,McGraw Hill,2014
B03786,Discrete Mathematics,Silberschatz,Pearson,2013
B03787,Statistics,Cormen,Wiley,2013
B03788,Big Data,Galvin,Pearson,2015
B03789,Statistics,Cormen,Pearson,2016
B03790,Operating Systems,Tanenbaum,Oxford,2025
B03791,Digital Logic,Tanenbaum,Springer,2025
B03792,Compiler Design,Tanenbaum,Springer,2022
B03793,Microprocessors,Tanenbaum,Springer,2020
B03794,Discrete Mathematics,Korth,Springer,2013
B03795,Artificial Intelligence,Ross,Oxford,2016
B03796,Python Programming,Korth,Springer,2011
B03797,Statistics,James,Pearson,2015
B03798,Java Programming,Galvin,Wiley,2020
B03799,Statistics,James,McGraw Hill,2020
B03800,Deep Learning,Sutton,Wiley,2012
B03801,Data Structures,Silberschatz,Springer,2022
B03802,Deep Learning,Cormen,McGraw Hill,2015
B03803,Machine Learning,Silberschatz,Pearson,2025
B03804,Cloud Computing,Tanenbaum,McGraw Hill,2026
B03805,Algorithms,James,Springer,2014
B03806,Data Mining,Stallings,Oxford,2022
B03807,Microprocessors,Tanenbaum,Wiley,2015
B03808,Cyber Security,James,Oxford,2013
B03809,Algorithms,Stallings,Springer,2011
B03810,Java Programming,Goodfellow,Wiley,2020
B03811,Data Structures,Cormen,Springer,2023
B03812,Software Engineering,Goodfellow,Pearson,2021
B03813,Cloud Computing,Tanenbaum,Pearson,2024
B03814,Data Structures,Goodfellow,Pearson,2016
B03815,Microprocessors,Sutton,Oxford,2021
B03816,Artificial Intelligence,Sutton,Springer,2026
B03817,Deep Learning,Galvin,Pearson,2021
B03818,Microprocessors,Silberschatz,Wiley,2017
B03819,Cloud Computing,James,Oxford,2011
B03820,Operating Systems,Cormen,McGraw Hill,2019
B03821,Statistics,Tanenbaum,Springer,2017
B03822,Machine Learning,Sutton,Springer,2014
B03823,Data Mining,Silberschatz,McGraw Hill,2025
B03824,Deep Learning,Cormen,McGraw Hill,2023
B03825,Computer Networks,Cormen,McGraw Hill,2019
B03826,Operating Systems,Stallings,McGraw Hill,2017
B03827,Data Mining,Tanenbaum,McGraw Hill,2023
B03828,Software Engineering,Tanenbaum,Springer,2014
B03829,Operating Systems,Tanenbaum,Pearson,2017
B03830,Cloud Computing,Ross,McGraw Hill,2011
B03831,Deep Learning,Stallings,Springer,2023
B03832,Deep Learning,James,Oxford,2016
B03833,Data Mining,Silberschatz,Pearson,2011
B03834,Operating Systems,Ross,Pearson,2014
B03835,Artificial Intelligence,Stallings,Springer,2015
B03836,Statistics,Sutton,Springer,2011
B03837,Big Data,James,McGraw Hill,2016
B03838,Cyber Security,Ross,Wiley,2012
B03839,Software Engineering,Goodfellow,Pearson,2015
B03840,Deep Learning,Sutton,McGraw Hill,2022
B03841,Digital Logic,Ross,Oxford,2020
B03842,Cloud Computing,Tanenbaum,Springer,2018
B03843,Operating Systems,James,Pearson,2013
B03844,Data Mining,James,Oxford,2023
B03845,Deep Learning,Stallings,Springer,2026
B03846,Deep Learning,Galvin,Springer,2021
B03847,Operating Systems,Korth,Springer,2014
B03848,Algorithms,Stallings,Springer,2010
B03849,Computer Networks,Stallings,Springer,2025
B03850,Data Structures,Sutton,Pearson,2013
B03851,Compiler Design,Cormen,Pearson,2018
B03852,Cyber Security,James,Wiley,2025
B03853,Big Data,Galvin,McGraw Hill,2025
B03854,Statistics,Sutton,Oxford,2019
B03855,Big Data,Ross,McGraw Hill,2017
B03856,Artificial Intelligence,Ross,Pearson,2023
B03857,Machine Learning,Stallings,Pearson,2019
B03858,Artificial Intelligence,Cormen,Springer,2013
B03859,Java Programming,Stallings,Wiley,2016
B03860,Machine Learning,Cormen,Pearson,2019
B03861,Statistics,James,Pearson,2014
B03862,Big Data,Korth,Wiley,2018
B03863,Cloud Computing,Stallings,Pearson,2017
B03864,Algorithms,Korth,Wiley,2016
B03865,Cyber Security,Cormen,Springer,2021
B03866,Software Engineering,Korth,Pearson,2016
B03867,Artificial Intelligence,James,Wiley,2016
B03868,Cyber Security,Ross,Springer,2026
B03869,Big Data,Sutton,Wiley,2013
B03870,Compiler Design,Ross,McGraw Hill,2018
B03871,Algorithms,Sutton,Pearson,2021
B03872,Deep Learning,Cormen,Pearson,2011
B03873,Java Programming,Korth,Wiley,2020
B03874,Deep Learning,Sutton,McGraw Hill,2020
B03875,Operating Systems,Korth,Pearson,2013
B03876,Cyber Security,James,Oxford,2016
B03877,Cyber Security,Sutton,Springer,2018
B03878,Discrete Mathematics,Stallings,McGraw Hill,2013
B03879,Operating Systems,Silberschatz,McGraw Hill,2013
B03880,Data Structures,Sutton,Springer,2013
B03881,Machine Learning,Silberschatz,Pearson,2011
B03882,Operating Systems,James,Springer,2017
B03883,Deep Learning,Tanenbaum,McGraw Hill,2019
B03884,Statistics,James,Pearson,2016
B03885,Software Engineering,Ross,Pearson,2015
B03886,Discrete Mathematics,Korth,Pearson,2024
B03887,Python Programming,Tanenbaum,Wiley,2019
B03888,Cyber Security,James,Wiley,2012
B03889,Discrete Mathematics,Silberschatz,Wiley,2024
B03890,Java Programming,Tanenbaum,Oxford,2020
B03891,Microprocessors,Stallings,Wiley,2026
B03892,Database Management Systems,Silberschatz,Pearson,2016
B03893,Deep Learning,Stallings,Wiley,2018
B03894,Data Mining,Tanenbaum,Springer,2025
B03895,Data Structures,Stallings,Springer,2016
B03896,Statistics,Tanenbaum,Oxford,2011
B03897,Digital Logic,Galvin,Oxford,2013
B03898,Java Programming,Silberschatz,Springer,2019
B03899,Operating Systems,Stallings,McGraw Hill,2025
B03900,Java Programming,Cormen,McGraw Hill,2025
B03901,Artificial Intelligence,Sutton,Pearson,2010
B03902,Discrete Mathematics,Sutton,McGraw Hill,2025
B03903,Software Engineering,Galvin,Oxford,2017
B03904,Machine Learning,Ross,Springer,2014
B03905,Database Management Systems,Korth,Oxford,2017
B03906,Cyber Security,Korth,Pearson,2011
B03907,Java Programming,Tanenbaum,McGraw Hill,2015
B03908,Microprocessors,Galvin,Pearson,2018
B03909,Cyber Security,Ross,McGraw Hill,2011
B03910,Digital Logic,Ross,Pearson,2020
B03911,Algorithms,Tanenbaum,Springer,2015
B03912,Database Management Systems,Ross,McGraw Hill,2020
B03913,Data Structures,James,Oxford,2013
B03914,Algorithms,Stallings,Oxford,2019
B03915,Data Structures,Goodfellow,Springer,2023
B03916,Cloud Computing,Silberschatz,Wiley,2025
B03917,Python Programming,Ross,Oxford,2014
B03918,Artificial Intelligence,Goodfellow,Oxford,2020
B03919,Discrete Mathematics,Ross,Pearson,2012
B03920,Statistics,Silberschatz,McGraw Hill,2019
B03921,Cloud Computing,Stallings,Wiley,2013
B03922,Cloud Computing,Sutton,Pearson,2011
B03923,Operating Systems,Korth,Pearson,2025
B03924,Software Engineering,Tanenbaum,Pearson,2023
B03925,Database Management Systems,Sutton,McGraw Hill,2017
B03926,Digital Logic,Silberschatz,Pearson,2010
B03927,Microprocessors,Sutton,McGraw Hill,2012
B03928,Deep Learning,Silberschatz,McGraw Hill,2022
B03929,Cloud Computing,Tanenbaum,Oxford,2022
B03930,Operating Systems,Silberschatz,Oxford,2011
B03931,Data Mining,Korth,Oxford,2020
B03932,Statistics,Goodfellow,Springer,2021
B03933,Operating Systems,Tanenbaum,Wiley,2010
B03934,Cloud Computing,Silberschatz,McGraw Hill,2020
B03935,Data Structures,Korth,Wiley,2019
B03936,Database Management Systems,Tanenbaum,Oxford,2012
B03937,Algorithms,Silberschatz,Wiley,2015
B03938,Artificial Intelligence,Ross,Oxford,2020
B03939,Compiler Design,Goodfellow,Pearson,2025
B03940,Algorithms,James,Pearson,2024
B03941,Operating Systems,Stallings,Pearson,2023
B03942,Artificial Intelligence,Cormen,Springer,2022
B03943,Discrete Mathematics,Goodfellow,Pearson,2016
B03944,Data Mining,Sutton,Oxford,2020
B03945,Cloud Computing,Sutton,Wiley,2021
B03946,Deep Learning,James,Oxford,2021
B03947,Microprocessors,Cormen,Wiley,2011
B03948,Digital Logic,Silberschatz,Pearson,2010
B03949,Digital Logic,Cormen,Springer,2012
B03950,Software Engineering,Ross,Wiley,2012
B03951,Microprocessors,Sutton,Pearson,2013
B03952,Operating Systems,Goodfellow,McGraw Hill,2022
B03953,Operating Systems,Tanenbaum,Springer,2013
B03954,Operating Systems,Cormen,Oxford,2013
B03955,Data Structures,Silberschatz,McGraw Hill,2019
B03956,Cloud Computing,Goodfellow,Pearson,2014
B03957,Algorithms,Tanenbaum,Oxford,2012
B03958,Computer Networks,Tanenbaum,Wiley,2010
B03959,Operating Systems,Sutton,Oxford,2024
B03960,Algorithms,Stallings,Springer,2019
B03961,Software Engineering,Goodfellow,Oxford,2017
B03962,Statistics,Ross,McGraw Hill,2019
B03963,Discrete Mathematics,Ross,Wiley,2024
B03964,Algorithms,Korth,Wiley,2024
B03965,Machine Learning,Korth,Oxford,2025
B03966,Big Data,Korth,Pearson,2025
B03967,Cyber Security,Korth,McGraw Hill,2026
B03968,Microprocessors,Galvin,Springer,2021
B03969,Algorithms,Ross,Springer,2026
B03970,Machine Learning,Sutton,Springer,2021
B03971,Compiler Design,Sutton,Springer,2024
B03972,Digital Logic,Ross,Oxford,2019
B03973,Digital Logic,Stallings,Wiley,2026
B03974,Algorithms,Cormen,Pearson,2014
B03975,Cloud Computing,Korth,McGraw Hill,2025
B03976,Software Engineering,Goodfellow,Wiley,2012
B03977,Deep Learning,Ross,Oxford,2015
B03978,Statistics,Ross,Oxford,2012
B03979,Data Mining,Cormen,Oxford,2012
B03980,Compiler Design,Galvin,Oxford,2022
B03981,Computer Networks,Korth,Pearson,2022
B03982,Operating Systems,Silberschatz,Wiley,2015
B03983,Microprocessors,Galvin,McGraw Hill,2012
B03984,Java Programming,Silberschatz,McGraw Hill,2023
B03985,Cyber Security,Sutton,Springer,2026
B03986,Java Programming,James,Wiley,2017
B03987,Microprocessors,Galvin,Springer,2026
B03988,Cloud Computing,Tanenbaum,Springer,2021
B03989,Operating Systems,Korth,Oxford,2011
B03990,Computer Networks,Goodfellow,Oxford,2016
B03991,Cyber Security,Silberschatz,McGraw Hill,2016
B03992,Compiler Design,Galvin,Oxford,2013
B03993,Cloud Computing,Korth,Pearson,2024
B03994,Artificial Intelligence,Galvin,Pearson,2022
B03995,Machine Learning,Stallings,Oxford,2026
B03996,Computer Networks,Tanenbaum,Pearson,2010
B03997,Software Engineering,Sutton,Oxford,2010
B03998,Digital Logic,Sutton,McGraw Hill,2021
B03999,Microprocessors,Korth,Wiley,2020
B04000,Python Programming,Sutton,Wiley,2021
B04001,Microprocessors,Korth,Springer,2011
B04002,Java Programming,Korth,Wiley,2026
B04003,Statistics,Silberschatz,McGraw Hill,2011
B04004,Cloud Computing,Galvin,Oxford,2018
B04005,Data Mining,Tanenbaum,Wiley,2017
B04006,Software Engineering,Ross,Pearson,2016
B04007,Data Structures,Ross,Springer,2019
B04008,Artificial Intelligence,Sutton,Springer,2021
B04009,Discrete Mathematics,James,Springer,2010
B04010,Database Management Systems,Stallings,Pearson,2010
B04011,Data Structures,Ross,Pearson,2017
B04012,Deep Learning,Sutton,Wiley,2022
B04013,Algorithms,James,McGraw Hill,2017
B04014,Operating Systems,Silberschatz,Pearson,2016
B04015,Software Engineering,James,Springer,2013
B04016,Machine Learning,Goodfellow,Wiley,2026
B04017,Big Data,Korth,Wiley,2018
B04018,Cyber Security,Stallings,Pearson,2024
B04019,Artificial Intelligence,James,Pearson,2022
B04020,Operating Systems,Silberschatz,Pearson,2016
B04021,Algorithms,Goodfellow,Springer,2023
B04022,Digital Logic,James,McGraw Hill,2023
B04023,Microprocessors,James,Pearson,2019
B04024,Big Data,Ross,Oxford,2012
B04025,Cloud Computing,James,Wiley,2018
B04026,Compiler Design,Ross,Oxford,2016
B04027,Software Engineering,Korth,Springer,2012
B04028,Cloud Computing,Tanenbaum,Springer,2020
B04029,Big Data,Tanenbaum,Pearson,2021
B04030,Algorithms,Tanenbaum,Wiley,2014
B04031,Operating Systems,Korth,Springer,2019
B04032,Artificial Intelligence,Sutton,McGraw Hill,2016
B04033,Deep Learning,Galvin,Oxford,2011
B04034,Java Programming,Ross,Pearson,2021
B04035,Cyber Security,Goodfellow,McGraw Hill,2019
B04036,Data Structures,Galvin,Springer,2019
B04037,Algorithms,Goodfellow,Pearson,2019
B04038,Computer Networks,Silberschatz,McGraw Hill,2012
B04039,Data Structures,Ross,Springer,2023
B04040,Database Management Systems,Goodfellow,Wiley,2012
B04041,Operating Systems,Cormen,Wiley,2022
B04042,Computer Networks,Galvin,Wiley,2024
B04043,Statistics,Sutton,Wiley,2024
B04044,Software Engineering,Silberschatz,McGraw Hill,2020
B04045,Digital Logic,Galvin,Oxford,2016
B04046,Python Programming,Ross,Springer,2023
B04047,Microprocessors,Tanenbaum,McGraw Hill,2010
B04048,Software Engineering,Goodfellow,Pearson,2013
B04049,Software Engineering,Korth,Springer,2016
B04050,Discrete Mathematics,Goodfellow,McGraw Hill,2019
B04051,Microprocessors,James,Pearson,2022
B04052,Cyber Security,Tanenbaum,Oxford,2022
B04053,Operating Systems,James,Wiley,2017
B04054,Machine Learning,Sutton,Oxford,2010
B04055,Compiler Design,Tanenbaum,Wiley,2025
B04056,Operating Systems,Sutton,Wiley,2024
B04057,Software Engineering,James,Wiley,2014
B04058,Algorithms,Korth,Wiley,2022
B04059,Digital Logic,Galvin,McGraw Hill,2025
B04060,Algorithms,Korth,Wiley,2018
B04061,Cloud Computing,James,McGraw Hill,2012
B04062,Compiler Design,Stallings,Pearson,2017
B04063,Java Programming,Tanenbaum,Springer,2022
B04064,Statistics,Cormen,Pearson,2010
B04065,Software Engineering,Cormen,Oxford,2026
B04066,Digital Logic,Ross,Wiley,2017
B04067,Data Mining,Galvin,Wiley,2024
B04068,Database Management Systems,Stallings,Wiley,2020
B04069,Data Structures,Stallings,Pearson,2025
B04070,Computer Networks,Stallings,Pearson,2014
B04071,Microprocessors,Ross,McGraw Hill,2026
B04072,Digital Logic,Korth,Oxford,2011
B04073,Big Data,Silberschatz,McGraw Hill,2010
B04074,Discrete Mathematics,Ross,McGraw Hill,2021
B04075,Algorithms,Korth,Springer,2013
B04076,Big Data,Goodfellow,Oxford,2015
B04077,Compiler Design,Tanenbaum,Wiley,2020
B04078,Digital Logic,Sutton,McGraw Hill,2016
B04079,Python Programming,Korth,Wiley,2026
B04080,Digital Logic,Sutton,Oxford,2025
B04081,Database Management Systems,Galvin,McGraw Hill,2025
B04082,Compiler Design,Sutton,Pearson,2019
B04083,Discrete Mathematics,Silberschatz,Oxford,2010
B04084,Machine Learning,Korth,Springer,2024
B04085,Artificial Intelligence,Cormen,Oxford,2019
B04086,Deep Learning,Silberschatz,Pearson,2016
B04087,Microprocessors,Galvin,Springer,2025
B04088,Compiler Design,Korth,Springer,2017
B04089,Database Management Systems,Goodfellow,Springer,2025
B04090,Microprocessors,Galvin,Wiley,2021
B04091,Data Structures,Sutton,McGraw Hill,2011
B04092,Java Programming,Cormen,McGraw Hill,2016
B04093,Digital Logic,Galvin,Oxford,2013
B04094,Data Structures,Korth,McGraw Hill,2025
B04095,Operating Systems,Galvin,McGraw Hill,2018
B04096,Big Data,Cormen,Wiley,2014
B04097,Java Programming,Cormen,McGraw Hill,2011
B04098,Database Management Systems,Cormen,Oxford,2015
B04099,Data Structures,Sutton,Springer,2019
B04100,Cloud Computing,Ross,Oxford,2015
B04101,Statistics,Silberschatz,Wiley,2019
B04102,Statistics,James,Oxford,2019
B04103,Software Engineering,Galvin,Pearson,2014
B04104,Operating Systems,Sutton,Wiley,2017
B04105,Machine Learning,Ross,Pearson,2018
B04106,Data Mining,Ross,Oxford,2024
B04107,Data Structures,Silberschatz,Pearson,2021
B04108,Data Structures,James,McGraw Hill,2010
B04109,Java Programming,Goodfellow,Pearson,2015
B04110,Operating Systems,Sutton,Springer,2016
B04111,Statistics,Goodfellow,McGraw Hill,2015
B04112,Operating Systems,Galvin,Oxford,2017
B04113,Algorithms,Goodfellow,Springer,2019
B04114,Microprocessors,James,Springer,2010
B04115,Data Structures,Korth,Oxford,2014
B04116,Java Programming,Ross,Springer,2013
B04117,Cyber Security,Ross,Springer,2018
B04118,Python Programming,Stallings,McGraw Hill,2018
B04119,Machine Learning,Sutton,Oxford,2025
B04120,Digital Logic,Cormen,McGraw Hill,2019
B04121,Discrete Mathematics,Ross,McGraw Hill,2018
B04122,Big Data,Korth,Pearson,2020
B04123,Artificial Intelligence,Stallings,Springer,2026
B04124,Cyber Security,Tanenbaum,Wiley,2014
B04125,Cyber Security,Goodfellow,Pearson,2024
B04126,Operating Systems,Cormen,McGraw Hill,2010
B04127,Database Management Systems,Korth,Springer,2013
B04128,Data Structures,Sutton,Oxford,2024
B04129,Python Programming,Stallings,Pearson,2023
B04130,Database Management Systems,James,Pearson,2020
B04131,Python Programming,James,Pearson,2013
B04132,Database Management Systems,Silberschatz,McGraw Hill,2023
B04133,Software Engineering,Stallings,Springer,2020
B04134,Computer Networks,Stallings,McGraw Hill,2010
B04135,Deep Learning,Sutton,Springer,2016
B04136,Java Programming,Sutton,McGraw Hill,2016
B04137,Compiler Design,Sutton,Pearson,2015
B04138,Algorithms,Korth,Wiley,2020
B04139,Artificial Intelligence,Cormen,Wiley,2026
B04140,Computer Networks,Galvin,Pearson,2015
B04141,Computer Networks,Goodfellow,Oxford,2022
B04142,Database Management Systems,Sutton,Pearson,2026
B04143,Data Structures,Sutton,Pearson,2016
B04144,Artificial Intelligence,Cormen,Oxford,2015
B04145,Microprocessors,Stallings,Springer,2025
B04146,Java Programming,Ross,Oxford,2014
B04147,Deep Learning,Ross,Springer,2015
B04148,Cloud Computing,Sutton,Wiley,2014
B04149,Data Structures,Ross,Wiley,2026
B04150,Java Programming,Ross,Pearson,2013
B04151,Cloud Computing,Silberschatz,Wiley,2010
B04152,Data Structures,Tanenbaum,McGraw Hill,2013
B04153,Microprocessors,Galvin,Springer,2011
B04154,Computer Networks,Galvin,Pearson,2022
B04155,Python Programming,Silberschatz,Pearson,2015
B04156,Discrete Mathematics,Silberschatz,Oxford,2019
B04157,Software Engineering,Silberschatz,Wiley,2021
B04158,Operating Systems,Silberschatz,Wiley,2018
B04159,Operating Systems,James,Springer,2024
B04160,Software Engineering,Korth,Wiley,2010
B04161,Big Data,Korth,Wiley,2017
B04162,Software Engineering,Sutton,Wiley,2026
B04163,Microprocessors,Cormen,Wiley,2013
B04164,Machine Learning,Goodfellow,Springer,2023
B04165,Digital Logic,Stallings,McGraw Hill,2022
B04166,Python Programming,James,Oxford,2021
B04167,Digital Logic,Tanenbaum,Oxford,2015
B04168,Digital Logic,James,Pearson,2013
B04169,Statistics,Ross,Springer,2019
B04170,Discrete Mathematics,Sutton,Wiley,2025
B04171,Computer Networks,Ross,Wiley,2025
B04172,Data Mining,Ross,Pearson,2011
B04173,Cyber Security,Goodfellow,Pearson,2018
B04174,Java Programming,Silberschatz,McGraw Hill,2022
B04175,Algorithms,Silberschatz,Springer,2023
B04176,Java Programming,Stallings,McGraw Hill,2016
B04177,Microprocessors,Sutton,Springer,2020
B04178,Software Engineering,Sutton,Wiley,2023
B04179,Deep Learning,Cormen,Pearson,2022
B04180,Data Structures,Goodfellow,Springer,2016
B04181,Software Engineering,James,Oxford,2018
B04182,Big Data,Galvin,Oxford,2012
B04183,Big Data,Cormen,McGraw Hill,2025
B04184,Microprocessors,James,Wiley,2012
B04185,Computer Networks,Ross,Oxford,2011
B04186,Machine Learning,Tanenbaum,Pearson,2013
B04187,Compiler Design,Stallings,Springer,2015
B04188,Microprocessors,Stallings,Springer,2012
B04189,Python Programming,Goodfellow,Springer,2022
B04190,Computer Networks,Ross,Oxford,2024
B04191,Statistics,Galvin,McGraw Hill,2021
B04192,Discrete Mathematics,Silberschatz,Pearson,2022
B04193,Statistics,Stallings,Springer,2020
B04194,Machine Learning,Ross,Oxford,2017
B04195,Cloud Computing,Korth,Wiley,2015
B04196,Data Mining,Goodfellow,Pearson,2022
B04197,Compiler Design,Ross,Oxford,2018
B04198,Cyber Security,Goodfellow,Pearson,2021
B04199,Computer Networks,James,Pearson,2018
B04200,Artificial Intelligence,James,McGraw Hill,2010
B04201,Data Mining,James,Pearson,2012
B04202,Cyber Security,Ross,Oxford,2022
B04203,Computer Networks,Silberschatz,McGraw Hill,2016
B04204,Data Structures,James,Springer,2026
B04205,Database Management Systems,Sutton,Oxford,2023
B04206,Data Structures,Goodfellow,Springer,2026
B04207,Computer Networks,Galvin,Wiley,2022
B04208,Deep Learning,Ross,Oxford,2026
B04209,Compiler Design,Tanenbaum,McGraw Hill,2013
B04210,Digital Logic,James,McGraw Hill,2019
B04211,Python Programming,Stallings,Springer,2013
B04212,Compiler Design,James,Springer,2015
B04213,Statistics,Tanenbaum,Pearson,2025
B04214,Data Mining,Cormen,Pearson,2021
B04215,Machine Learning,Tanenbaum,McGraw Hill,2020
B04216,Java Programming,Sutton,Wiley,2019
B04217,Computer Networks,Goodfellow,Oxford,2014
B04218,Artificial Intelligence,James,Oxford,2012
B04219,Cyber Security,James,Springer,2017
B04220,Big Data,Cormen,Oxford,2015
B04221,Operating Systems,Tanenbaum,Pearson,2026
B04222,Python Programming,Ross,Pearson,2026
B04223,Java Programming,Silberschatz,Pearson,2010
B04224,Discrete Mathematics,Silberschatz,Pearson,2025
B04225,Statistics,Galvin,Springer,2016
B04226,Python Programming,Silberschatz,Pearson,2013
B04227,Data Mining,Stallings,McGraw Hill,2026
B04228,Digital Logic,James,McGraw Hill,2015
B04229,Cloud Computing,Ross,Pearson,2014
B04230,Artificial Intelligence,Cormen,Oxford,2023
B04231,Computer Networks,Cormen,Pearson,2016
B04232,Digital Logic,Goodfellow,Springer,2021
B04233,Java Programming,Goodfellow,Springer,2024
B04234,Algorithms,Ross,Wiley,2024
B04235,Algorithms,Tanenbaum,Pearson,2024
B04236,Computer Networks,Ross,Oxford,2013
B04237,Computer Networks,Galvin,Springer,2026
B04238,Discrete Mathematics,Tanenbaum,Wiley,2011
B04239,Cyber Security,James,McGraw Hill,2025
B04240,Big Data,Cormen,McGraw Hill,2011
B04241,Data Structures,James,Pearson,2021
B04242,Compiler Design,Ross,McGraw Hill,2017
B04243,Data Structures,Korth,Pearson,2017
B04244,Statistics,James,McGraw Hill,2011
B04245,Microprocessors,James,McGraw Hill,2020
B04246,Operating Systems,Ross,Oxford,2023
B04247,Cloud Computing,James,Oxford,2014
B04248,Computer Networks,Silberschatz,Oxford,2011
B04249,Digital Logic,Stallings,McGraw Hill,2021
B04250,Software Engineering,Goodfellow,Springer,2013
B04251,Data Mining,Tanenbaum,Wiley,2021
B04252,Data Structures,Galvin,Oxford,2024
B04253,Software Engineering,Ross,Pearson,2010
B04254,Digital Logic,Goodfellow,Oxford,2012
B04255,Data Structures,Galvin,Springer,2010
B04256,Operating Systems,Sutton,Pearson,2016
B04257,Microprocessors,Stallings,Wiley,2010
B04258,Machine Learning,Stallings,Oxford,2016
B04259,Machine Learning,Silberschatz,McGraw Hill,2016
B04260,Machine Learning,Silberschatz,Pearson,2026
B04261,Digital Logic,Galvin,Wiley,2016
B04262,Java Programming,Tanenbaum,Oxford,2018
B04263,Computer Networks,Cormen,Wiley,2020
B04264,Microprocessors,Silberschatz,McGraw Hill,2026
B04265,Microprocessors,Cormen,Wiley,2024
B04266,Computer Networks,Sutton,Wiley,2014
B04267,Artificial Intelligence,James,Pearson,2022
B04268,Java Programming,Ross,Pearson,2019
B04269,Software Engineering,Ross,Springer,2021
B04270,Cyber Security,Sutton,Oxford,2011
B04271,Digital Logic,Ross,Oxford,2017
B04272,Compiler Design,Tanenbaum,Springer,2018
B04273,Software Engineering,Galvin,McGraw Hill,2022
B04274,Data Mining,Silberschatz,Pearson,2011
B04275,Cyber Security,Ross,McGraw Hill,2016
B04276,Compiler Design,Cormen,Springer,2015
B04277,Computer Networks,Cormen,Oxford,2026
B04278,Statistics,Galvin,Wiley,2020
B04279,Data Mining,Silberschatz,Oxford,2015
B04280,Computer Networks,Goodfellow,Wiley,2024
B04281,Compiler Design,James,Pearson,2016
B04282,Software Engineering,Sutton,Springer,2025
B04283,Compiler Design,Goodfellow,Springer,2011
B04284,Deep Learning,Korth,McGraw Hill,2013
B04285,Microprocessors,Sutton,Wiley,2010
B04286,Cyber Security,James,Oxford,2010
B04287,Algorithms,Ross,Oxford,2015
B04288,Data Structures,James,Oxford,2018
B04289,Data Mining,James,Pearson,2022
B04290,Software Engineering,Galvin,Springer,2025
B04291,Algorithms,Cormen,Wiley,2010
B04292,Java Programming,James,Oxford,2024
B04293,Operating Systems,Korth,Wiley,2023
B04294,Python Programming,James,McGraw Hill,2015
B04295,Database Management Systems,Silberschatz,McGraw Hill,2026
B04296,Compiler Design,Ross,Springer,2014
B04297,Java Programming,Stallings,Pearson,2025
B04298,Computer Networks,Silberschatz,Pearson,2023
B04299,Computer Networks,Sutton,Oxford,2021
B04300,Digital Logic,Korth,McGraw Hill,2026
B04301,Microprocessors,Tanenbaum,McGraw Hill,2011
B04302,Discrete Mathematics,Korth,Wiley,2018
B04303,Big Data,Cormen,Wiley,2018
B04304,Big Data,Silberschatz,McGraw Hill,2014
B04305,Software Engineering,Cormen,Springer,2017
B04306,Machine Learning,Goodfellow,Oxford,2019
B04307,Database Management Systems,Korth,Springer,2019
B04308,Data Mining,Galvin,Springer,2024
B04309,Cyber Security,Tanenbaum,Pearson,2014
B04310,Operating Systems,Korth,Oxford,2019
B04311,Algorithms,Stallings,McGraw Hill,2016
B04312,Compiler Design,Sutton,Pearson,2016
B04313,Computer Networks,Stallings,Springer,2023
B04314,Deep Learning,Goodfellow,McGraw Hill,2024
B04315,Data Mining,Goodfellow,Oxford,2025
B04316,Database Management Systems,Ross,Wiley,2013
B04317,Microprocessors,Cormen,Pearson,2015
B04318,Artificial Intelligence,Stallings,McGraw Hill,2017
B04319,Statistics,Goodfellow,Springer,2015
B04320,Cloud Computing,Goodfellow,Oxford,2019
B04321,Deep Learning,Korth,Pearson,2011
B04322,Deep Learning,Silberschatz,McGraw Hill,2021
B04323,Python Programming,Galvin,Oxford,2021
B04324,Deep Learning,Stallings,Springer,2012
B04325,Java Programming,Stallings,Wiley,2013
B04326,Software Engineering,Tanenbaum,Pearson,2012
B04327,Compiler Design,Goodfellow,Wiley,2025
B04328,Data Mining,James,Pearson,2020
B04329,Deep Learning,Galvin,Wiley,2024
B04330,Data Structures,Tanenbaum,Springer,2026
B04331,Data Mining,James,McGraw Hill,2010
B04332,Microprocessors,Ross,Oxford,2017
B04333,Database Management Systems,Tanenbaum,Wiley,2024
B04334,Artificial Intelligence,Sutton,Pearson,2018
B04335,Software Engineering,Korth,McGraw Hill,2020
B04336,Cloud Computing,James,McGraw Hill,2013
B04337,Big Data,Sutton,Oxford,2013
B04338,Data Mining,Silberschatz,Pearson,2024
B04339,Software Engineering,Goodfellow,Pearson,2012
B04340,Digital Logic,James,Springer,2019
B04341,Data Structures,Ross,Pearson,2016
B04342,Algorithms,Korth,Oxford,2021
B04343,Artificial Intelligence,Silberschatz,Springer,2024
B04344,Java Programming,Ross,Oxford,2024
B04345,Operating Systems,Korth,McGraw Hill,2010
B04346,Digital Logic,Galvin,Oxford,2016
B04347,Data Mining,Silberschatz,McGraw Hill,2021
B04348,Artificial Intelligence,Sutton,Springer,2018
B04349,Digital Logic,Cormen,McGraw Hill,2020
B04350,Data Mining,Tanenbaum,McGraw Hill,2010
B04351,Deep Learning,Silberschatz,Wiley,2023
B04352,Digital Logic,James,Wiley,2014
B04353,Database Management Systems,Goodfellow,Oxford,2015
B04354,Digital Logic,Cormen,McGraw Hill,2022
B04355,Computer Networks,Cormen,Pearson,2018
B04356,Cloud Computing,Silberschatz,Pearson,2015
B04357,Cyber Security,Tanenbaum,Springer,2010
B04358,Python Programming,Cormen,McGraw Hill,2010
B04359,Artificial Intelligence,Korth,Oxford,2019
B04360,Software Engineering,Korth,Wiley,2018
B04361,Java Programming,Ross,Wiley,2016
B04362,Microprocessors,Galvin,Pearson,2017
B04363,Computer Networks,Korth,Pearson,2026
B04364,Cloud Computing,Silberschatz,Pearson,2011
B04365,Discrete Mathematics,Ross,Oxford,2020
B04366,Microprocessors,Sutton,McGraw Hill,2025
B04367,Database Management Systems,Cormen,Oxford,2013
B04368,Discrete Mathematics,Korth,Pearson,2025
B04369,Machine Learning,Sutton,Springer,2020
B04370,Machine Learning,Stallings,Pearson,2012
B04371,Machine Learning,James,Wiley,2017
B04372,Database Management Systems,Tanenbaum,McGraw Hill,2025
B04373,Algorithms,Korth,Pearson,2023
B04374,Machine Learning,Tanenbaum,Wiley,2010
B04375,Data Mining,Cormen,Oxford,2013
B04376,Python Programming,Korth,McGraw Hill,2026
B04377,Database Management Systems,Korth,Wiley,2018
B04378,Cloud Computing,Ross,Springer,2026
B04379,Java Programming,James,Wiley,2019
B04380,Big Data,Silberschatz,Springer,2016
B04381,Big Data,Silberschatz,Springer,2016
B04382,Database Management Systems,Tanenbaum,Wiley,2016
B04383,Software Engineering,Silberschatz,McGraw Hill,2011
B04384,Machine Learning,Galvin,Springer,2025
B04385,Digital Logic,James,McGraw Hill,2020
B04386,Algorithms,Korth,Wiley,2019
B04387,Software Engineering,Cormen,Wiley,2019
B04388,Cloud Computing,Cormen,Pearson,2020
B04389,Computer Networks,James,Pearson,2011
B04390,Data Structures,Ross,Oxford,2013
B04391,Software Engineering,Galvin,Wiley,2023
B04392,Python Programming,Cormen,Pearson,2015
B04393,Discrete Mathematics,Korth,Wiley,2024
B04394,Microprocessors,Cormen,McGraw Hill,2010
B04395,Discrete Mathematics,Sutton,Springer,2018
B04396,Deep Learning,Ross,Wiley,2019
B04397,Data Structures,Cormen,McGraw Hill,2020
B04398,Database Management Systems,Goodfellow,Pearson,2010
B04399,Machine Learning,Ross,Pearson,2019
B04400,Digital Logic,Cormen,Wiley,2019
B04401,Cyber Security,Goodfellow,McGraw Hill,2014
B04402,Deep Learning,Ross,Springer,2023
B04403,Database Management Systems,Goodfellow,Oxford,2012
B04404,Digital Logic,James,Pearson,2016
B04405,Microprocessors,Stallings,Wiley,2014
B04406,Microprocessors,Korth,McGraw Hill,2025
B04407,Machine Learning,James,McGraw Hill,2012
B04408,Database Management Systems,Ross,Oxford,2021
B04409,Big Data,Sutton,McGraw Hill,2015
B04410,Data Mining,Tanenbaum,Pearson,2015
B04411,Algorithms,Stallings,McGraw Hill,2010
B04412,Microprocessors,Silberschatz,Wiley,2013
B04413,Deep Learning,Stallings,McGraw Hill,2021
B04414,Database Management Systems,Stallings,Pearson,2018
B04415,Compiler Design,Stallings,Oxford,2016
B04416,Data Structures,Sutton,Oxford,2020
B04417,Java Programming,Ross,Wiley,2012
B04418,Microprocessors,Goodfellow,Oxford,2012
B04419,Cloud Computing,James,McGraw Hill,2026
B04420,Operating Systems,Korth,Pearson,2020
B04421,Discrete Mathematics,James,Oxford,2023
B04422,Operating Systems,James,Springer,2018
B04423,Artificial Intelligence,Goodfellow,Wiley,2019
B04424,Big Data,Galvin,Oxford,2018
B04425,Java Programming,Goodfellow,McGraw Hill,2025
B04426,Algorithms,Korth,Oxford,2023
B04427,Data Structures,Ross,McGraw Hill,2023
B04428,Microprocessors,Cormen,McGraw Hill,2024
B04429,Cloud Computing,Korth,Oxford,2010
B04430,Machine Learning,Galvin,McGraw Hill,2020
B04431,Python Programming,Sutton,Springer,2011
B04432,Computer Networks,Cormen,McGraw Hill,2024
B04433,Statistics,Tanenbaum,Pearson,2015
B04434,Microprocessors,Silberschatz,Springer,2022
B04435,Cloud Computing,Korth,Wiley,2018
B04436,Cloud Computing,Tanenbaum,Wiley,2019
B04437,Artificial Intelligence,Galvin,Pearson,2014
B04438,Machine Learning,Stallings,Pearson,2013
B04439,Compiler Design,Goodfellow,McGraw Hill,2015
B04440,Big Data,Galvin,Springer,2013
B04441,Database Management Systems,Cormen,Wiley,2021
B04442,Python Programming,Cormen,Oxford,2013
B04443,Data Mining,Silberschatz,Pearson,2013
B04444,Software Engineering,Silberschatz,Oxford,2012
B04445,Deep Learning,Tanenbaum,Pearson,2010
B04446,Software Engineering,Stallings,Pearson,2014
B04447,Operating Systems,Tanenbaum,McGraw Hill,2019
B04448,Data Mining,Galvin,Wiley,2019
B04449,Algorithms,Stallings,Wiley,2020
B04450,Algorithms,Korth,Oxford,2024
B04451,Python Programming,Galvin,Springer,2022
B04452,Compiler Design,Cormen,Wiley,2023
B04453,Digital Logic,Silberschatz,Springer,2015
B04454,Java Programming,Goodfellow,Oxford,2010
B04455,Data Mining,Tanenbaum,Wiley,2019
B04456,Data Structures,Korth,Oxford,2020
B04457,Machine Learning,Galvin,McGraw Hill,2021
B04458,Digital Logic,Cormen,McGraw Hill,2018
B04459,Cloud Computing,Tanenbaum,Oxford,2026
B04460,Discrete Mathematics,Galvin,McGraw Hill,2018
B04461,Statistics,Tanenbaum,Springer,2010
B04462,Deep Learning,James,Oxford,2017
B04463,Deep Learning,Goodfellow,Wiley,2012
B04464,Data Mining,Tanenbaum,Pearson,2018
B04465,Statistics,Galvin,McGraw Hill,2022
B04466,Digital Logic,Korth,McGraw Hill,2010
B04467,Deep Learning,James,Oxford,2012
B04468,Deep Learning,Cormen,Wiley,2025
B04469,Data Mining,Korth,Pearson,2024
B04470,Discrete Mathematics,Ross,Springer,2016
B04471,Deep Learning,James,McGraw Hill,2017
B04472,Machine Learning,Tanenbaum,Wiley,2022
B04473,Python Programming,Sutton,Wiley,2023
B04474,Data Mining,Sutton,Oxford,2021
B04475,Digital Logic,Goodfellow,Springer,2021
B04476,Deep Learning,Galvin,Oxford,2012
B04477,Software Engineering,Tanenbaum,McGraw Hill,2010
B04478,Cyber Security,Galvin,Pearson,2021
B04479,Microprocessors,James,Pearson,2020
B04480,Python Programming,Galvin,Pearson,2021
B04481,Algorithms,James,Wiley,2023
B04482,Java Programming,Galvin,McGraw Hill,2013
B04483,Algorithms,Galvin,Springer,2018
B04484,Python Programming,Cormen,Pearson,2020
B04485,Python Programming,Ross,McGraw Hill,2016
B04486,Algorithms,Korth,Oxford,2023
B04487,Compiler Design,Sutton,Pearson,2012
B04488,Data Structures,Galvin,McGraw Hill,2010
B04489,Microprocessors,Sutton,Wiley,2017
B04490,Algorithms,James,Wiley,2010
B04491,Artificial Intelligence,James,Oxford,2019
B04492,Operating Systems,Korth,Wiley,2010
B04493,Operating Systems,Goodfellow,Springer,2021
B04494,Discrete Mathematics,Goodfellow,McGraw Hill,2025
B04495,Algorithms,Tanenbaum,Oxford,2012
B04496,Big Data,James,Oxford,2020
B04497,Database Management Systems,James,Pearson,2012
B04498,Digital Logic,Stallings,Oxford,2024
B04499,Deep Learning,Ross,Wiley,2025
B04500,Big Data,Cormen,Pearson,2019
B04501,Cloud Computing,Cormen,Springer,2012
B04502,Big Data,Silberschatz,McGraw Hill,2021
B04503,Digital Logic,Tanenbaum,McGraw Hill,2018
B04504,Machine Learning,Galvin,McGraw Hill,2018
B04505,Big Data,Sutton,McGraw Hill,2026
B04506,Compiler Design,Sutton,Springer,2020
B04507,Machine Learning,Sutton,Oxford,2022
B04508,Artificial Intelligence,Sutton,Oxford,2012
B04509,Software Engineering,Sutton,Wiley,2013
B04510,Data Mining,Tanenbaum,Wiley,2021
B04511,Data Mining,Tanenbaum,McGraw Hill,2025
B04512,Java Programming,Cormen,Wiley,2022
B04513,Database Management Systems,Sutton,Wiley,2023
B04514,Data Mining,Silberschatz,Oxford,2016
B04515,Statistics,Silberschatz,Oxford,2014
B04516,Artificial Intelligence,Stallings,Springer,2011
B04517,Big Data,Sutton,McGraw Hill,2026
B04518,Cloud Computing,Korth,Wiley,2022
B04519,Compiler Design,Cormen,Springer,2026
B04520,Data Mining,Cormen,Springer,2017
B04521,Data Mining,Tanenbaum,Pearson,2023
B04522,Data Mining,Goodfellow,Pearson,2014
B04523,Digital Logic,Korth,Oxford,2023
B04524,Machine Learning,Stallings,Springer,2024
B04525,Discrete Mathematics,Silberschatz,Pearson,2011
B04526,Big Data,Stallings,Wiley,2022
B04527,Computer Networks,Tanenbaum,Pearson,2023
B04528,Discrete Mathematics,Silberschatz,Springer,2014
B04529,Python Programming,Ross,McGraw Hill,2011
B04530,Microprocessors,Korth,McGraw Hill,2018
B04531,Java Programming,Ross,Springer,2010
B04532,Algorithms,Goodfellow,Wiley,2017
B04533,Artificial Intelligence,Sutton,Springer,2023
B04534,Discrete Mathematics,Tanenbaum,Pearson,2015
B04535,Algorithms,Sutton,Pearson,2019
B04536,Data Mining,Korth,Wiley,2013
B04537,Artificial Intelligence,Galvin,Oxford,2022
B04538,Python Programming,Sutton,Wiley,2024
B04539,Deep Learning,Goodfellow,Pearson,2012
B04540,Discrete Mathematics,Stallings,Wiley,2017
B04541,Deep Learning,Stallings,Pearson,2011
B04542,Big Data,Sutton,McGraw Hill,2018
B04543,Compiler Design,Goodfellow,Oxford,2015
B04544,Algorithms,Silberschatz,Pearson,2015
B04545,Computer Networks,Goodfellow,Wiley,2023
B04546,Machine Learning,Silberschatz,Wiley,2017
B04547,Data Structures,Sutton,Springer,2022
B04548,Data Structures,Ross,Springer,2024
B04549,Python Programming,Ross,Oxford,2019
B04550,Data Mining,Tanenbaum,Pearson,2022
B04551,Artificial Intelligence,Cormen,Oxford,2021
B04552,Data Structures,Cormen,Wiley,2020
B04553,Cloud Computing,Goodfellow,Wiley,2020
B04554,Algorithms,Ross,Wiley,2026
B04555,Big Data,Galvin,Wiley,2014
B04556,Microprocessors,Silberschatz,Springer,2026
B04557,Data Mining,Silberschatz,McGraw Hill,2011
B04558,Compiler Design,Silberschatz,Oxford,2013
B04559,Machine Learning,Galvin,Wiley,2014
B04560,Operating Systems,Ross,Pearson,2022
B04561,Python Programming,Galvin,Wiley,2025
B04562,Data Mining,Korth,McGraw Hill,2010
B04563,Artificial Intelligence,Stallings,Wiley,2026
B04564,Microprocessors,Tanenbaum,Springer,2011
B04565,Computer Networks,Sutton,Pearson,2011
B04566,Data Structures,Silberschatz,Pearson,2012
B04567,Machine Learning,Galvin,Oxford,2016
B04568,Big Data,Korth,Wiley,2010
B04569,Algorithms,Silberschatz,Springer,2026
B04570,Data Structures,Goodfellow,Oxford,2020
B04571,Database Management Systems,Galvin,Wiley,2012
B04572,Java Programming,Silberschatz,McGraw Hill,2020
B04573,Data Structures,James,Wiley,2020
B04574,Machine Learning,Korth,Wiley,2010
B04575,Artificial Intelligence,Galvin,Oxford,2026
B04576,Data Structures,Tanenbaum,Oxford,2011
B04577,Deep Learning,Korth,Pearson,2015
B04578,Microprocessors,Silberschatz,Wiley,2014
B04579,Discrete Mathematics,Ross,Wiley,2022
B04580,Operating Systems,Cormen,Pearson,2014
B04581,Database Management Systems,Galvin,Oxford,2012
B04582,Java Programming,James,Springer,2018
B04583,Digital Logic,James,Wiley,2020
B04584,Microprocessors,Tanenbaum,Oxford,2017
B04585,Computer Networks,James,Springer,2025
B04586,Algorithms,Silberschatz,Wiley,2026
B04587,Java Programming,Tanenbaum,Oxford,2014
B04588,Algorithms,Galvin,Oxford,2014
B04589,Compiler Design,Goodfellow,Springer,2018
B04590,Algorithms,Korth,Wiley,2013
B04591,Discrete Mathematics,Tanenbaum,Pearson,2018
B04592,Python Programming,Stallings,Pearson,2013
B04593,Database Management Systems,Stallings,Oxford,2023
B04594,Database Management Systems,Stallings,Pearson,2010
B04595,Java Programming,Goodfellow,Oxford,2022
B04596,Microprocessors,Ross,Oxford,2024
B04597,Java Programming,Korth,Oxford,2017
B04598,Digital Logic,James,Springer,2010
B04599,Algorithms,Stallings,Springer,2010
B04600,Big Data,Silberschatz,Pearson,2016
B04601,Statistics,Tanenbaum,McGraw Hill,2025
B04602,Compiler Design,Tanenbaum,Springer,2024
B04603,Microprocessors,Silberschatz,Springer,2026
B04604,Database Management Systems,Tanenbaum,Springer,2023
B04605,Big Data,Tanenbaum,McGraw Hill,2012
B04606,Deep Learning,Cormen,McGraw Hill,2026
B04607,Python Programming,Goodfellow,McGraw Hill,2021
B04608,Operating Systems,Goodfellow,Wiley,2016
B04609,Cyber Security,Tanenbaum,Oxford,2010
B04610,Deep Learning,Korth,McGraw Hill,2019
B04611,Algorithms,Ross,McGraw Hill,2025
B04612,Operating Systems,Silberschatz,Pearson,2010
B04613,Algorithms,Goodfellow,McGraw Hill,2025
B04614,Data Structures,Galvin,Pearson,2020
B04615,Data Structures,James,Oxford,2015
B04616,Machine Learning,James,McGraw Hill,2024
B04617,Python Programming,James,Springer,2019
B04618,Cyber Security,Korth,Oxford,2025
B04619,Statistics,Tanenbaum,McGraw Hill,2014
B04620,Data Mining,Galvin,Oxford,2025
B04621,Algorithms,Galvin,Wiley,2024
B04622,Cyber Security,Goodfellow,Springer,2015
B04623,Database Management Systems,Silberschatz,Pearson,2013
B04624,Discrete Mathematics,Tanenbaum,Pearson,2015
B04625,Compiler Design,Silberschatz,McGraw Hill,2019
B04626,Computer Networks,Cormen,Springer,2026
B04627,Operating Systems,Galvin,Springer,2016
B04628,Database Management Systems,James,Pearson,2014
B04629,Statistics,Cormen,Pearson,2017
B04630,Compiler Design,Ross,Wiley,2017
B04631,Computer Networks,Silberschatz,Oxford,2010
B04632,Cloud Computing,Silberschatz,Springer,2023
B04633,Algorithms,Silberschatz,Wiley,2011
B04634,Compiler Design,Cormen,Pearson,2024
B04635,Statistics,Galvin,McGraw Hill,2015
B04636,Deep Learning,Cormen,Springer,2014
B04637,Microprocessors,Korth,Oxford,2019
B04638,Python Programming,James,McGraw Hill,2023
B04639,Machine Learning,Goodfellow,Pearson,2021
B04640,Operating Systems,Goodfellow,Oxford,2021
B04641,Python Programming,Galvin,Wiley,2026
B04642,Cyber Security,Galvin,Springer,2012
B04643,Digital Logic,Tanenbaum,Oxford,2010
B04644,Machine Learning,James,Oxford,2023
B04645,Software Engineering,Korth,Wiley,2020
B04646,Python Programming,Ross,Oxford,2022
B04647,Big Data,Galvin,Springer,2025
B04648,Big Data,Ross,Pearson,2016
B04649,Microprocessors,Silberschatz,Oxford,2013
B04650,Operating Systems,Cormen,Springer,2016
B04651,Cyber Security,James,Wiley,2022
B04652,Cloud Computing,Ross,McGraw Hill,2023
B04653,Algorithms,Sutton,Springer,2021
B04654,Cyber Security,Goodfellow,McGraw Hill,2026
B04655,Database Management Systems,Sutton,Oxford,2019
B04656,Compiler Design,Cormen,Wiley,2024
B04657,Cloud Computing,James,Oxford,2010
B04658,Data Mining,Ross,Springer,2014
B04659,Java Programming,Goodfellow,Pearson,2017
B04660,Microprocessors,Goodfellow,McGraw Hill,2021
B04661,Python Programming,Ross,Springer,2013
B04662,Data Structures,Ross,Springer,2026
B04663,Software Engineering,Galvin,McGraw Hill,2025
B04664,Big Data,Silberschatz,Oxford,2013
B04665,Deep Learning,Ross,Wiley,2020
B04666,Cyber Security,Sutton,McGraw Hill,2011
B04667,Artificial Intelligence,Stallings,Pearson,2011
B04668,Microprocessors,Sutton,Pearson,2012
B04669,Digital Logic,James,McGraw Hill,2020
B04670,Statistics,Goodfellow,Wiley,2023
B04671,Operating Systems,Stallings,McGraw Hill,2025
B04672,Microprocessors,Galvin,Oxford,2026
B04673,Algorithms,Sutton,Oxford,2022
B04674,Algorithms,Goodfellow,McGraw Hill,2014
B04675,Cloud Computing,Sutton,Pearson,2017
B04676,Cloud Computing,Goodfellow,McGraw Hill,2011
B04677,Deep Learning,Korth,McGraw Hill,2022
B04678,Database Management Systems,Sutton,McGraw Hill,2020
B04679,Microprocessors,Goodfellow,Pearson,2013
B04680,Machine Learning,Ross,Springer,2019
B04681,Database Management Systems,Silberschatz,Pearson,2019
B04682,Operating Systems,Stallings,Wiley,2018
B04683,Operating Systems,Silberschatz,Pearson,2020
B04684,Computer Networks,Goodfellow,Oxford,2014
B04685,Data Structures,Silberschatz,Wiley,2014
B04686,Microprocessors,Goodfellow,Wiley,2016
B04687,Cyber Security,Goodfellow,Springer,2010
B04688,Data Structures,Korth,McGraw Hill,2013
B04689,Compiler Design,Ross,Wiley,2019
B04690,Cloud Computing,Galvin,Springer,2020
B04691,Data Mining,Ross,Springer,2018
B04692,Java Programming,Ross,Springer,2022
B04693,Computer Networks,Ross,Springer,2015
B04694,Statistics,James,McGraw Hill,2026
B04695,Discrete Mathematics,Ross,McGraw Hill,2016
B04696,Statistics,Tanenbaum,Oxford,2014
B04697,Compiler Design,Tanenbaum,Springer,2019
B04698,Deep Learning,Ross,Springer,2016
B04699,Machine Learning,Sutton,Wiley,2015
B04700,Cyber Security,Silberschatz,McGraw Hill,2016
B04701,Artificial Intelligence,Korth,Pearson,2023
B04702,Compiler Design,James,Springer,2020
B04703,Statistics,James,Springer,2012
B04704,Machine Learning,Tanenbaum,Pearson,2014
B04705,Artificial Intelligence,Ross,Pearson,2013
B04706,Software Engineering,Korth,Pearson,2020
B04707,Computer Networks,Sutton,Pearson,2011
B04708,Discrete Mathematics,James,McGraw Hill,2011
B04709,Python Programming,Ross,Wiley,2015
B04710,Machine Learning,Ross,Springer,2024
B04711,Algorithms,James,McGraw Hill,2025
B04712,Java Programming,Ross,Springer,2014
B04713,Algorithms,Silberschatz,Wiley,2012
B04714,Digital Logic,Korth,Pearson,2016
B04715,Artificial Intelligence,Goodfellow,Oxford,2017
B04716,Python Programming,James,Wiley,2024
B04717,Algorithms,Korth,McGraw Hill,2013
B04718,Data Mining,Galvin,Oxford,2012
B04719,Digital Logic,Ross,Wiley,2015
B04720,Java Programming,Goodfellow,Oxford,2021
B04721,Compiler Design,Ross,McGraw Hill,2024
B04722,Computer Networks,Cormen,Oxford,2023
B04723,Cyber Security,James,Springer,2020
B04724,Big Data,Galvin,Springer,2021
B04725,Cyber Security,Cormen,Springer,2026
B04726,Computer Networks,Stallings,Wiley,2018
B04727,Deep Learning,Korth,Wiley,2020
B04728,Python Programming,Stallings,Springer,2025
B04729,Microprocessors,Ross,Oxford,2019
B04730,Cyber Security,Goodfellow,Wiley,2023
B04731,Big Data,Ross,McGraw Hill,2012
B04732,Algorithms,Stallings,Oxford,2010
B04733,Discrete Mathematics,James,Pearson,2018
B04734,Big Data,Tanenbaum,Wiley,2026
B04735,Software Engineering,Cormen,McGraw Hill,2020
B04736,Java Programming,Cormen,Wiley,2015
B04737,Machine Learning,Sutton,McGraw Hill,2010
B04738,Data Structures,Tanenbaum,Springer,2011
B04739,Database Management Systems,James,McGraw Hill,2011
B04740,Database Management Systems,Galvin,Springer,2013
B04741,Compiler Design,Goodfellow,Wiley,2012
B04742,Deep Learning,Galvin,McGraw Hill,2011
B04743,Software Engineering,Galvin,Oxford,2014
B04744,Algorithms,Ross,McGraw Hill,2018
B04745,Software Engineering,Ross,McGraw Hill,2019
B04746,Cyber Security,Stallings,Wiley,2022
B04747,Data Mining,Silberschatz,Oxford,2023
B04748,Big Data,Korth,Wiley,2022
B04749,Algorithms,Goodfellow,Oxford,2022
B04750,Database Management Systems,Stallings,McGraw Hill,2015
B04751,Machine Learning,Korth,Pearson,2014
B04752,Artificial Intelligence,Sutton,Pearson,2017
B04753,Software Engineering,Sutton,Wiley,2014
B04754,Machine Learning,Korth,McGraw Hill,2024
B04755,Statistics,Tanenbaum,Wiley,2026
B04756,Big Data,Tanenbaum,McGraw Hill,2016
B04757,Operating Systems,Silberschatz,Oxford,2010
B04758,Algorithms,Galvin,McGraw Hill,2015
B04759,Python Programming,Korth,McGraw Hill,2021
B04760,Python Programming,Ross,Wiley,2017
B04761,Artificial Intelligence,Cormen,McGraw Hill,2014
B04762,Operating Systems,Goodfellow,Oxford,2017
B04763,Discrete Mathematics,Korth,Springer,2023
B04764,Artificial Intelligence,Goodfellow,Springer,2016
B04765,Cloud Computing,Cormen,McGraw Hill,2020
B04766,Operating Systems,Ross,Springer,2023
B04767,Database Management Systems,Silberschatz,Pearson,2015
B04768,Cloud Computing,Ross,Springer,2013
B04769,Microprocessors,Galvin,Springer,2020
B04770,Database Management Systems,Ross,Wiley,2018
B04771,Microprocessors,Silberschatz,McGraw Hill,2024
B04772,Deep Learning,Ross,Pearson,2012
B04773,Database Management Systems,Galvin,Oxford,2016
B04774,Operating Systems,Sutton,Springer,2022
B04775,Big Data,James,Springer,2013
B04776,Compiler Design,Galvin,Springer,2020
B04777,Cyber Security,Tanenbaum,Oxford,2021
B04778,Microprocessors,Cormen,Springer,2025
B04779,Big Data,Stallings,Pearson,2011
B04780,Software Engineering,Tanenbaum,Springer,2023
B04781,Software Engineering,Goodfellow,Wiley,2020
B04782,Software Engineering,Ross,Wiley,2026
B04783,Artificial Intelligence,Korth,McGraw Hill,2018
B04784,Java Programming,Silberschatz,McGraw Hill,2011
B04785,Big Data,James,Pearson,2018
B04786,Deep Learning,Stallings,McGraw Hill,2020
B04787,Operating Systems,Galvin,Wiley,2020
B04788,Computer Networks,Silberschatz,Wiley,2018
B04789,Java Programming,Tanenbaum,Springer,2022
B04790,Digital Logic,James,McGraw Hill,2017
B04791,Deep Learning,Galvin,Wiley,2017
B04792,Data Mining,Galvin,McGraw Hill,2010
B04793,Cyber Security,Stallings,Springer,2016
B04794,Database Management Systems,Ross,Pearson,2026
B04795,Microprocessors,James,Wiley,2025
B04796,Algorithms,Goodfellow,Wiley,2010
B04797,Python Programming,Galvin,Oxford,2024
B04798,Discrete Mathematics,Galvin,McGraw Hill,2022
B04799,Operating Systems,Stallings,Pearson,2022
B04800,Cloud Computing,Sutton,Oxford,2013
B04801,Cloud Computing,James,Oxford,2018
B04802,Database Management Systems,Korth,Wiley,2022
B04803,Computer Networks,Korth,McGraw Hill,2014
B04804,Operating Systems,Sutton,Springer,2017
B04805,Data Mining,Silberschatz,Springer,2020
B04806,Digital Logic,Galvin,Oxford,2026
B04807,Data Structures,Silberschatz,Oxford,2015
B04808,Statistics,Silberschatz,Wiley,2022
B04809,Python Programming,Ross,Springer,2024
B04810,Statistics,Cormen,Wiley,2021
B04811,Compiler Design,Ross,Oxford,2024
B04812,Java Programming,Ross,Springer,2023
B04813,Discrete Mathematics,James,Oxford,2017
B04814,Discrete Mathematics,James,Springer,2011
B04815,Machine Learning,James,Oxford,2026
B04816,Deep Learning,Silberschatz,McGraw Hill,2018
B04817,Database Management Systems,Tanenbaum,Pearson,2015
B04818,Operating Systems,Korth,McGraw Hill,2022
B04819,Algorithms,Stallings,McGraw Hill,2017
B04820,Operating Systems,Stallings,Oxford,2022
B04821,Artificial Intelligence,Sutton,McGraw Hill,2011
B04822,Big Data,Stallings,McGraw Hill,2023
B04823,Cyber Security,Tanenbaum,McGraw Hill,2021
B04824,Digital Logic,Goodfellow,Oxford,2015
B04825,Statistics,Galvin,Pearson,2016
B04826,Java Programming,James,Wiley,2018
B04827,Python Programming,Silberschatz,Pearson,2014
B04828,Python Programming,Galvin,Oxford,2014
B04829,Machine Learning,Cormen,Wiley,2022
B04830,Cloud Computing,Goodfellow,Pearson,2026
B04831,Compiler Design,Cormen,McGraw Hill,2011
B04832,Software Engineering,Silberschatz,Oxford,2020
B04833,Database Management Systems,Goodfellow,Wiley,2023
B04834,Algorithms,Ross,Pearson,2019
B04835,Python Programming,Stallings,Wiley,2019
B04836,Compiler Design,James,Wiley,2013
B04837,Compiler Design,Goodfellow,Oxford,2011
B04838,Software Engineering,Goodfellow,Springer,2026
B04839,Machine Learning,Cormen,Pearson,2018
B04840,Microprocessors,Goodfellow,McGraw Hill,2024
B04841,Cyber Security,Korth,Pearson,2012
B04842,Software Engineering,Korth,Wiley,2021
B04843,Cyber Security,Cormen,McGraw Hill,2010
B04844,Discrete Mathematics,Tanenbaum,Oxford,2026
B04845,Algorithms,James,Springer,2011
B04846,Machine Learning,Tanenbaum,Wiley,2015
B04847,Digital Logic,Galvin,Pearson,2017
B04848,Machine Learning,James,Springer,2025
B04849,Discrete Mathematics,Goodfellow,Pearson,2018
B04850,Cloud Computing,Korth,Pearson,2026
B04851,Operating Systems,Stallings,Springer,2021
B04852,Cyber Security,Ross,Oxford,2018
B04853,Database Management Systems,Stallings,Pearson,2011
B04854,Computer Networks,Silberschatz,McGraw Hill,2015
B04855,Java Programming,Stallings,McGraw Hill,2013
B04856,Deep Learning,Tanenbaum,Pearson,2013
B04857,Cyber Security,Goodfellow,Oxford,2012
B04858,Data Structures,Stallings,Wiley,2016
B04859,Deep Learning,Stallings,Oxford,2018
B04860,Data Mining,Stallings,McGraw Hill,2016
B04861,Deep Learning,Galvin,McGraw Hill,2016
B04862,Deep Learning,James,McGraw Hill,2020
B04863,Digital Logic,Galvin,Pearson,2018
B04864,Compiler Design,Galvin,Wiley,2020
B04865,Microprocessors,Cormen,Springer,2018
B04866,Data Mining,Cormen,McGraw Hill,2021
B04867,Cloud Computing,James,McGraw Hill,2019
B04868,Discrete Mathematics,Cormen,Wiley,2023
B04869,Discrete Mathematics,Stallings,McGraw Hill,2019
B04870,Computer Networks,Galvin,Pearson,2013
B04871,Database Management Systems,James,McGraw Hill,2015
B04872,Software Engineering,Silberschatz,McGraw Hill,2012
B04873,Data Mining,Ross,McGraw Hill,2025
B04874,Machine Learning,Tanenbaum,Oxford,2021
B04875,Machine Learning,Sutton,Pearson,2013
B04876,Cyber Security,Goodfellow,Wiley,2017
B04877,Deep Learning,Sutton,Springer,2010
B04878,Artificial Intelligence,Stallings,Springer,2023
B04879,Database Management Systems,Sutton,McGraw Hill,2022
B04880,Cyber Security,Ross,Pearson,2013
B04881,Python Programming,Cormen,Springer,2017
B04882,Java Programming,Cormen,Springer,2020
B04883,Digital Logic,Silberschatz,Wiley,2025
B04884,Python Programming,Galvin,Wiley,2017
B04885,Software Engineering,Stallings,Pearson,2022
B04886,Big Data,James,Wiley,2021
B04887,Deep Learning,Tanenbaum,Pearson,2019
B04888,Java Programming,Tanenbaum,Springer,2018
B04889,Discrete Mathematics,Korth,Oxford,2024
B04890,Data Mining,Cormen,Springer,2018
B04891,Machine Learning,Silberschatz,Oxford,2016
B04892,Digital Logic,Goodfellow,McGraw Hill,2016
B04893,Microprocessors,Goodfellow,McGraw Hill,2026
B04894,Microprocessors,Sutton,Pearson,2022
B04895,Cloud Computing,Tanenbaum,Wiley,2018
B04896,Statistics,Galvin,Wiley,2020
B04897,Statistics,Tanenbaum,Oxford,2022
B04898,Cloud Computing,Galvin,Springer,2023
B04899,Statistics,Korth,Wiley,2013
B04900,Operating Systems,Cormen,McGraw Hill,2019
B04901,Big Data,Stallings,McGraw Hill,2022
B04902,Python Programming,Cormen,Pearson,2017
B04903,Algorithms,Goodfellow,McGraw Hill,2025
B04904,Data Structures,Stallings,Springer,2012
B04905,Software Engineering,Tanenbaum,Pearson,2026
B04906,Data Structures,Silberschatz,McGraw Hill,2019
B04907,Data Mining,Stallings,Pearson,2014
B04908,Database Management Systems,Korth,Pearson,2024
B04909,Digital Logic,Sutton,Oxford,2013
B04910,Database Management Systems,Ross,McGraw Hill,2016
B04911,Cyber Security,Ross,Pearson,2026
B04912,Discrete Mathematics,Galvin,Wiley,2026
B04913,Artificial Intelligence,Sutton,Pearson,2018
B04914,Operating Systems,James,Pearson,2016
B04915,Operating Systems,Sutton,McGraw Hill,2023
B04916,Python Programming,Korth,Oxford,2013
B04917,Discrete Mathematics,Cormen,Springer,2021
B04918,Computer Networks,Silberschatz,Springer,2014
B04919,Artificial Intelligence,Sutton,Wiley,2017
B04920,Operating Systems,Sutton,Oxford,2020
B04921,Statistics,Goodfellow,Wiley,2010
B04922,Cloud Computing,Sutton,Pearson,2022
B04923,Deep Learning,Ross,Springer,2024
B04924,Digital Logic,Tanenbaum,Oxford,2026
B04925,Python Programming,Silberschatz,Pearson,2023
B04926,Cyber Security,Galvin,Springer,2016
B04927,Big Data,Cormen,Springer,2017
B04928,Data Mining,Stallings,Springer,2023
B04929,Algorithms,Tanenbaum,Wiley,2023
B04930,Data Structures,Ross,McGraw Hill,2026
B04931,Software Engineering,Galvin,Springer,2016
B04932,Big Data,Goodfellow,Oxford,2026
B04933,Data Mining,Korth,Springer,2023
B04934,Java Programming,Korth,McGraw Hill,2016
B04935,Operating Systems,Ross,McGraw Hill,2026
B04936,Discrete Mathematics,James,Wiley,2012
B04937,Discrete Mathematics,Cormen,Springer,2014
B04938,Java Programming,Goodfellow,Oxford,2019
B04939,Data Structures,Cormen,Oxford,2017
B04940,Operating Systems,James,Springer,2020
B04941,Microprocessors,Cormen,McGraw Hill,2025
B04942,Data Mining,Galvin,Pearson,2017
B04943,Microprocessors,Korth,Springer,2023
B04944,Artificial Intelligence,Ross,Pearson,2010
B04945,Digital Logic,Cormen,Pearson,2020
B04946,Cyber Security,Sutton,Springer,2024
B04947,Operating Systems,Sutton,Oxford,2016
B04948,Computer Networks,James,Springer,2015
B04949,Discrete Mathematics,Stallings,Pearson,2021
B04950,Microprocessors,James,McGraw Hill,2023
B04951,Microprocessors,Sutton,Springer,2016
B04952,Microprocessors,James,Oxford,2025
B04953,Computer Networks,Galvin,Springer,2024
B04954,Statistics,Galvin,Wiley,2015
B04955,Database Management Systems,Ross,Springer,2019
B04956,Statistics,Sutton,McGraw Hill,2023
B04957,Big Data,James,McGraw Hill,2026
B04958,Discrete Mathematics,Goodfellow,Oxford,2012
B04959,Big Data,Galvin,McGraw Hill,2026
B04960,Java Programming,Galvin,Oxford,2014
B04961,Database Management Systems,Tanenbaum,Wiley,2018
B04962,Computer Networks,Korth,McGraw Hill,2020
B04963,Artificial Intelligence,Ross,Oxford,2019
B04964,Computer Networks,Galvin,Springer,2019
B04965,Cyber Security,Sutton,Oxford,2025
B04966,Python Programming,James,Wiley,2017
B04967,Big Data,Galvin,Pearson,2014
B04968,Machine Learning,Galvin,McGraw Hill,2010
B04969,Data Mining,Tanenbaum,Oxford,2026
B04970,Cyber Security,Ross,Springer,2013
B04971,Microprocessors,James,Springer,2017
B04972,Database Management Systems,Tanenbaum,McGraw Hill,2021
B04973,Data Structures,Tanenbaum,McGraw Hill,2020
B04974,Cyber Security,Tanenbaum,Springer,2026
B04975,Discrete Mathematics,Tanenbaum,McGraw Hill,2024
B04976,Machine Learning,James,Springer,2018
B04977,Microprocessors,James,Pearson,2023
B04978,Computer Networks,Silberschatz,Springer,2019
B04979,Statistics,Stallings,Oxford,2013
B04980,Microprocessors,James,Wiley,2025
B04981,Computer Networks,James,Springer,2019
B04982,Artificial Intelligence,Galvin,Springer,2021
B04983,Java Programming,Silberschatz,Springer,2010
B04984,Software Engineering,Stallings,Springer,2020
B04985,Artificial Intelligence,Stallings,Oxford,2020
B04986,Cloud Computing,Cormen,Springer,2017
B04987,Operating Systems,Tanenbaum,Pearson,2020
B04988,Microprocessors,Stallings,Oxford,2022
B04989,Deep Learning,Tanenbaum,Oxford,2018
B04990,Microprocessors,Cormen,Pearson,2016
B04991,Artificial Intelligence,Cormen,McGraw Hill,2017
B04992,Statistics,Sutton,Wiley,2020
B04993,Algorithms,Cormen,Springer,2018
B04994,Cyber Security,Cormen,Oxford,2026
B04995,Operating Systems,Stallings,Pearson,2021
B04996,Java Programming,Galvin,Pearson,2022
B04997,Artificial Intelligence,Tanenbaum,Springer,2023
B04998,Data Mining,Sutton,Wiley,2018
B04999,Data Structures,Korth,Wiley,2017
B05000,Cloud Computing,Cormen,Pearson,2018
