result_id,student_id,subject_id,marks,grade,year,semester
1,S0727,SUB0053,77,D,2022,5
2,S0890,SUB0323,54,A,2022,2
3,S0135,SUB0764,81,A+,2023,2
4,S0094,SUB0800,80,F,2022,7
5,S0487,SUB0580,38,A,2025,3
6,S0574,SUB0714,96,A,2026,8
7,S0678,SUB0793,85,A,2026,7
8,S0981,SUB0134,67,F,2025,4
9,S0339,SUB0446,55,D,2023,1
10,S0641,SUB0400,59,F,2023,4
11,S0102,SUB0056,98,C,2024,3
12,S0436,SUB0683,65,C,2022,2
13,S0222,SUB0855,60,A,2025,5
14,S0864,SUB0069,84,C,2024,1
15,S0072,SUB0546,54,A,2026,7
16,S0241,SUB0312,51,C,2024,3
17,S0401,SUB0064,85,D,2022,5
18,S0331,SUB0314,96,D,2024,4
19,S0135,SUB0407,66,F,2023,1
20,S0442,SUB0555,94,D,2025,1
21,S0164,SUB0601,66,A+,2024,4
22,S0798,SUB0056,99,B,2025,1
23,S0200,SUB0116,92,B,2025,1
24,S0650,SUB0462,78,A,2023,4
25,S0886,SUB0577,88,D,2022,8
26,S0439,SUB0963,64,C,2022,3
27,S0632,SUB0816,66,A,2022,6
28,S0527,SUB0271,85,C,2023,8
29,S0260,SUB0606,82,B,2025,8
30,S0642,SUB0284,62,B,2024,4
31,S0509,SUB0853,47,F,2023,3
32,S0764,SUB0965,42,C,2022,2
33,S0364,SUB0577,70,A+,2022,1
34,S0595,SUB0780,61,D,2024,3
35,S0397,SUB0091,70,B,2024,5
36,S0176,SUB0873,85,B+,2024,3
37,S0965,SUB0045,44,A+,2022,7
38,S0082,SUB0327,44,D,2024,3
39,S0454,SUB0870,42,F,2026,8
40,S0486,SUB0154,57,F,2023,3
41,S0306,SUB0099,84,F,2025,7
42,S0244,SUB0206,73,B,2026,3
43,S0153,SUB0749,93,C,2024,3
44,S0822,SUB0825,37,B+,2023,2
45,S0875,SUB0626,62,B+,2023,2
46,S0290,SUB0622,64,C,2025,3
47,S0455,SUB0256,55,D,2024,1
48,S0376,SUB0917,80,A,2022,6
49,S0827,SUB0571,92,C,2022,3
50,S0099,SUB0486,85,D,2023,7
51,S0267,SUB0459,62,A,2022,3
52,S0635,SUB0157,63,A,2022,7
53,S0662,SUB0217,96,B+,2025,1
54,S0665,SUB0162,65,B,2023,1
55,S0322,SUB0710,82,A,2022,2
56,S0447,SUB0823,54,B+,2023,5
57,S0861,SUB0106,99,B,2023,6
58,S0177,SUB0307,41,A,2022,3
59,S0388,SUB0456,72,C,2023,1
60,S0242,SUB0358,73,F,2022,3
61,S0845,SUB0011,82,A+,2026,6
62,S0325,SUB0645,54,A,2022,4
63,S0201,SUB0687,90,B+,2025,5
64,S0023,SUB0046,35,C,2026,6
65,S0248,SUB0441,82,A+,2022,4
66,S0300,SUB0035,100,A+,2024,6
67,S0544,SUB0788,67,A,2026,7
68,S0854,SUB0532,50,A+,2024,7
69,S0785,SUB0397,85,B+,2026,2
70,S0104,SUB0347,81,F,2024,2
71,S0631,SUB0840,53,B,2026,5
72,S0051,SUB0748,95,B,2023,2
73,S0955,SUB0859,90,B+,2023,3
74,S0201,SUB0538,97,C,2026,6
75,S0138,SUB0952,62,A+,2023,6
76,S0256,SUB0021,98,F,2023,8
77,S0118,SUB0980,38,F,2026,3
78,S0880,SUB0382,99,B+,2022,5
79,S0739,SUB0955,62,F,2022,4
80,S0533,SUB0580,85,B,2025,4
81,S0911,SUB0865,37,A+,2024,2
82,S0768,SUB0929,80,D,2024,2
83,S0721,SUB0883,95,B,2024,2
84,S0352,SUB0716,53,C,2023,2
85,S0001,SUB0497,97,A+,2023,8
86,S0815,SUB0084,61,B+,2026,1
87,S0100,SUB0959,56,B,2024,6
88,S0418,SUB0208,49,B+,2023,1
89,S0365,SUB0590,85,B+,2023,4
90,S0280,SUB0712,99,C,2026,2
91,S0546,SUB0501,93,A+,2023,5
92,S0834,SUB0029,88,B+,2026,5
93,S0045,SUB0968,36,B+,2022,2
94,S0061,SUB0488,75,C,2022,7
95,S0129,SUB0415,89,A,2023,3
96,S0191,SUB0421,76,B+,2024,4
97,S0503,SUB0239,87,B,2022,1
98,S0351,SUB0987,91,A,2023,5
99,S0302,SUB0314,60,D,2023,7
100,S0573,SUB0599,69,A+,2023,1
101,S0131,SUB0566,61,F,2023,4
102,S0008,SUB0259,96,C,2024,4
103,S0519,SUB0844,95,C,2026,1
104,S0774,SUB0299,35,F,2026,6
105,S0525,SUB0633,52,F,2026,7
106,S0205,SUB0976,84,A,2022,8
107,S0754,SUB0270,54,D,2025,7
108,S0841,SUB0920,40,F,2026,5
109,S0976,SUB0639,92,D,2023,2
110,S0235,SUB0677,42,D,2022,6
111,S0343,SUB0800,40,F,2024,6
112,S0399,SUB0801,78,B,2026,1
113,S0285,SUB0522,93,F,2022,3
114,S0766,SUB0976,68,B,2022,6
115,S0272,SUB0181,50,F,2026,8
116,S0334,SUB0718,48,A+,2026,7
117,S0712,SUB0352,96,F,2025,3
118,S0653,SUB0293,99,B+,2025,7
119,S0394,SUB0049,35,B+,2024,2
120,S0161,SUB0382,61,D,2024,2
121,S0187,SUB0560,65,A+,2022,8
122,S0924,SUB0449,83,B+,2023,1
123,S0455,SUB0305,47,B+,2026,4
124,S0430,SUB0550,41,B+,2025,6
125,S0377,SUB0186,36,C,2026,6
126,S0878,SUB0075,75,A+,2022,6
127,S0946,SUB0155,75,B,2023,3
128,S0915,SUB0735,56,A,2023,2
129,S0307,SUB0696,76,A,2022,3
130,S0791,SUB0577,70,B+,2025,8
131,S0235,SUB0507,92,C,2025,3
132,S0483,SUB0958,78,B+,2024,5
133,S0771,SUB0473,53,A+,2024,2
134,S0557,SUB0009,65,C,2024,6
135,S0002,SUB0524,88,A+,2025,8
136,S0259,SUB0577,51,A+,2024,5
137,S0711,SUB0853,57,C,2022,7
138,S0114,SUB0105,86,C,2023,6
139,S0614,SUB0954,81,B+,2022,6
140,S0754,SUB0077,94,A,2022,3
141,S0287,SUB0229,36,F,2026,8
142,S0127,SUB0259,57,A+,2026,3
143,S0194,SUB0672,76,A+,2022,6
144,S0467,SUB0452,90,A,2025,7
145,S0836,SUB0317,86,B,2025,8
146,S0276,SUB0648,37,B+,2023,2
147,S0181,SUB0475,53,C,2022,7
148,S0029,SUB0337,92,F,2023,3
149,S0298,SUB0997,38,A+,2025,6
150,S0222,SUB0271,47,C,2023,5
151,S0680,SUB0411,64,D,2025,7
152,S0473,SUB0015,72,F,2025,3
153,S0980,SUB0553,61,A,2026,3
154,S0202,SUB0992,84,D,2023,3
155,S0033,SUB0077,77,A,2026,4
156,S0105,SUB0751,52,B+,2024,4
157,S0491,SUB0814,93,A+,2026,3
158,S0361,SUB0408,42,C,2022,2
159,S0553,SUB0725,69,D,2024,2
160,S0279,SUB0892,46,B+,2022,6
161,S0160,SUB0038,54,C,2023,1
162,S0640,SUB0642,37,B,2024,2
163,S0629,SUB0855,41,A,2024,2
164,S0670,SUB0750,77,C,2023,3
165,S0521,SUB0967,56,F,2023,4
166,S0739,SUB0756,66,D,2023,1
167,S0970,SUB0608,91,B,2023,7
168,S0828,SUB0604,51,F,2025,3
169,S0798,SUB0765,72,A,2025,3
170,S0365,SUB1000,37,F,2022,3
171,S0473,SUB0640,74,B,2025,7
172,S0585,SUB0094,89,B+,2022,2
173,S0648,SUB0169,42,D,2022,3
174,S0171,SUB0506,73,D,2026,3
175,S0303,SUB0016,78,A+,2022,4
176,S0088,SUB0010,90,D,2023,8
177,S0163,SUB0143,96,C,2022,2
178,S0018,SUB0766,37,C,2026,4
179,S0449,SUB0918,69,D,2026,7
180,S0350,SUB0458,37,A+,2023,5
181,S0623,SUB0132,51,F,2023,2
182,S0464,SUB0917,69,D,2026,7
183,S0138,SUB0440,50,C,2024,4
184,S0022,SUB0776,51,B,2022,4
185,S0641,SUB0840,46,B,2025,7
186,S0467,SUB0941,97,B,2026,3
187,S0681,SUB0207,78,A+,2026,2
188,S0380,SUB0518,60,B+,2026,2
189,S0315,SUB0143,50,B,2023,2
190,S0392,SUB0333,45,D,2025,3
191,S0851,SUB0813,50,C,2022,5
192,S0026,SUB0650,36,D,2025,4
193,S0039,SUB0354,100,B+,2023,1
194,S0488,SUB0928,44,B,2022,8
195,S0276,SUB0330,72,D,2023,6
196,S0052,SUB0639,95,C,2025,7
197,S0163,SUB0977,37,B,2026,3
198,S0178,SUB0988,68,D,2023,8
199,S0666,SUB0892,79,D,2026,2
200,S0408,SUB0438,35,F,2023,1
201,S0447,SUB0855,51,A+,2022,6
202,S0388,SUB0057,77,C,2022,6
203,S0639,SUB0532,75,A,2025,3
204,S0554,SUB0034,52,D,2022,5
205,S0866,SUB0820,65,A,2026,7
206,S0005,SUB0692,49,D,2022,3
207,S0240,SUB0359,52,B+,2023,6
208,S0416,SUB0064,36,D,2023,4
209,S0486,SUB0935,58,F,2024,1
210,S0796,SUB0329,68,D,2022,6
211,S0344,SUB0579,40,B,2026,1
212,S0021,SUB0192,45,B,2022,4
213,S0626,SUB0024,81,A+,2023,8
214,S0949,SUB0769,62,C,2022,2
215,S0935,SUB0839,57,A,2026,7
216,S0148,SUB0449,37,B,2022,2
217,S0930,SUB0514,50,C,2024,2
218,S0388,SUB0533,77,A+,2026,4
219,S0868,SUB0726,92,A+,2023,8
220,S0832,SUB0568,48,A+,2023,4
221,S0863,SUB0877,36,A,2022,6
222,S0641,SUB0069,40,D,2022,8
223,S0624,SUB0059,79,B+,2026,2
224,S0874,SUB0596,79,B,2023,7
225,S0779,SUB0674,52,F,2026,5
226,S0559,SUB0696,80,B,2024,5
227,S0372,SUB0305,61,A,2022,8
228,S0071,SUB0523,95,D,2023,1
229,S0155,SUB0561,80,F,2022,8
230,S0633,SUB0543,35,C,2024,1
231,S0591,SUB0232,100,B+,2022,4
232,S0931,SUB0392,72,B,2023,7
233,S0832,SUB0875,58,B+,2025,5
234,S0018,SUB0630,59,C,2026,7
235,S0034,SUB0975,49,B,2022,4
236,S0857,SUB0184,89,A+,2022,5
237,S0022,SUB0660,45,A+,2023,3
238,S0081,SUB0476,65,F,2023,6
239,S0538,SUB0352,40,B,2023,3
240,S0192,SUB0762,54,F,2022,8
241,S0135,SUB0630,58,B+,2025,1
242,S0781,SUB0871,52,B,2026,3
243,S0161,SUB0083,36,B+,2025,1
244,S0274,SUB0856,47,A+,2022,7
245,S0371,SUB0895,79,A+,2023,4
246,S0237,SUB0581,76,B,2026,3
247,S0346,SUB0043,62,A+,2023,6
248,S0916,SUB0922,61,C,2026,3
249,S0895,SUB0365,63,A,2022,5
250,S0098,SUB0057,87,C,2022,1
251,S0999,SUB0296,80,F,2023,4
252,S0695,SUB0205,57,B,2023,1
253,S0022,SUB0110,80,C,2023,1
254,S0734,SUB0257,61,B,2023,2
255,S0700,SUB0867,74,D,2025,5
256,S0749,SUB0463,65,A+,2022,3
257,S0073,SUB0010,93,A,2022,4
258,S0880,SUB0966,88,B+,2024,6
259,S0564,SUB0683,76,A,2024,3
260,S0871,SUB0584,54,B+,2026,1
261,S0144,SUB0158,46,A+,2025,2
262,S0240,SUB0474,46,C,2025,4
263,S0277,SUB0271,53,D,2025,4
264,S0070,SUB0777,71,A,2022,3
265,S0237,SUB0804,57,B,2023,5
266,S0313,SUB0518,48,D,2023,8
267,S0075,SUB0505,57,A+,2024,6
268,S0206,SUB0608,88,C,2024,5
269,S0848,SUB0098,77,D,2023,1
270,S0736,SUB0025,55,B,2022,7
271,S0131,SUB0151,35,C,2024,3
272,S0463,SUB0913,51,F,2025,6
273,S0911,SUB0331,91,B,2024,8
274,S0452,SUB0638,88,B,2025,4
275,S0958,SUB0793,54,F,2026,8
276,S0611,SUB0832,89,B,2025,6
277,S0427,SUB0032,87,B,2025,8
278,S0210,SUB0889,35,F,2024,5
279,S0282,SUB0039,70,A,2025,3
280,S0207,SUB0088,97,B+,2026,3
281,S0605,SUB0043,37,F,2024,8
282,S0753,SUB0334,59,F,2024,1
283,S0023,SUB0026,65,B+,2023,8
284,S0858,SUB0378,84,B+,2023,7
285,S0743,SUB0137,48,A,2025,6
286,S0975,SUB0526,93,B,2023,4
287,S0903,SUB0616,67,B+,2024,4
288,S0494,SUB0038,43,C,2023,2
289,S0866,SUB0756,41,F,2022,6
290,S0529,SUB0360,65,F,2024,6
291,S0904,SUB0033,74,A,2023,4
292,S0867,SUB0953,66,B+,2022,4
293,S0380,SUB0488,89,A+,2023,6
294,S0937,SUB0318,95,F,2022,3
295,S0197,SUB0419,59,A+,2025,4
296,S0114,SUB0919,63,D,2025,2
297,S0753,SUB0468,72,C,2022,8
298,S0018,SUB0916,42,A,2022,8
299,S0271,SUB0831,36,F,2022,8
300,S0549,SUB0356,59,B,2022,1
301,S0083,SUB0474,90,C,2022,8
302,S0139,SUB0029,43,C,2024,3
303,S0835,SUB0957,74,A,2025,1
304,S0652,SUB0566,99,F,2023,6
305,S0484,SUB0992,53,B+,2026,2
306,S0494,SUB0259,80,F,2024,1
307,S0867,SUB0895,74,F,2023,4
308,S0644,SUB0352,50,A,2026,8
309,S0933,SUB0757,48,B+,2022,5
310,S0128,SUB0122,37,B,2025,3
311,S0834,SUB0769,92,A,2026,7
312,S0936,SUB0233,62,A,2026,4
313,S0817,SUB0525,51,A,2025,2
314,S0216,SUB0911,36,F,2026,2
315,S0308,SUB0548,95,A+,2025,6
316,S0181,SUB0595,41,B,2022,2
317,S0249,SUB0883,67,A,2025,3
318,S0974,SUB0959,36,A,2024,1
319,S0978,SUB0005,65,C,2026,1
320,S0541,SUB0112,60,B,2022,7
321,S0142,SUB0332,57,F,2025,2
322,S0588,SUB0797,81,A+,2023,2
323,S0188,SUB0303,87,B,2025,7
324,S0488,SUB0812,87,B,2024,2
325,S0511,SUB0976,90,B+,2023,6
326,S0944,SUB0837,97,B,2024,7
327,S0666,SUB0101,54,B,2025,8
328,S0295,SUB0703,67,B,2025,4
329,S0290,SUB0940,73,A+,2024,4
330,S0482,SUB0203,87,D,2026,8
331,S0401,SUB0746,93,F,2025,6
332,S0680,SUB0988,62,D,2024,6
333,S0506,SUB0956,67,C,2026,5
334,S0424,SUB0881,58,A+,2022,8
335,S0777,SUB0350,87,C,2023,3
336,S0665,SUB0534,65,B,2026,2
337,S0789,SUB0262,56,A+,2026,2
338,S0408,SUB0756,96,B+,2024,2
339,S0569,SUB0544,54,B+,2025,5
340,S0361,SUB0682,47,B,2026,8
341,S0011,SUB0649,35,B,2023,2
342,S0540,SUB0765,56,A,2022,3
343,S0375,SUB0863,59,F,2026,8
344,S0095,SUB0694,90,A,2025,5
345,S0964,SUB0495,40,A,2026,6
346,S0231,SUB0290,41,B,2025,6
347,S0704,SUB0490,49,A+,2022,4
348,S0448,SUB0306,49,A,2025,6
349,S0598,SUB0591,82,A,2025,2
350,S0841,SUB0493,57,D,2023,1
351,S0861,SUB0902,64,B+,2023,5
352,S0323,SUB0673,85,D,2026,3
353,S0349,SUB0668,35,D,2022,5
354,S0268,SUB0606,88,F,2025,1
355,S0434,SUB0980,79,F,2023,8
356,S0605,SUB0348,67,C,2026,2
357,S0850,SUB0337,77,C,2023,3
358,S0491,SUB0401,87,F,2025,3
359,S0883,SUB0063,44,D,2026,8
360,S0570,SUB0596,79,B,2022,8
361,S0876,SUB0913,76,A,2024,5
362,S0467,SUB0047,88,D,2023,1
363,S0882,SUB0817,69,C,2022,8
364,S0885,SUB0386,48,D,2024,7
365,S0547,SUB0535,77,A+,2026,1
366,S0453,SUB0810,79,B,2024,6
367,S0528,SUB0112,87,A+,2025,8
368,S0384,SUB0619,51,B,2026,4
369,S0043,SUB0848,69,B,2022,1
370,S0006,SUB0930,89,B,2025,3
371,S0345,SUB0183,40,D,2022,7
372,S0662,SUB0992,49,B+,2026,7
373,S0381,SUB0503,85,B,2023,6
374,S0351,SUB0411,89,A+,2024,4
375,S0008,SUB0388,50,A,2024,3
376,S0524,SUB0455,96,A,2022,8
377,S0131,SUB0789,87,A+,2023,2
378,S0976,SUB0692,50,B+,2022,6
379,S0310,SUB0228,93,C,2023,3
380,S0689,SUB0497,65,C,2026,2
381,S0813,SUB0797,77,A,2025,7
382,S0251,SUB0591,49,B+,2023,5
383,S0470,SUB0624,39,F,2023,4
384,S0423,SUB0422,95,F,2024,5
385,S0431,SUB0895,40,A,2022,3
386,S0204,SUB0816,70,A,2022,4
387,S0598,SUB0232,96,A,2022,7
388,S0126,SUB0742,93,B+,2024,4
389,S0412,SUB0427,45,A,2023,2
390,S0008,SUB0457,66,A+,2023,6
391,S0272,SUB0561,65,F,2025,4
392,S0240,SUB0223,54,A,2025,3
393,S0153,SUB0861,35,B+,2025,2
394,S0588,SUB0782,44,C,2025,3
395,S0645,SUB0868,99,C,2023,7
396,S0510,SUB0450,90,C,2022,7
397,S0658,SUB0213,78,F,2023,5
398,S0136,SUB0443,42,B,2022,4
399,S0902,SUB0428,47,A+,2025,5
400,S0208,SUB0938,48,C,2025,1
401,S0731,SUB0114,42,F,2022,4
402,S0877,SUB0385,36,D,2024,6
403,S0118,SUB0565,78,A,2023,2
404,S0027,SUB0995,75,B+,2024,7
405,S0899,SUB0729,98,A+,2024,2
406,S0605,SUB0034,63,B+,2022,5
407,S0640,SUB0113,96,D,2023,8
408,S0417,SUB0774,36,A+,2023,6
409,S0457,SUB0294,83,F,2026,1
410,S0381,SUB0828,48,D,2026,4
411,S0960,SUB0121,35,B+,2022,4
412,S0643,SUB0574,38,A+,2024,5
413,S0643,SUB0494,60,C,2024,1
414,S0142,SUB0083,39,D,2025,7
415,S0843,SUB0703,92,B,2024,1
416,S0603,SUB0718,67,F,2026,2
417,S0622,SUB0092,71,A,2026,7
418,S0711,SUB0640,96,C,2026,2
419,S0052,SUB0551,100,A+,2024,5
420,S0487,SUB0447,98,C,2026,2
421,S0289,SUB0714,78,B,2025,6
422,S0158,SUB0688,54,F,2026,2
423,S0658,SUB0077,81,F,2026,6
424,S0531,SUB0830,45,B+,2026,5
425,S0260,SUB0915,47,C,2024,2
426,S0493,SUB0699,89,A+,2026,3
427,S0703,SUB0757,58,A+,2026,1
428,S0576,SUB0751,51,F,2025,6
429,S0184,SUB0270,72,A,2023,2
430,S0091,SUB0309,68,F,2024,3
431,S0809,SUB0799,43,B+,2022,5
432,S0745,SUB0135,56,F,2025,6
433,S0615,SUB0826,88,C,2022,5
434,S0104,SUB0689,51,F,2025,4
435,S0899,SUB0214,76,A,2023,2
436,S0922,SUB0809,69,F,2023,8
437,S0574,SUB0082,71,A+,2026,4
438,S0220,SUB0169,61,F,2025,7
439,S0209,SUB0154,40,F,2023,7
440,S0127,SUB0692,66,F,2022,4
441,S0070,SUB0270,41,B,2026,3
442,S0185,SUB0046,91,F,2023,7
443,S0529,SUB0661,38,A,2025,5
444,S0128,SUB0720,93,C,2022,2
445,S0445,SUB0682,44,D,2023,7
446,S0006,SUB0002,35,C,2026,6
447,S0450,SUB0790,79,A,2026,7
448,S0079,SUB0653,68,A+,2024,1
449,S0029,SUB0787,47,C,2026,1
450,S0522,SUB0281,94,F,2024,1
451,S0098,SUB0308,65,A+,2025,8
452,S0594,SUB0573,39,F,2023,5
453,S0077,SUB0892,84,D,2023,4
454,S0912,SUB0699,96,D,2024,5
455,S0240,SUB0939,55,C,2025,8
456,S0433,SUB0338,73,F,2025,2
457,S0039,SUB0295,65,A+,2025,8
458,S0310,SUB0191,100,A+,2022,6
459,S0618,SUB0192,94,F,2025,7
460,S0922,SUB0195,73,C,2024,4
461,S0961,SUB0993,87,B,2023,7
462,S0329,SUB0831,84,A,2024,2
463,S0187,SUB0043,41,F,2023,5
464,S0636,SUB0776,86,A+,2025,2
465,S0860,SUB0308,80,D,2026,5
466,S0857,SUB0525,94,F,2023,7
467,S0817,SUB0365,63,F,2026,8
468,S0608,SUB0557,60,A,2023,4
469,S0809,SUB0936,66,B,2023,2
470,S0646,SUB0452,64,D,2025,8
471,S0081,SUB0330,41,D,2024,3
472,S0195,SUB0679,37,F,2025,2
473,S0315,SUB0237,94,F,2025,7
474,S0004,SUB0599,88,C,2024,7
475,S0167,SUB0921,52,B,2022,5
476,S0072,SUB0072,76,A,2022,7
477,S0817,SUB0259,47,C,2022,5
478,S0655,SUB0896,52,A+,2023,3
479,S0031,SUB0514,97,F,2022,2
480,S0766,SUB0315,45,A+,2025,5
481,S0466,SUB0169,80,F,2023,4
482,S0080,SUB0830,81,B,2025,6
483,S0966,SUB0141,93,F,2026,8
484,S0373,SUB0520,55,B+,2024,4
485,S0338,SUB0544,59,A,2026,3
486,S0803,SUB0702,80,A,2022,5
487,S0150,SUB0541,83,D,2026,6
488,S0461,SUB0897,48,A+,2026,5
489,S0849,SUB0006,41,C,2026,5
490,S0936,SUB0172,67,B,2025,4
491,S0239,SUB0871,45,F,2025,2
492,S0622,SUB0975,94,A,2023,6
493,S0309,SUB0877,92,B,2025,8
494,S0598,SUB0239,80,B+,2022,8
495,S0507,SUB0567,82,A,2022,3
496,S0764,SUB0202,63,C,2022,5
497,S0347,SUB0185,70,B+,2022,4
498,S0918,SUB0924,41,B+,2024,8
499,S0759,SUB0134,42,A+,2022,3
500,S0569,SUB0255,39,A+,2026,3
501,S0049,SUB0015,50,C,2022,5
502,S0496,SUB0737,47,D,2024,8
503,S0049,SUB0714,58,A,2026,5
504,S0143,SUB0563,56,A,2026,2
505,S0011,SUB0730,41,A+,2023,3
506,S0275,SUB0507,60,C,2025,2
507,S0067,SUB0996,76,B,2023,4
508,S0381,SUB0497,43,D,2024,4
509,S0930,SUB0091,45,B,2023,6
510,S0844,SUB0602,43,D,2026,2
511,S0813,SUB0517,38,B,2026,5
512,S0823,SUB0587,37,B+,2025,2
513,S0914,SUB0181,74,B,2022,5
514,S0709,SUB0668,66,D,2023,6
515,S0691,SUB0882,64,A,2025,4
516,S0206,SUB0083,83,A+,2026,3
517,S0781,SUB0859,75,B,2023,3
518,S0338,SUB0747,62,F,2025,2
519,S0569,SUB0098,84,C,2024,4
520,S0193,SUB0354,98,B+,2025,2
521,S0162,SUB0017,92,A,2026,3
522,S0103,SUB0232,38,C,2026,5
523,S0858,SUB0861,70,D,2022,2
524,S0940,SUB0223,42,F,2024,3
525,S0346,SUB0234,39,D,2024,7
526,S0769,SUB0177,86,C,2023,1
527,S0463,SUB0963,87,A,2022,4
528,S0166,SUB0357,69,B+,2023,3
529,S0931,SUB0330,45,D,2024,1
530,S0660,SUB0022,76,B,2023,6
531,S0188,SUB0736,45,B,2026,3
532,S0701,SUB0306,95,F,2022,7
533,S0697,SUB0438,51,A+,2025,4
534,S0753,SUB0484,79,B,2022,7
535,S0034,SUB0149,92,B,2025,4
536,S0797,SUB0699,58,A+,2024,2
537,S0715,SUB0789,74,D,2026,4
538,S0266,SUB0587,89,A,2024,3
539,S0086,SUB0608,57,B,2024,4
540,S0182,SUB0678,87,D,2026,2
541,S0308,SUB0239,73,A,2024,3
542,S0430,SUB0960,43,C,2026,1
543,S0655,SUB0498,44,A,2026,5
544,S0079,SUB0056,92,B+,2024,6
545,S0169,SUB0581,92,D,2026,5
546,S0587,SUB0979,94,A+,2024,4
547,S0102,SUB0935,88,C,2024,2
548,S0709,SUB0991,50,D,2023,3
549,S0936,SUB0391,77,C,2022,3
550,S0005,SUB0812,71,B+,2026,1
551,S0475,SUB0010,85,B,2024,7
552,S0119,SUB0538,60,C,2023,3
553,S0278,SUB0524,35,B+,2025,4
554,S0711,SUB0786,69,B,2025,4
555,S0619,SUB0342,95,A+,2023,5
556,S0771,SUB0502,75,B,2025,2
557,S0585,SUB0828,81,B,2026,5
558,S0740,SUB0301,65,A,2022,2
559,S0967,SUB0895,75,F,2025,8
560,S0817,SUB0947,40,B,2022,6
561,S0080,SUB0786,46,F,2025,3
562,S0241,SUB0163,50,F,2023,8
563,S0907,SUB0942,58,F,2024,6
564,S0929,SUB0784,97,D,2022,8
565,S0496,SUB0833,63,B,2025,7
566,S0257,SUB0153,39,A,2025,7
567,S0274,SUB0924,39,A,2023,2
568,S0831,SUB0564,60,F,2025,7
569,S0108,SUB0579,47,A+,2024,2
570,S0434,SUB0538,67,A+,2026,8
571,S0846,SUB0110,47,D,2025,6
572,S0199,SUB0819,90,C,2026,6
573,S0605,SUB0322,37,B+,2026,4
574,S0530,SUB0612,44,C,2026,8
575,S0600,SUB0589,60,C,2026,4
576,S0538,SUB0015,74,B+,2026,6
577,S0444,SUB0630,72,B,2023,5
578,S0565,SUB0674,61,C,2022,1
579,S0677,SUB0048,71,B+,2023,3
580,S0297,SUB0963,61,F,2022,2
581,S0961,SUB0071,43,C,2025,7
582,S0726,SUB0649,93,B,2024,1
583,S0950,SUB0944,90,C,2026,7
584,S0857,SUB0067,78,F,2023,3
585,S0900,SUB0601,62,F,2026,6
586,S0726,SUB0164,66,D,2023,1
587,S0187,SUB0867,57,C,2025,7
588,S0084,SUB0783,51,C,2026,7
589,S0224,SUB0725,60,B+,2025,3
590,S0815,SUB0031,57,A,2022,3
591,S0056,SUB0121,58,A,2022,8
592,S0848,SUB0018,71,D,2023,7
593,S0412,SUB0409,88,D,2022,6
594,S0139,SUB0906,42,C,2025,7
595,S0929,SUB0429,60,B,2025,6
596,S0892,SUB0393,82,A,2026,2
597,S0730,SUB0449,62,A,2022,5
598,S0143,SUB0011,61,B,2024,1
599,S0417,SUB0818,37,B,2023,7
600,S0334,SUB0696,96,D,2026,4
601,S0371,SUB0941,74,F,2024,5
602,S0824,SUB0877,82,B+,2024,5
603,S0527,SUB0991,54,A+,2022,1
604,S0662,SUB0534,38,F,2025,2
605,S0412,SUB0330,96,D,2022,1
606,S0449,SUB0799,68,B,2024,3
607,S0508,SUB0231,96,C,2023,8
608,S0996,SUB0136,96,A+,2025,7
609,S0007,SUB0957,79,C,2023,8
610,S0918,SUB0187,40,A,2023,1
611,S0684,SUB0897,35,B,2026,6
612,S0726,SUB0304,56,A,2026,2
613,S0971,SUB0123,93,B+,2024,4
614,S0825,SUB0266,37,D,2023,8
615,S0354,SUB0606,97,B,2024,4
616,S0018,SUB0442,86,B,2026,2
617,S0348,SUB0488,75,A,2026,3
618,S0066,SUB0030,63,F,2024,3
619,S0663,SUB0901,88,B,2025,3
620,S0476,SUB0164,98,B+,2022,7
621,S0846,SUB0710,68,C,2026,5
622,S0657,SUB0400,67,A+,2022,2
623,S0258,SUB0991,39,A+,2023,3
624,S0933,SUB0280,91,F,2025,5
625,S0396,SUB0334,59,D,2023,2
626,S0914,SUB0934,98,D,2024,2
627,S0155,SUB0533,85,A,2025,1
628,S0411,SUB0218,96,D,2024,7
629,S0678,SUB0125,55,B+,2024,7
630,S0705,SUB0876,39,C,2026,2
631,S0168,SUB0346,80,F,2026,8
632,S0964,SUB0401,86,F,2022,3
633,S0123,SUB0474,100,B,2025,6
634,S0128,SUB0881,82,A,2023,7
635,S0141,SUB0297,56,C,2023,3
636,S0114,SUB0411,59,A,2023,7
637,S0161,SUB0778,85,A,2025,5
638,S0797,SUB0878,86,F,2024,2
639,S0591,SUB0932,87,C,2023,4
640,S0677,SUB0554,42,F,2026,3
641,S0595,SUB0238,37,A+,2022,5
642,S0862,SUB0586,49,D,2026,7
643,S0111,SUB0151,51,A+,2025,2
644,S0174,SUB0549,35,B,2022,3
645,S0044,SUB0115,47,D,2025,3
646,S0403,SUB0933,39,D,2025,2
647,S0004,SUB0717,52,D,2022,2
648,S0176,SUB0878,90,B,2026,3
649,S0108,SUB0542,49,A+,2025,7
650,S0474,SUB0656,90,A+,2022,3
651,S0497,SUB0533,58,B+,2022,3
652,S0138,SUB0078,89,B+,2025,7
653,S0211,SUB0547,82,A+,2022,5
654,S0713,SUB0923,43,D,2023,4
655,S0077,SUB0846,100,D,2025,5
656,S0053,SUB0803,48,B+,2023,8
657,S0041,SUB0599,89,B,2023,5
658,S0423,SUB0732,45,C,2023,4
659,S0498,SUB0671,93,C,2023,8
660,S0523,SUB0776,39,F,2023,6
661,S0203,SUB0234,85,A+,2022,7
662,S0657,SUB0894,76,D,2022,2
663,S0633,SUB0950,64,C,2025,5
664,S0576,SUB0168,46,D,2024,3
665,S0432,SUB0295,82,C,2022,7
666,S0937,SUB0196,85,B,2023,2
667,S0619,SUB0488,87,D,2023,2
668,S0438,SUB0915,45,C,2025,8
669,S0763,SUB0542,81,C,2022,1
670,S0571,SUB0573,78,A,2024,1
671,S0025,SUB0637,84,A+,2026,8
672,S0488,SUB0701,75,A+,2024,6
673,S0463,SUB0622,46,B,2023,8
674,S0619,SUB0503,96,C,2022,7
675,S0421,SUB0192,82,C,2026,2
676,S0506,SUB0230,45,B+,2026,7
677,S0605,SUB0350,49,B,2022,7
678,S0241,SUB0464,56,F,2024,1
679,S0658,SUB0359,72,A,2026,8
680,S0154,SUB0443,41,D,2025,7
681,S0833,SUB0982,76,B,2025,7
682,S0318,SUB0039,83,A+,2025,5
683,S0550,SUB0758,85,B,2023,3
684,S0863,SUB0718,80,B,2022,2
685,S0647,SUB0128,92,B+,2024,7
686,S0308,SUB0782,81,B,2025,7
687,S0310,SUB0605,84,A,2024,5
688,S0868,SUB0426,66,A,2025,2
689,S0683,SUB0097,36,B+,2022,1
690,S0409,SUB0501,87,C,2024,1
691,S0030,SUB0967,73,C,2025,6
692,S0201,SUB0680,87,A,2026,1
693,S0996,SUB0925,53,A+,2024,4
694,S0683,SUB0772,52,D,2023,4
695,S0274,SUB0452,53,A+,2025,6
696,S0379,SUB0434,68,C,2026,2
697,S0961,SUB0367,50,D,2023,4
698,S0709,SUB0473,86,A,2025,7
699,S0758,SUB0206,52,A+,2026,6
700,S0646,SUB0494,89,A+,2023,2
701,S0866,SUB0930,40,A,2026,6
702,S0966,SUB0605,36,B+,2023,6
703,S0130,SUB0262,46,A+,2022,6
704,S0140,SUB0147,89,B,2026,7
705,S0654,SUB0519,60,C,2025,2
706,S0198,SUB0214,67,D,2024,3
707,S0353,SUB0526,80,C,2022,1
708,S0625,SUB0399,71,B+,2022,6
709,S0675,SUB0862,72,B+,2024,2
710,S0607,SUB0986,39,C,2025,3
711,S0097,SUB0013,39,A,2025,1
712,S0570,SUB0034,93,C,2025,2
713,S0598,SUB0783,95,A+,2025,7
714,S0274,SUB0205,69,D,2022,1
715,S0231,SUB0793,73,B+,2023,8
716,S0098,SUB0698,84,A,2026,8
717,S0154,SUB0894,91,C,2025,6
718,S0033,SUB0851,41,C,2025,4
719,S0741,SUB0514,38,B,2022,7
720,S0110,SUB0092,86,C,2024,2
721,S0813,SUB0715,55,A+,2025,5
722,S0109,SUB0425,38,B,2025,8
723,S0740,SUB0360,70,A+,2026,5
724,S0763,SUB0410,50,D,2024,2
725,S0890,SUB0436,42,B,2023,6
726,S0853,SUB0467,91,C,2024,3
727,S0768,SUB0683,41,F,2025,5
728,S0504,SUB0892,63,B+,2026,1
729,S0897,SUB0501,59,F,2022,1
730,S0634,SUB0118,50,A,2022,3
731,S0050,SUB0237,91,C,2024,6
732,S0151,SUB0373,97,A+,2026,4
733,S0315,SUB0208,73,B+,2025,3
734,S0519,SUB0208,75,A,2022,3
735,S0424,SUB0430,50,A,2025,6
736,S0800,SUB0266,76,F,2024,3
737,S0808,SUB0795,98,A+,2023,1
738,S0689,SUB0839,91,A+,2025,2
739,S0978,SUB0987,81,D,2026,3
740,S0022,SUB0950,88,C,2024,2
741,S0562,SUB0038,56,A,2025,6
742,S0513,SUB0104,83,F,2022,4
743,S0767,SUB0878,97,A+,2024,4
744,S0820,SUB0530,64,C,2023,5
745,S0498,SUB0684,93,D,2026,3
746,S0386,SUB0191,84,A+,2026,3
747,S0638,SUB0435,68,B+,2024,8
748,S0275,SUB0422,75,A,2024,7
749,S0142,SUB0959,54,C,2022,6
750,S0123,SUB0296,57,B,2026,8
751,S0446,SUB0933,93,A+,2023,7
752,S0577,SUB0023,88,C,2026,6
753,S0947,SUB0602,44,A+,2024,8
754,S0601,SUB0473,100,B+,2022,8
755,S0637,SUB0581,68,C,2022,7
756,S0287,SUB0278,66,A,2026,1
757,S0816,SUB0902,100,B+,2023,1
758,S0169,SUB0929,37,B+,2026,1
759,S0059,SUB0334,70,B,2026,4
760,S0051,SUB0449,82,B+,2026,8
761,S0617,SUB0799,83,B,2026,8
762,S0675,SUB0832,94,D,2023,5
763,S0104,SUB0463,67,A,2022,2
764,S0190,SUB0733,46,D,2025,3
765,S0407,SUB0576,83,C,2023,4
766,S0013,SUB0360,61,B,2026,4
767,S0289,SUB0925,42,B+,2023,8
768,S0876,SUB0475,81,F,2025,5
769,S0966,SUB0666,69,B,2026,2
770,S0598,SUB0093,52,B+,2024,7
771,S0559,SUB0491,70,B,2026,4
772,S0923,SUB0321,68,A+,2025,1
773,S0764,SUB0186,61,A,2024,5
774,S0661,SUB0593,45,B,2022,4
775,S0994,SUB0013,53,B,2025,7
776,S0657,SUB0618,58,F,2025,3
777,S0408,SUB0194,62,D,2026,5
778,S0408,SUB0011,87,F,2023,8
779,S0788,SUB0496,51,F,2025,8
780,S0829,SUB0828,48,B,2026,8
781,S0912,SUB0762,84,B+,2026,5
782,S0933,SUB0147,65,B+,2026,4
783,S0520,SUB0907,46,F,2022,6
784,S0732,SUB0776,45,D,2025,7
785,S0467,SUB0892,61,F,2025,1
786,S0875,SUB0398,83,A+,2026,8
787,S0630,SUB0719,74,D,2022,1
788,S0431,SUB0377,53,A,2026,7
789,S0079,SUB0857,60,C,2026,5
790,S0888,SUB0317,89,A+,2025,6
791,S0342,SUB0292,51,B+,2023,1
792,S0696,SUB0133,88,A+,2026,3
793,S0289,SUB0406,86,F,2022,6
794,S0634,SUB0137,90,C,2025,8
795,S0719,SUB0199,64,B+,2026,5
796,S0243,SUB0398,58,D,2023,2
797,S0932,SUB0198,71,B,2025,6
798,S0109,SUB0170,71,B+,2022,7
799,S0623,SUB0567,100,B+,2024,4
800,S0092,SUB0160,36,F,2022,6
801,S0086,SUB0178,59,B+,2026,4
802,S0543,SUB0010,41,B+,2024,1
803,S0492,SUB0107,61,F,2025,2
804,S0832,SUB0211,70,B,2022,8
805,S0830,SUB0139,75,A,2023,7
806,S0207,SUB0578,64,F,2025,3
807,S0585,SUB0442,44,A+,2024,6
808,S0456,SUB0937,59,A,2023,1
809,S0875,SUB0219,37,C,2026,3
810,S0289,SUB0669,78,B,2024,7
811,S0068,SUB0971,89,A+,2024,2
812,S0868,SUB0025,35,A+,2026,8
813,S0748,SUB0227,64,C,2022,7
814,S0949,SUB0589,85,A+,2026,2
815,S0939,SUB0678,80,F,2026,3
816,S0628,SUB0197,50,D,2023,8
817,S0419,SUB0967,64,C,2024,3
818,S0136,SUB0622,80,A+,2025,4
819,S0820,SUB0226,45,B+,2022,8
820,S0389,SUB0753,38,C,2024,3
821,S0680,SUB0533,80,C,2022,8
822,S0374,SUB0245,51,A+,2022,8
823,S0297,SUB0971,65,F,2025,5
824,S0891,SUB0016,65,F,2023,8
825,S0145,SUB0242,78,C,2024,1
826,S0964,SUB0847,36,F,2023,7
827,S0530,SUB0375,53,B,2023,1
828,S0780,SUB0455,88,B+,2026,6
829,S0272,SUB0075,43,B,2022,3
830,S0630,SUB0255,60,F,2025,6
831,S0092,SUB0757,45,A,2025,2
832,S0580,SUB0454,84,B,2023,6
833,S0492,SUB0547,63,A,2024,1
834,S0915,SUB0021,89,F,2025,3
835,S0364,SUB0322,96,D,2022,7
836,S0125,SUB0097,48,F,2022,8
837,S0869,SUB0068,40,B,2023,1
838,S0488,SUB0242,68,A+,2026,1
839,S0490,SUB0232,74,B+,2025,8
840,S0878,SUB0897,46,B+,2024,8
841,S0551,SUB0525,54,B+,2022,4
842,S0561,SUB0699,99,A,2026,1
843,S0505,SUB0083,69,D,2026,3
844,S0024,SUB0136,55,B,2023,8
845,S0624,SUB0694,82,D,2022,5
846,S0421,SUB0043,87,B+,2023,4
847,S0775,SUB0361,77,B+,2024,4
848,S0057,SUB0284,98,D,2023,4
849,S0879,SUB0743,71,A,2025,1
850,S0189,SUB0156,82,C,2024,7
851,S0515,SUB0278,48,A,2025,1
852,S0034,SUB0470,72,F,2023,5
853,S0409,SUB0423,76,A,2022,7
854,S0055,SUB0385,69,F,2024,4
855,S0458,SUB0040,68,A+,2025,5
856,S0169,SUB0937,53,F,2022,5
857,S0731,SUB0566,84,F,2022,6
858,S0766,SUB0601,53,C,2025,3
859,S0660,SUB0924,57,A,2025,8
860,S0049,SUB0956,55,A+,2022,1
861,S0097,SUB0182,63,B+,2022,3
862,S0878,SUB0159,90,A,2023,1
863,S0920,SUB0037,47,C,2026,5
864,S0436,SUB0249,76,B+,2023,6
865,S0807,SUB0008,82,A,2025,1
866,S0567,SUB0600,63,B+,2025,6
867,S0085,SUB0366,54,A,2024,2
868,S0434,SUB0191,50,C,2026,3
869,S0650,SUB0148,54,A+,2024,8
870,S0796,SUB0824,41,D,2022,3
871,S0844,SUB0521,42,C,2024,3
872,S0153,SUB0282,57,D,2022,3
873,S0112,SUB0088,58,F,2025,8
874,S0158,SUB0926,64,B+,2026,8
875,S0308,SUB0904,43,A,2026,3
876,S0538,SUB0641,60,B+,2024,2
877,S0617,SUB0603,70,F,2026,8
878,S0546,SUB0776,43,A+,2024,5
879,S0820,SUB0327,66,A+,2022,4
880,S0005,SUB0942,58,B+,2023,1
881,S0227,SUB0555,90,B+,2024,5
882,S0514,SUB0566,43,A,2024,8
883,S0374,SUB0407,61,B,2024,1
884,S0893,SUB0159,52,A+,2026,2
885,S0887,SUB0593,77,A,2023,8
886,S0039,SUB0696,58,B,2025,5
887,S0842,SUB0556,48,C,2024,7
888,S0155,SUB0605,50,C,2022,6
889,S0602,SUB0509,80,B+,2024,1
890,S0122,SUB0357,45,B+,2023,7
891,S0729,SUB0078,72,B+,2024,2
892,S0970,SUB0895,54,B+,2022,3
893,S0921,SUB0294,97,A,2023,5
894,S0883,SUB0049,61,B+,2025,7
895,S0214,SUB0785,67,D,2026,8
896,S0679,SUB0265,100,D,2023,6
897,S0039,SUB0816,53,B+,2024,3
898,S0216,SUB0047,98,A,2024,7
899,S0266,SUB0789,60,A,2024,4
900,S0325,SUB0863,90,A,2025,6
901,S0189,SUB0312,70,C,2022,2
902,S0291,SUB0540,66,C,2022,3
903,S0171,SUB0654,39,B,2024,6
904,S0903,SUB0577,91,B,2025,1
905,S0936,SUB0944,97,B+,2024,5
906,S0941,SUB0079,39,B,2023,5
907,S0180,SUB0032,46,F,2023,6
908,S0623,SUB0088,88,B,2026,8
909,S0852,SUB0108,54,C,2026,8
910,S0307,SUB0480,68,C,2022,1
911,S0188,SUB0825,76,A,2023,4
912,S0334,SUB0537,62,C,2022,3
913,S0005,SUB0700,45,B+,2024,6
914,S0230,SUB0715,69,A+,2022,2
915,S0540,SUB0370,46,A+,2023,8
916,S0708,SUB0279,60,A+,2026,4
917,S0812,SUB0124,48,C,2025,4
918,S0647,SUB0253,99,B,2024,4
919,S0173,SUB0210,59,A,2025,8
920,S0950,SUB0982,36,B+,2024,7
921,S0518,SUB0916,57,A+,2025,2
922,S0931,SUB0657,65,A,2025,4
923,S0946,SUB0435,40,A+,2025,4
924,S0798,SUB0686,66,A,2023,4
925,S0932,SUB0032,88,D,2022,5
926,S0012,SUB0867,44,F,2022,2
927,S0002,SUB0991,38,B,2026,6
928,S0360,SUB0168,58,B+,2026,4
929,S0848,SUB0765,75,A,2023,5
930,S0380,SUB0637,44,A+,2025,7
931,S0271,SUB0002,76,B,2024,8
932,S0086,SUB0117,62,A+,2026,2
933,S0374,SUB0142,41,C,2024,7
934,S0500,SUB0675,77,A+,2024,4
935,S0007,SUB0458,39,D,2026,5
936,S0859,SUB0337,73,F,2022,5
937,S0996,SUB0338,96,B+,2023,8
938,S0288,SUB0354,94,F,2022,1
939,S0502,SUB0517,95,C,2023,1
940,S0627,SUB0238,45,C,2023,3
941,S0321,SUB0765,61,B+,2026,7
942,S0363,SUB0674,68,A,2026,1
943,S0883,SUB0345,81,C,2024,5
944,S0352,SUB0131,70,B,2026,5
945,S0335,SUB0175,86,B+,2024,8
946,S0984,SUB0274,42,A+,2026,2
947,S0905,SUB0839,36,C,2026,4
948,S0377,SUB0982,39,B+,2022,4
949,S0863,SUB0535,39,F,2023,3
950,S0252,SUB0528,40,A,2026,8
951,S0202,SUB0249,73,A,2024,2
952,S0928,SUB0074,63,C,2023,1
953,S0668,SUB0253,94,B,2022,3
954,S0227,SUB0411,69,C,2026,7
955,S0535,SUB0762,53,F,2025,4
956,S0184,SUB0731,48,A+,2024,5
957,S0803,SUB0793,45,A,2023,8
958,S0171,SUB0671,91,F,2024,8
959,S0872,SUB0910,83,D,2025,1
960,S0231,SUB0292,78,A,2022,5
961,S0613,SUB0148,45,A+,2022,3
962,S0303,SUB0351,80,A+,2026,4
963,S0335,SUB0769,47,A+,2026,6
964,S0560,SUB0200,95,A,2026,1
965,S0709,SUB0972,40,A+,2025,7
966,S0247,SUB0594,75,B+,2024,2
967,S0065,SUB0933,44,F,2024,4
968,S0922,SUB0396,87,D,2024,3
969,S0335,SUB0313,90,C,2025,2
970,S0215,SUB0198,65,B+,2024,2
971,S0112,SUB0689,72,D,2022,7
972,S0338,SUB0693,98,F,2025,2
973,S0501,SUB0321,96,D,2023,6
974,S0285,SUB0921,94,A+,2025,8
975,S0624,SUB0744,60,A+,2023,2
976,S0338,SUB0585,76,F,2024,5
977,S0101,SUB0840,97,B+,2026,6
978,S0266,SUB0752,72,F,2026,1
979,S0358,SUB0821,75,C,2024,6
980,S0665,SUB0586,96,F,2024,3
981,S0119,SUB0813,61,A+,2023,5
982,S0507,SUB0572,41,B+,2023,8
983,S0752,SUB0407,37,F,2025,5
984,S0587,SUB0885,55,B+,2026,1
985,S0897,SUB0265,96,A,2024,6
986,S0667,SUB0227,71,D,2026,2
987,S0313,SUB0923,78,F,2026,7
988,S0147,SUB0409,72,B+,2025,3
989,S0213,SUB0276,93,B,2022,7
990,S0601,SUB0026,65,D,2025,5
991,S0332,SUB0361,80,F,2023,1
992,S0796,SUB0275,97,B+,2026,1
993,S0258,SUB0604,98,B+,2022,8
994,S0511,SUB0335,49,C,2022,3
995,S0501,SUB0594,47,B+,2025,8
996,S0784,SUB0909,51,B,2025,3
997,S0723,SUB0245,59,A+,2022,8
998,S0858,SUB0975,94,C,2025,8
999,S0130,SUB0235,46,A,2026,2
1000,S0318,SUB0149,50,C,2026,8
1001,S0946,SUB0557,62,A,2022,4
1002,S0156,SUB0843,35,A+,2023,6
1003,S0519,SUB0842,89,C,2024,3
1004,S0303,SUB0576,67,F,2022,8
1005,S0337,SUB0563,56,B,2024,5
1006,S0782,SUB0451,82,A,2025,8
1007,S0166,SUB0931,47,F,2023,6
1008,S0816,SUB0421,78,D,2022,6
1009,S0026,SUB0823,40,D,2022,6
1010,S0589,SUB0248,92,D,2025,4
1011,S0062,SUB0742,76,A+,2026,8
1012,S0314,SUB0800,83,A,2024,3
1013,S0231,SUB0138,59,A,2026,6
1014,S0638,SUB0947,87,B,2024,1
1015,S0349,SUB0642,100,B+,2024,7
1016,S0575,SUB0623,84,D,2022,3
1017,S0827,SUB0900,82,A+,2023,7
1018,S0644,SUB0167,92,C,2022,8
1019,S0396,SUB0735,53,D,2022,2
1020,S0595,SUB0676,75,C,2023,6
1021,S0502,SUB0679,88,C,2026,5
1022,S0061,SUB0511,62,F,2025,8
1023,S0836,SUB0749,64,A,2025,7
1024,S0985,SUB0014,43,A,2024,7
1025,S0269,SUB0561,66,A,2024,7
1026,S0146,SUB0621,64,A,2023,8
1027,S0554,SUB0705,70,B+,2023,1
1028,S0116,SUB0120,80,F,2022,8
1029,S0618,SUB0912,61,B+,2023,3
1030,S0269,SUB0688,81,A+,2025,3
1031,S0505,SUB0610,72,A+,2026,5
1032,S0770,SUB0240,45,C,2026,3
1033,S0801,SUB0497,85,A+,2026,6
1034,S0547,SUB0042,56,B,2024,4
1035,S0359,SUB0434,97,A,2024,4
1036,S0411,SUB0192,71,A+,2022,8
1037,S0733,SUB0431,36,D,2026,3
1038,S0910,SUB0215,98,F,2022,4
1039,S0349,SUB0093,71,B+,2024,6
1040,S0250,SUB0406,78,A,2023,8
1041,S0560,SUB0112,58,B,2023,4
1042,S0911,SUB0696,56,D,2025,7
1043,S0831,SUB0658,54,B,2022,6
1044,S0776,SUB0407,58,B+,2022,2
1045,S0603,SUB0182,38,A+,2024,1
1046,S0512,SUB0105,94,A+,2023,4
1047,S0354,SUB0774,54,A,2025,6
1048,S0400,SUB0779,90,A+,2024,4
1049,S0701,SUB0664,50,A,2022,6
1050,S0821,SUB0167,96,A+,2024,7
1051,S0963,SUB0920,85,D,2026,5
1052,S0775,SUB0237,84,B+,2023,2
1053,S0530,SUB0779,77,F,2024,2
1054,S0117,SUB0754,66,A,2024,8
1055,S0668,SUB0902,75,B,2025,2
1056,S0453,SUB0612,45,B+,2024,3
1057,S0542,SUB0405,81,D,2024,4
1058,S0786,SUB0402,78,D,2022,5
1059,S0155,SUB0465,59,C,2023,1
1060,S0372,SUB0617,66,A,2024,5
1061,S0930,SUB0853,93,B+,2025,2
1062,S0854,SUB0556,64,D,2023,1
1063,S0920,SUB0912,40,A+,2024,4
1064,S0232,SUB0666,79,B,2023,4
1065,S0265,SUB0919,63,D,2025,1
1066,S0023,SUB0208,42,B+,2022,2
1067,S0196,SUB0672,95,D,2024,1
1068,S0721,SUB0885,41,B+,2025,6
1069,S0997,SUB0108,35,B,2022,6
1070,S0678,SUB0156,52,C,2023,6
1071,S0070,SUB0661,83,A,2026,2
1072,S0094,SUB0280,75,B+,2022,2
1073,S0833,SUB0043,100,D,2024,4
1074,S0526,SUB0521,46,D,2026,2
1075,S0484,SUB0032,57,F,2024,4
1076,S0276,SUB0714,56,F,2024,7
1077,S0952,SUB0080,35,D,2025,6
1078,S0562,SUB0938,80,F,2025,7
1079,S0305,SUB0096,99,A+,2024,5
1080,S0289,SUB0299,86,F,2026,3
1081,S0320,SUB0037,85,C,2022,6
1082,S0715,SUB0483,82,A+,2025,6
1083,S0124,SUB0961,63,A,2024,5
1084,S0429,SUB0370,42,D,2025,7
1085,S0812,SUB0154,66,B+,2024,5
1086,S0909,SUB0235,63,B+,2023,2
1087,S0978,SUB0316,41,B,2023,8
1088,S0738,SUB0670,37,B,2022,6
1089,S0377,SUB0864,72,A+,2023,5
1090,S0163,SUB0845,66,D,2023,3
1091,S0217,SUB0860,82,A,2022,2
1092,S0025,SUB0557,88,B+,2022,6
1093,S0778,SUB0600,43,B,2023,2
1094,S0775,SUB0934,37,A+,2024,2
1095,S0770,SUB0928,81,D,2023,5
1096,S0762,SUB0578,87,B,2022,5
1097,S0862,SUB0419,58,B,2025,1
1098,S0119,SUB0010,37,B,2022,5
1099,S0585,SUB0672,50,B,2022,6
1100,S0245,SUB0619,35,B,2025,3
1101,S0034,SUB0976,99,A,2023,7
1102,S0792,SUB0089,89,D,2023,2
1103,S0124,SUB0752,59,B,2026,3
1104,S0438,SUB0676,43,F,2024,8
1105,S0261,SUB0404,71,F,2024,5
1106,S0960,SUB0175,65,B+,2025,5
1107,S0319,SUB0989,42,C,2025,1
1108,S0667,SUB0942,60,D,2024,4
1109,S0161,SUB0692,83,A+,2026,6
1110,S0848,SUB0554,96,A,2022,7
1111,S0735,SUB0931,76,F,2023,3
1112,S0871,SUB0445,93,D,2022,8
1113,S0860,SUB0356,56,F,2026,5
1114,S0214,SUB0907,53,D,2026,2
1115,S0071,SUB0471,58,C,2025,7
1116,S0725,SUB0176,82,A+,2024,6
1117,S0631,SUB0196,53,A+,2025,4
1118,S0912,SUB0324,47,F,2022,4
1119,S0544,SUB0688,87,A+,2026,3
1120,S0524,SUB0752,48,D,2025,4
1121,S0415,SUB0081,59,A,2024,1
1122,S0746,SUB0625,84,B+,2024,3
1123,S0907,SUB0085,55,A,2023,6
1124,S0684,SUB0516,62,A,2024,4
1125,S0448,SUB0444,35,B+,2024,1
1126,S0822,SUB0221,76,A+,2023,4
1127,S0457,SUB0336,62,B+,2022,4
1128,S0789,SUB0220,65,A+,2022,1
1129,S0541,SUB0029,37,B,2025,5
1130,S0535,SUB0125,88,A,2023,3
1131,S0623,SUB0667,48,D,2023,5
1132,S0781,SUB0535,35,B,2022,1
1133,S0659,SUB0142,99,D,2024,1
1134,S0955,SUB0018,100,B+,2023,8
1135,S0465,SUB0557,50,F,2024,5
1136,S0578,SUB0797,76,F,2026,6
1137,S0712,SUB0670,91,A+,2025,8
1138,S0203,SUB0238,36,A,2026,5
1139,S0446,SUB0347,76,F,2023,1
1140,S0229,SUB0755,100,B+,2024,2
1141,S0847,SUB0553,47,C,2022,5
1142,S0610,SUB0896,92,A,2025,8
1143,S0955,SUB0186,42,F,2023,4
1144,S0848,SUB0698,81,B,2026,7
1145,S0958,SUB0198,83,A+,2022,3
1146,S0993,SUB0450,35,A+,2024,1
1147,S0513,SUB0500,41,B,2024,1
1148,S0274,SUB0443,48,B,2024,3
1149,S0426,SUB0995,82,A+,2022,4
1150,S0588,SUB0263,54,F,2022,1
1151,S0599,SUB0761,50,B+,2022,8
1152,S0220,SUB0018,56,B+,2024,4
1153,S0328,SUB0208,41,A,2022,1
1154,S0846,SUB0376,83,B+,2024,6
1155,S0710,SUB0666,54,B,2022,4
1156,S0004,SUB0533,52,A,2024,7
1157,S0106,SUB0234,84,B,2025,4
1158,S0615,SUB0165,41,B+,2023,7
1159,S0088,SUB0001,95,A,2025,4
1160,S0295,SUB0050,100,C,2024,8
1161,S0626,SUB0040,71,D,2023,4
1162,S0361,SUB0694,46,B+,2026,7
1163,S0629,SUB0881,46,A+,2025,3
1164,S0452,SUB0840,95,C,2025,1
1165,S0006,SUB0285,42,A+,2023,3
1166,S0971,SUB0065,80,F,2023,6
1167,S0057,SUB0040,88,D,2026,3
1168,S0537,SUB0135,77,B+,2022,5
1169,S0583,SUB0811,99,B,2023,4
1170,S0431,SUB0442,93,D,2022,4
1171,S0781,SUB0938,38,B,2022,2
1172,S0187,SUB0537,59,B+,2025,8
1173,S0085,SUB0662,74,B+,2024,1
1174,S0594,SUB0975,48,F,2025,8
1175,S0171,SUB0666,46,F,2024,4
1176,S0803,SUB0129,50,D,2023,5
1177,S0802,SUB0567,73,B,2026,7
1178,S0225,SUB0612,66,D,2025,4
1179,S0917,SUB0379,46,B,2026,7
1180,S0562,SUB0493,96,A+,2026,6
1181,S0798,SUB0402,89,A,2024,8
1182,S0963,SUB0327,61,A,2023,5
1183,S0922,SUB0690,43,A+,2023,5
1184,S0362,SUB0207,92,A,2023,7
1185,S0096,SUB0520,50,B,2022,3
1186,S0129,SUB0795,74,D,2023,6
1187,S0935,SUB0800,96,A,2024,2
1188,S0292,SUB0576,52,B,2022,5
1189,S0382,SUB0222,80,F,2024,7
1190,S0950,SUB0581,51,C,2025,8
1191,S0081,SUB0341,76,F,2024,8
1192,S0159,SUB0816,77,B+,2023,1
1193,S0909,SUB0750,68,A+,2026,8
1194,S0046,SUB0075,94,C,2024,8
1195,S0955,SUB0467,46,B,2022,8
1196,S0286,SUB0820,41,B+,2024,4
1197,S0300,SUB0971,54,C,2024,3
1198,S0747,SUB0915,63,A+,2024,5
1199,S0584,SUB0221,94,B+,2023,7
1200,S0965,SUB0952,85,A,2025,8
1201,S0345,SUB0739,100,C,2022,8
1202,S0052,SUB0289,48,F,2025,3
1203,S0531,SUB0385,82,B+,2026,7
1204,S0539,SUB0353,51,D,2024,6
1205,S0891,SUB0400,40,D,2022,7
1206,S0418,SUB0341,72,D,2025,4
1207,S0075,SUB0169,74,B+,2026,2
1208,S0591,SUB0782,43,B+,2022,4
1209,S0612,SUB0650,60,A,2023,1
1210,S0422,SUB0510,80,B,2025,5
1211,S0279,SUB0878,62,B+,2026,3
1212,S0774,SUB0958,37,B,2023,3
1213,S0941,SUB0702,53,B,2022,8
1214,S0362,SUB0701,39,D,2024,2
1215,S0257,SUB0251,38,B+,2023,8
1216,S0106,SUB0829,79,A,2026,5
1217,S0271,SUB0633,49,C,2024,4
1218,S0925,SUB0821,61,F,2024,6
1219,S0603,SUB0836,67,B+,2026,2
1220,S0462,SUB0246,72,B,2026,6
1221,S0996,SUB0041,40,A,2025,2
1222,S0226,SUB0532,86,B+,2023,1
1223,S0165,SUB0515,39,B+,2022,4
1224,S0802,SUB0453,90,B,2025,2
1225,S0342,SUB0335,84,F,2022,7
1226,S0619,SUB0996,43,A,2022,1
1227,S0365,SUB0347,74,F,2025,3
1228,S0415,SUB0848,49,D,2026,2
1229,S0728,SUB0811,40,A+,2023,6
1230,S0999,SUB0677,39,B+,2025,7
1231,S0254,SUB0278,84,A+,2023,4
1232,S0154,SUB0032,40,A,2024,5
1233,S0557,SUB0476,49,F,2022,6
1234,S0742,SUB0279,58,D,2026,5
1235,S0178,SUB0442,79,B,2023,4
1236,S0406,SUB0896,79,B,2026,4
1237,S0033,SUB0002,67,B+,2022,5
1238,S0664,SUB0340,41,B+,2022,5
1239,S0854,SUB0145,74,C,2024,3
1240,S0077,SUB0517,38,C,2026,1
1241,S0452,SUB0598,81,F,2022,7
1242,S0251,SUB0357,63,B+,2025,7
1243,S0627,SUB0929,63,F,2023,1
1244,S0299,SUB0569,82,F,2026,5
1245,S0460,SUB0065,88,B+,2025,7
1246,S0521,SUB0212,95,C,2023,5
1247,S0715,SUB0610,83,A+,2023,8
1248,S0283,SUB0506,63,D,2024,4
1249,S0484,SUB0941,100,F,2022,4
1250,S0203,SUB0797,83,A,2022,7
1251,S0450,SUB0193,48,F,2023,2
1252,S0016,SUB0394,86,B+,2026,4
1253,S0623,SUB0943,54,A+,2025,8
1254,S0308,SUB0306,87,D,2024,7
1255,S0887,SUB0937,35,D,2025,4
1256,S0819,SUB0037,46,C,2022,6
1257,S0493,SUB0334,83,B+,2026,5
1258,S0341,SUB0396,46,A,2022,4
1259,S0258,SUB0312,46,A+,2023,5
1260,S0408,SUB0060,82,D,2025,6
1261,S0017,SUB0264,43,B,2024,1
1262,S0159,SUB0229,79,B,2026,2
1263,S0256,SUB0264,43,C,2022,8
1264,S0471,SUB0078,89,F,2025,1
1265,S0601,SUB0160,82,B+,2023,4
1266,S0748,SUB0853,78,B+,2026,1
1267,S0320,SUB0022,68,F,2024,5
1268,S0541,SUB0450,74,A,2026,4
1269,S0891,SUB0102,95,D,2022,6
1270,S0959,SUB0084,98,C,2022,3
1271,S0429,SUB0624,60,C,2022,7
1272,S0638,SUB0200,46,D,2025,6
1273,S0460,SUB0588,92,B,2023,8
1274,S0783,SUB0726,71,B+,2024,5
1275,S0852,SUB0596,73,A,2023,8
1276,S0073,SUB0315,90,C,2024,5
1277,S0210,SUB0474,42,C,2026,8
1278,S0501,SUB0928,44,A+,2026,4
1279,S0801,SUB0234,87,B+,2023,7
1280,S0915,SUB0680,46,D,2025,2
1281,S0995,SUB0781,73,B,2025,7
1282,S0660,SUB0737,88,A,2022,7
1283,S0592,SUB0147,52,D,2022,1
1284,S0827,SUB0390,78,F,2023,8
1285,S0108,SUB0666,46,A+,2022,8
1286,S0926,SUB0246,98,F,2024,4
1287,S0959,SUB0787,73,C,2023,8
1288,S0355,SUB0286,66,B,2024,5
1289,S0311,SUB0347,54,A,2024,1
1290,S0945,SUB0447,72,B,2024,6
1291,S0537,SUB0151,36,B+,2023,2
1292,S0406,SUB0552,80,A+,2023,2
1293,S0270,SUB0878,41,A+,2026,7
1294,S0364,SUB0361,96,F,2022,7
1295,S0234,SUB0662,78,B+,2024,7
1296,S0921,SUB0025,98,F,2026,3
1297,S0166,SUB0967,88,A+,2023,3
1298,S0688,SUB0228,59,A,2025,4
1299,S0499,SUB0380,40,C,2026,2
1300,S0458,SUB0406,80,A+,2026,5
1301,S0668,SUB0966,72,B+,2024,4
1302,S0542,SUB0192,48,B,2023,8
1303,S0331,SUB0242,74,B+,2026,4
1304,S0540,SUB0386,44,C,2026,7
1305,S0293,SUB0458,100,D,2025,3
1306,S0455,SUB0093,74,B+,2026,6
1307,S0419,SUB0506,47,F,2023,2
1308,S0508,SUB0569,74,C,2022,8
1309,S0045,SUB0019,76,F,2025,2
1310,S0649,SUB0464,51,B,2024,5
1311,S0752,SUB0007,77,D,2025,7
1312,S0009,SUB0317,62,C,2024,5
1313,S0739,SUB0799,80,C,2023,5
1314,S0994,SUB0440,50,A,2024,8
1315,S0675,SUB0860,52,A,2023,4
1316,S0343,SUB0471,90,A,2024,1
1317,S0227,SUB0356,53,F,2022,5
1318,S0270,SUB0795,89,A+,2022,8
1319,S0091,SUB0757,67,B+,2025,4
1320,S0938,SUB0414,47,B,2022,2
1321,S0525,SUB0246,86,B,2026,5
1322,S0885,SUB0249,58,C,2022,8
1323,S0406,SUB0841,62,A,2025,7
1324,S0249,SUB0590,69,B+,2026,5
1325,S0165,SUB0552,76,A+,2025,6
1326,S0580,SUB0007,36,F,2026,7
1327,S0938,SUB0672,53,A+,2024,8
1328,S0914,SUB0816,37,B,2023,2
1329,S0371,SUB0502,83,F,2022,3
1330,S0031,SUB0726,63,C,2023,6
1331,S0325,SUB0579,41,B,2023,2
1332,S0532,SUB0703,53,C,2022,2
1333,S0963,SUB0749,51,B+,2024,8
1334,S0768,SUB0184,74,B,2022,2
1335,S0026,SUB0245,85,C,2024,6
1336,S0370,SUB0977,53,A+,2026,2
1337,S0382,SUB0434,53,B+,2026,6
1338,S0365,SUB0575,85,B+,2023,7
1339,S0654,SUB0222,95,C,2025,3
1340,S0491,SUB0262,66,A,2023,5
1341,S0008,SUB0599,68,B,2022,6
1342,S0660,SUB0975,73,C,2024,6
1343,S0516,SUB0659,75,B,2025,6
1344,S0184,SUB0873,61,F,2024,5
1345,S0169,SUB0279,89,F,2024,5
1346,S0550,SUB0470,46,F,2025,2
1347,S0569,SUB0157,92,B,2026,4
1348,S0839,SUB0162,79,F,2024,8
1349,S0566,SUB0391,99,C,2026,6
1350,S0160,SUB0780,52,F,2025,3
1351,S0562,SUB0110,37,A+,2023,3
1352,S0571,SUB0772,74,D,2025,8
1353,S0042,SUB0720,82,A,2022,8
1354,S0460,SUB0354,46,A+,2025,7
1355,S0707,SUB0854,44,B,2025,2
1356,S0704,SUB0035,78,B,2023,1
1357,S0725,SUB0722,59,D,2025,3
1358,S0101,SUB0509,79,C,2022,7
1359,S0809,SUB0105,97,A+,2022,6
1360,S0897,SUB0083,84,B+,2023,3
1361,S0690,SUB0603,67,C,2022,8
1362,S0979,SUB0829,62,A,2024,4
1363,S0632,SUB0304,99,A+,2023,1
1364,S0919,SUB0459,63,C,2026,1
1365,S0785,SUB0041,52,B+,2023,2
1366,S0248,SUB0475,90,B+,2022,2
1367,S0942,SUB0154,57,B,2022,5
1368,S0633,SUB0079,58,B,2025,8
1369,S0709,SUB0020,100,C,2024,2
1370,S0362,SUB0871,45,A,2025,8
1371,S0337,SUB0794,85,A+,2026,2
1372,S0025,SUB0380,50,B+,2024,1
1373,S0905,SUB0138,89,F,2025,4
1374,S0280,SUB0977,46,F,2024,2
1375,S0544,SUB0092,39,D,2025,8
1376,S0693,SUB0747,60,B,2024,4
1377,S0621,SUB0919,57,A,2023,6
1378,S0859,SUB0250,70,B,2026,3
1379,S0530,SUB0749,44,B+,2023,1
1380,S0387,SUB0329,86,D,2024,4
1381,S0152,SUB0148,79,A+,2025,3
1382,S0115,SUB0185,55,B,2023,8
1383,S0195,SUB0661,46,A+,2026,2
1384,S0783,SUB0734,53,A,2025,3
1385,S0205,SUB0829,83,B,2024,1
1386,S0886,SUB0706,93,D,2023,4
1387,S0619,SUB0176,55,F,2025,4
1388,S0099,SUB0387,59,A+,2024,3
1389,S0755,SUB0489,48,A,2022,3
1390,S0250,SUB0675,41,A,2022,5
1391,S0266,SUB0586,78,B,2022,2
1392,S0638,SUB0175,72,A,2024,1
1393,S0396,SUB0853,47,B+,2024,8
1394,S0208,SUB0040,68,A+,2024,2
1395,S0331,SUB0159,100,B,2023,7
1396,S0345,SUB0456,42,B+,2025,7
1397,S0295,SUB0767,79,A,2024,1
1398,S0442,SUB0336,83,D,2022,5
1399,S0385,SUB0070,80,B,2023,2
1400,S0231,SUB0978,76,D,2026,4
1401,S0673,SUB0537,64,B,2025,1
1402,S0830,SUB0492,90,C,2024,4
1403,S0242,SUB0416,96,C,2022,4
1404,S0995,SUB0275,94,F,2025,3
1405,S0785,SUB0927,84,F,2025,2
1406,S0620,SUB0350,95,A,2025,3
1407,S0996,SUB0912,63,B,2024,8
1408,S0885,SUB0435,47,B,2024,8
1409,S0417,SUB0896,80,A,2024,7
1410,S0564,SUB0246,99,A+,2023,2
1411,S0066,SUB0928,46,A,2022,8
1412,S0860,SUB0988,55,B,2026,1
1413,S0916,SUB0813,58,B,2024,5
1414,S0638,SUB0421,51,D,2022,7
1415,S0208,SUB0213,41,D,2022,4
1416,S0314,SUB0840,39,F,2024,7
1417,S0722,SUB0083,71,A+,2025,2
1418,S0865,SUB0015,100,F,2023,3
1419,S0764,SUB0575,64,F,2025,2
1420,S0317,SUB0682,58,B,2026,5
1421,S0067,SUB0634,93,A+,2025,7
1422,S0656,SUB0669,36,C,2023,5
1423,S0075,SUB0923,67,B+,2026,2
1424,S0152,SUB0742,38,A,2023,8
1425,S0371,SUB0330,77,B,2025,2
1426,S0929,SUB0284,37,B+,2026,7
1427,S0036,SUB1000,95,C,2026,4
1428,S0126,SUB0740,76,A+,2024,4
1429,S0939,SUB0841,61,D,2026,2
1430,S0841,SUB0380,38,F,2024,8
1431,S0727,SUB0883,53,D,2025,6
1432,S0850,SUB0099,52,A,2022,1
1433,S0986,SUB0345,97,C,2024,7
1434,S0342,SUB0666,65,C,2022,1
1435,S0144,SUB0644,78,C,2026,1
1436,S0830,SUB0280,97,A+,2026,7
1437,S0635,SUB0040,83,D,2023,4
1438,S0911,SUB0345,65,A,2025,7
1439,S0229,SUB0588,62,D,2022,3
1440,S0436,SUB0082,57,A+,2023,5
1441,S0532,SUB0462,40,C,2026,8
1442,S0531,SUB0922,89,A+,2026,2
1443,S0409,SUB0135,77,F,2022,1
1444,S0580,SUB0442,42,B+,2022,1
1445,S0342,SUB0454,53,A,2022,5
1446,S0104,SUB0179,44,A,2022,1
1447,S0401,SUB0965,83,B+,2026,2
1448,S0329,SUB0385,86,B+,2025,5
1449,S0320,SUB0649,89,B,2023,5
1450,S0273,SUB0875,76,B,2026,6
1451,S0027,SUB0507,68,D,2024,2
1452,S0688,SUB0375,35,B,2025,2
1453,S0773,SUB0695,86,B,2024,3
1454,S0624,SUB0145,95,B,2024,6
1455,S0799,SUB0961,99,F,2025,8
1456,S0838,SUB0336,47,C,2022,4
1457,S0653,SUB0730,48,B+,2025,4
1458,S0386,SUB0119,53,D,2023,3
1459,S0219,SUB0336,50,B,2024,7
1460,S0629,SUB0083,43,C,2026,8
1461,S0532,SUB0791,100,A,2025,3
1462,S0383,SUB0309,62,F,2025,2
1463,S0623,SUB0040,53,A+,2022,2
1464,S0068,SUB0361,74,D,2024,4
1465,S0700,SUB0590,64,D,2025,7
1466,S0156,SUB0593,37,C,2022,3
1467,S0448,SUB0770,38,A+,2023,2
1468,S0213,SUB0035,55,B+,2023,5
1469,S0708,SUB0809,45,D,2025,4
1470,S1000,SUB0834,95,D,2023,6
1471,S0795,SUB0563,62,C,2025,4
1472,S0070,SUB0491,85,B,2022,7
1473,S0492,SUB0968,49,C,2023,7
1474,S0978,SUB0056,72,F,2026,3
1475,S0286,SUB0215,96,A+,2025,6
1476,S0492,SUB0025,97,A+,2023,2
1477,S0542,SUB0770,88,A,2022,8
1478,S0742,SUB0574,50,A,2024,7
1479,S0722,SUB0427,71,C,2024,8
1480,S0867,SUB0864,66,A+,2025,2
1481,S0070,SUB0464,80,A+,2024,1
1482,S0274,SUB0770,61,B+,2024,1
1483,S0161,SUB0320,82,D,2026,1
1484,S0555,SUB0760,44,F,2024,4
1485,S0793,SUB0355,86,A+,2022,4
1486,S0220,SUB0460,65,B+,2023,7
1487,S0316,SUB0508,92,C,2022,6
1488,S0166,SUB0702,52,A,2026,8
1489,S0361,SUB0345,97,A,2026,3
1490,S0297,SUB0259,96,C,2025,1
1491,S0617,SUB0921,61,B+,2023,1
1492,S0896,SUB0001,99,B+,2024,6
1493,S0663,SUB0635,68,B+,2023,4
1494,S0117,SUB0326,54,B,2023,3
1495,S0977,SUB0190,53,C,2023,4
1496,S0177,SUB0464,47,A+,2024,4
1497,S0566,SUB0385,47,A+,2023,2
1498,S0750,SUB0443,53,D,2024,5
1499,S0050,SUB0435,65,B,2022,1
1500,S0492,SUB0747,58,B,2023,7
1501,S0610,SUB0369,68,A+,2022,1
1502,S0218,SUB0717,80,D,2022,7
1503,S0885,SUB0730,59,B,2025,4
1504,S0206,SUB0725,48,C,2025,1
1505,S0446,SUB0742,50,C,2024,5
1506,S0404,SUB0453,98,A+,2026,2
1507,S0877,SUB0310,77,D,2025,6
1508,S0766,SUB0369,40,F,2025,3
1509,S0555,SUB0786,65,C,2022,2
1510,S0765,SUB0268,78,A+,2025,5
1511,S0563,SUB0247,63,C,2023,4
1512,S0957,SUB0237,73,C,2023,5
1513,S0063,SUB0260,59,D,2025,6
1514,S0983,SUB0050,67,B+,2022,1
1515,S0286,SUB0938,37,C,2026,3
1516,S0666,SUB0775,71,C,2025,3
1517,S0015,SUB0858,63,A,2023,6
1518,S0544,SUB0446,42,D,2025,7
1519,S0453,SUB0359,97,A+,2025,1
1520,S0380,SUB0321,51,B,2024,6
1521,S0508,SUB0499,69,A+,2025,2
1522,S0641,SUB0939,89,A+,2025,2
1523,S0474,SUB0007,87,F,2024,5
1524,S0424,SUB0564,91,F,2024,8
1525,S0469,SUB0387,80,C,2026,5
1526,S0481,SUB0363,68,B,2025,4
1527,S0440,SUB0036,43,C,2025,8
1528,S0065,SUB0291,61,D,2026,8
1529,S0957,SUB0863,71,A+,2024,2
1530,S0979,SUB0761,70,D,2026,6
1531,S0237,SUB0009,70,B+,2024,8
1532,S0977,SUB0953,94,F,2023,7
1533,S0245,SUB0234,70,B,2023,7
1534,S0825,SUB0046,76,B,2026,1
1535,S0164,SUB0304,89,D,2026,3
1536,S0803,SUB0038,89,D,2024,5
1537,S0380,SUB0099,62,A,2026,3
1538,S0677,SUB0857,68,C,2026,1
1539,S0164,SUB0913,58,A,2024,2
1540,S0196,SUB0154,91,A,2024,2
1541,S0106,SUB0876,87,C,2023,4
1542,S0373,SUB0417,86,A,2022,3
1543,S0918,SUB0337,51,F,2023,4
1544,S0112,SUB0822,98,D,2023,1
1545,S0277,SUB0698,46,D,2024,2
1546,S0070,SUB0358,86,D,2023,3
1547,S0348,SUB0290,80,C,2022,3
1548,S0777,SUB0563,67,D,2022,7
1549,S0704,SUB0506,74,C,2025,7
1550,S0835,SUB0945,42,F,2025,7
1551,S0307,SUB0963,36,B+,2023,6
1552,S0110,SUB0132,37,B+,2022,5
1553,S0292,SUB0252,56,A+,2022,6
1554,S0051,SUB0763,59,D,2024,3
1555,S0969,SUB0359,67,F,2025,2
1556,S0572,SUB0161,67,A+,2023,7
1557,S0654,SUB0037,45,B+,2026,7
1558,S0392,SUB0884,47,B,2024,8
1559,S0947,SUB0059,50,B,2026,5
1560,S0334,SUB0329,46,D,2022,4
1561,S0736,SUB0756,51,C,2023,8
1562,S0226,SUB0573,35,B+,2022,5
1563,S0151,SUB0776,76,F,2022,2
1564,S0301,SUB0839,58,B+,2026,1
1565,S0411,SUB0156,63,A,2022,2
1566,S0105,SUB0745,52,A,2022,2
1567,S0302,SUB0154,98,A+,2024,8
1568,S0179,SUB0629,64,A,2022,2
1569,S0545,SUB0148,56,C,2025,5
1570,S0325,SUB0262,80,A+,2023,3
1571,S0104,SUB0519,60,A,2022,8
1572,S0249,SUB0294,57,B+,2022,2
1573,S0619,SUB0462,76,C,2026,1
1574,S0870,SUB0048,35,C,2025,1
1575,S0865,SUB0943,36,F,2025,1
1576,S0433,SUB0513,84,A+,2025,7
1577,S0600,SUB0682,83,B+,2026,8
1578,S0506,SUB0547,55,A+,2025,6
1579,S0147,SUB0131,52,A+,2023,1
1580,S0049,SUB0631,67,A,2024,2
1581,S0954,SUB0196,97,D,2026,6
1582,S0574,SUB0040,97,B,2026,2
1583,S0848,SUB0286,62,B,2025,7
1584,S0283,SUB0422,48,C,2025,6
1585,S0121,SUB0391,36,A,2024,7
1586,S0659,SUB0022,76,A+,2022,2
1587,S0638,SUB0164,84,B+,2026,4
1588,S0576,SUB0785,48,F,2022,7
1589,S0423,SUB0109,74,D,2022,5
1590,S0972,SUB0511,66,D,2026,6
1591,S0109,SUB0860,96,C,2023,4
1592,S0652,SUB0448,79,A,2022,2
1593,S0122,SUB0237,100,A+,2025,4
1594,S0094,SUB0790,73,A+,2026,1
1595,S0962,SUB0636,91,B+,2026,6
1596,S0914,SUB0047,71,F,2023,6
1597,S0313,SUB0243,62,D,2024,5
1598,S0836,SUB0514,47,B+,2025,5
1599,S0284,SUB0820,69,B,2023,1
1600,S0637,SUB0687,48,F,2022,8
1601,S0097,SUB0240,38,A+,2022,7
1602,S0287,SUB0922,54,B,2025,5
1603,S0967,SUB0124,80,A+,2024,7
1604,S0584,SUB0403,75,C,2026,5
1605,S0148,SUB0554,74,F,2025,2
1606,S0435,SUB0381,71,C,2026,4
1607,S0613,SUB0712,47,B+,2023,8
1608,S0028,SUB0241,50,A+,2022,6
1609,S0105,SUB0921,89,D,2023,2
1610,S0297,SUB0385,70,C,2026,6
1611,S0276,SUB0558,77,B,2026,1
1612,S0922,SUB0848,54,D,2026,2
1613,S0857,SUB0882,58,B,2026,1
1614,S0042,SUB0023,74,C,2025,2
1615,S0243,SUB0524,37,F,2026,1
1616,S0850,SUB0102,62,B+,2022,8
1617,S0826,SUB0921,57,C,2023,7
1618,S0718,SUB0053,58,A+,2024,2
1619,S0171,SUB0216,88,A+,2023,7
1620,S0209,SUB0305,97,C,2025,2
1621,S0074,SUB0100,43,F,2026,7
1622,S0908,SUB0088,58,B,2023,4
1623,S0631,SUB0753,79,D,2025,5
1624,S0581,SUB0621,80,A+,2024,3
1625,S0113,SUB0678,64,C,2023,3
1626,S0167,SUB0110,88,B+,2024,1
1627,S0995,SUB0612,41,F,2023,5
1628,S0251,SUB0021,76,D,2026,4
1629,S0124,SUB0241,55,A,2023,6
1630,S0024,SUB0049,42,B+,2026,3
1631,S0924,SUB0484,89,F,2026,6
1632,S0293,SUB0969,57,C,2024,8
1633,S0466,SUB0197,60,B+,2025,7
1634,S0780,SUB0782,36,C,2026,6
1635,S0479,SUB0761,38,D,2022,1
1636,S0320,SUB0592,38,A+,2024,4
1637,S0778,SUB0925,98,C,2026,1
1638,S0982,SUB0795,49,C,2026,7
1639,S0446,SUB1000,62,C,2024,3
1640,S0568,SUB0835,60,B+,2026,2
1641,S0527,SUB0977,64,A,2022,6
1642,S0805,SUB0109,68,A,2023,8
1643,S0691,SUB0618,73,B,2023,4
1644,S0224,SUB0821,67,B+,2023,8
1645,S0658,SUB0243,41,B+,2022,1
1646,S0745,SUB0704,37,C,2026,4
1647,S0382,SUB0706,71,D,2024,2
1648,S0732,SUB0701,73,C,2026,5
1649,S0110,SUB0433,44,A,2022,7
1650,S0942,SUB0830,66,C,2025,8
1651,S0064,SUB0750,50,A,2022,8
1652,S0172,SUB0845,51,C,2026,8
1653,S0830,SUB0452,41,C,2023,3
1654,S0385,SUB0647,83,B+,2023,3
1655,S0023,SUB0794,42,C,2022,6
1656,S0821,SUB0900,94,B,2022,7
1657,S0638,SUB0573,76,F,2026,8
1658,S0234,SUB0782,51,C,2022,3
1659,S0651,SUB0480,85,B,2026,3
1660,S0972,SUB0789,46,D,2026,5
1661,S0051,SUB0499,52,A,2024,6
1662,S0900,SUB0808,74,B,2026,7
1663,S0782,SUB0696,73,A,2024,7
1664,S0833,SUB0312,48,A,2026,2
1665,S0037,SUB0952,83,F,2026,8
1666,S0755,SUB0797,83,A,2023,2
1667,S0929,SUB0764,57,A+,2023,6
1668,S0352,SUB0339,72,A+,2024,8
1669,S0560,SUB0216,85,B,2023,5
1670,S0718,SUB0053,86,B,2026,1
1671,S0595,SUB0550,44,B,2022,6
1672,S0872,SUB0593,89,B+,2022,3
1673,S0772,SUB0127,48,D,2023,7
1674,S0441,SUB0246,84,A,2024,4
1675,S0657,SUB0596,59,C,2026,7
1676,S0296,SUB0543,38,A,2023,6
1677,S0514,SUB0190,93,D,2023,7
1678,S0235,SUB0642,59,D,2025,3
1679,S0669,SUB0151,85,B,2026,7
1680,S0885,SUB0043,49,A+,2022,4
1681,S0618,SUB0495,71,A+,2024,3
1682,S0376,SUB0323,73,B,2024,3
1683,S0861,SUB0434,48,A+,2026,7
1684,S0157,SUB0084,69,C,2023,2
1685,S0190,SUB0941,43,C,2025,4
1686,S0322,SUB0537,45,A,2024,1
1687,S0572,SUB0728,42,F,2024,7
1688,S0501,SUB0645,36,A,2022,7
1689,S0499,SUB0773,89,C,2023,5
1690,S0289,SUB0975,43,B+,2023,5
1691,S0916,SUB0184,68,C,2022,3
1692,S0540,SUB0393,52,B+,2024,6
1693,S0964,SUB0125,62,F,2025,7
1694,S0812,SUB0077,97,F,2026,2
1695,S0497,SUB0349,59,F,2022,5
1696,S0153,SUB0192,40,A,2023,3
1697,S0919,SUB0781,44,B+,2024,1
1698,S0004,SUB0969,64,F,2025,4
1699,S0041,SUB0959,38,C,2026,4
1700,S0952,SUB0302,44,B+,2023,3
1701,S0465,SUB0238,37,B,2025,7
1702,S0110,SUB0394,52,A,2025,3
1703,S0818,SUB0765,92,B,2026,1
1704,S0985,SUB0143,70,A+,2024,6
1705,S0668,SUB0323,50,C,2025,6
1706,S0510,SUB0816,87,B+,2026,1
1707,S0518,SUB0222,35,D,2025,1
1708,S0386,SUB0665,66,B+,2026,7
1709,S0120,SUB0870,39,A+,2026,5
1710,S0533,SUB0055,37,F,2024,7
1711,S0191,SUB0370,87,B,2022,2
1712,S0499,SUB0714,51,D,2024,3
1713,S0790,SUB0462,73,B,2022,5
1714,S0805,SUB0120,36,C,2022,5
1715,S0538,SUB0772,73,C,2023,3
1716,S0570,SUB0806,79,F,2022,3
1717,S0270,SUB0798,49,D,2023,1
1718,S0187,SUB0721,58,A+,2024,6
1719,S0125,SUB0501,64,A+,2022,2
1720,S0853,SUB0524,37,A,2026,6
1721,S0343,SUB0395,89,D,2023,8
1722,S0743,SUB0832,48,D,2023,8
1723,S0929,SUB0755,72,A+,2026,8
1724,S0408,SUB0738,87,F,2022,1
1725,S0221,SUB0806,77,A,2025,4
1726,S0893,SUB0189,66,A,2026,7
1727,S0578,SUB0752,44,D,2026,3
1728,S0220,SUB0021,49,B,2024,7
1729,S0601,SUB0606,71,B+,2022,2
1730,S0771,SUB0045,65,A,2025,2
1731,S0240,SUB0701,59,D,2023,2
1732,S0782,SUB0154,56,A+,2026,2
1733,S0799,SUB0235,95,C,2025,8
1734,S0134,SUB0084,95,D,2022,6
1735,S0606,SUB0314,59,A+,2026,6
1736,S0293,SUB0533,100,F,2026,5
1737,S0206,SUB0267,44,D,2022,3
1738,S0021,SUB0637,100,C,2025,7
1739,S0412,SUB0290,81,D,2026,3
1740,S0522,SUB0294,39,A,2023,4
1741,S0439,SUB0195,89,A,2026,4
1742,S0066,SUB0986,58,B,2024,8
1743,S0035,SUB0963,54,A+,2022,6
1744,S0133,SUB0752,57,F,2024,1
1745,S0610,SUB0416,92,A+,2022,3
1746,S0164,SUB0803,87,F,2024,4
1747,S0740,SUB0531,58,B+,2026,4
1748,S0409,SUB0231,78,A+,2025,1
1749,S0439,SUB0640,41,A,2024,4
1750,S0825,SUB0326,72,C,2022,7
1751,S0889,SUB0674,74,A+,2026,1
1752,S0966,SUB0824,73,B+,2024,2
1753,S0698,SUB0370,44,C,2023,7
1754,S0565,SUB0214,67,D,2023,2
1755,S0962,SUB0332,49,D,2022,7
1756,S0635,SUB0293,43,D,2026,8
1757,S0229,SUB0786,57,D,2024,4
1758,S0925,SUB0263,94,C,2023,8
1759,S0304,SUB0883,43,F,2026,3
1760,S0887,SUB0668,66,B+,2026,7
1761,S0395,SUB0929,53,D,2026,6
1762,S0755,SUB0545,77,A+,2025,4
1763,S0846,SUB0563,76,C,2023,1
1764,S0617,SUB0354,40,B+,2023,6
1765,S0379,SUB0685,77,F,2022,3
1766,S0155,SUB0886,89,F,2025,2
1767,S0469,SUB0268,96,A,2026,4
1768,S0553,SUB0666,93,B,2024,4
1769,S0646,SUB0192,65,D,2025,1
1770,S0467,SUB0230,55,A,2025,4
1771,S0203,SUB0024,67,B+,2022,7
1772,S0512,SUB0325,63,B,2022,4
1773,S0368,SUB0431,64,C,2022,6
1774,S0235,SUB0982,52,F,2026,2
1775,S0255,SUB0046,84,B+,2025,5
1776,S0786,SUB0105,96,C,2026,6
1777,S0862,SUB0084,53,A,2026,1
1778,S0329,SUB0707,86,C,2023,1
1779,S0801,SUB0953,91,B,2022,4
1780,S0118,SUB0609,35,B+,2022,6
1781,S0290,SUB0462,92,A,2022,2
1782,S0105,SUB0481,71,C,2025,6
1783,S0682,SUB0490,74,B+,2024,4
1784,S0014,SUB0625,69,A,2025,3
1785,S0470,SUB0674,94,A+,2023,7
1786,S0688,SUB0887,57,C,2025,1
1787,S0188,SUB0898,43,D,2025,6
1788,S0130,SUB0547,45,C,2026,7
1789,S0537,SUB0157,42,C,2026,7
1790,S0959,SUB0330,79,B+,2023,4
1791,S0180,SUB0068,35,B+,2025,1
1792,S0900,SUB0241,36,F,2025,8
1793,S0114,SUB0556,54,B+,2026,6
1794,S0452,SUB0591,77,B+,2023,3
1795,S0816,SUB0310,100,D,2024,6
1796,S0358,SUB0449,37,F,2026,6
1797,S0804,SUB0990,97,A,2022,2
1798,S0532,SUB0913,51,B+,2024,7
1799,S0836,SUB0082,91,F,2023,3
1800,S0537,SUB0308,93,C,2026,5
1801,S0303,SUB0350,72,F,2025,2
1802,S0160,SUB0843,77,A+,2023,5
1803,S0762,SUB0178,74,A,2024,1
1804,S0784,SUB0660,93,B,2026,2
1805,S0018,SUB0483,60,F,2023,2
1806,S0245,SUB0555,72,B+,2022,7
1807,S0193,SUB0116,44,F,2022,8
1808,S0345,SUB0457,53,C,2025,4
1809,S0020,SUB0074,81,A+,2025,7
1810,S0100,SUB0230,67,B+,2022,8
1811,S0881,SUB0461,56,A,2025,3
1812,S0759,SUB0106,98,F,2023,5
1813,S0117,SUB0642,68,A,2026,8
1814,S0793,SUB0280,49,B+,2022,4
1815,S0811,SUB0313,66,D,2023,7
1816,S0244,SUB0496,100,F,2025,7
1817,S0696,SUB0361,76,B,2023,2
1818,S0188,SUB0745,93,F,2025,7
1819,S0939,SUB0079,45,A+,2024,7
1820,S0521,SUB0193,80,A+,2022,3
1821,S0944,SUB0751,55,A,2024,8
1822,S0769,SUB0832,51,A,2024,6
1823,S0160,SUB0326,77,B,2025,8
1824,S0270,SUB0803,68,B+,2026,5
1825,S0549,SUB0422,71,B+,2026,6
1826,S0269,SUB0699,49,F,2024,4
1827,S0642,SUB0809,79,A,2023,8
1828,S0681,SUB0526,68,D,2022,5
1829,S0969,SUB0881,36,D,2023,6
1830,S0499,SUB0430,38,A,2025,3
1831,S0477,SUB0217,76,D,2024,3
1832,S0315,SUB0290,78,A,2024,2
1833,S0405,SUB0319,60,C,2025,6
1834,S0033,SUB0740,46,D,2023,8
1835,S0695,SUB0568,47,B,2026,3
1836,S0210,SUB0129,75,D,2026,8
1837,S0739,SUB0873,55,A,2023,2
1838,S0039,SUB0460,65,C,2025,6
1839,S0779,SUB0160,63,A+,2026,7
1840,S0929,SUB0399,47,A,2022,3
1841,S0693,SUB0665,73,B+,2023,3
1842,S0082,SUB0770,42,B,2023,8
1843,S0036,SUB0063,92,B,2025,3
1844,S0004,SUB0406,56,A,2025,4
1845,S0964,SUB0661,93,F,2025,1
1846,S0073,SUB0058,91,F,2023,2
1847,S0545,SUB0091,97,B+,2025,1
1848,S0351,SUB0852,70,B+,2023,4
1849,S0034,SUB0890,74,C,2022,7
1850,S0486,SUB0545,84,A+,2022,4
1851,S0072,SUB0636,94,A+,2023,6
1852,S0984,SUB0427,61,B,2023,8
1853,S0167,SUB0946,63,B,2022,3
1854,S0797,SUB0418,66,B+,2024,7
1855,S0174,SUB0447,77,B+,2026,4
1856,S0213,SUB0417,68,D,2023,8
1857,S0937,SUB0037,94,D,2025,1
1858,S0796,SUB0851,86,B,2026,1
1859,S0125,SUB0747,77,B,2026,8
1860,S0658,SUB0733,64,A+,2023,5
1861,S0811,SUB0483,49,B+,2026,5
1862,S0182,SUB0392,63,C,2024,6
1863,S0322,SUB0898,40,F,2024,1
1864,S0282,SUB0503,36,A+,2022,3
1865,S0795,SUB0286,53,A+,2022,7
1866,S0540,SUB0902,46,B+,2025,2
1867,S0381,SUB0854,70,B,2024,8
1868,S0154,SUB0118,67,D,2022,5
1869,S0551,SUB0449,72,B+,2026,7
1870,S0565,SUB0318,98,B+,2022,7
1871,S0596,SUB0781,81,A+,2023,5
1872,S0342,SUB0119,69,A+,2025,4
1873,S0611,SUB0233,70,A+,2026,3
1874,S0400,SUB0324,62,B,2026,2
1875,S0800,SUB0513,100,B,2024,5
1876,S0770,SUB0665,82,A+,2024,8
1877,S0058,SUB0711,45,F,2024,4
1878,S0003,SUB0490,87,F,2022,3
1879,S0052,SUB0566,88,B+,2026,2
1880,S0377,SUB0929,50,A+,2022,4
1881,S0597,SUB0309,100,F,2023,4
1882,S0900,SUB0102,93,D,2022,6
1883,S0192,SUB0631,74,C,2025,8
1884,S0478,SUB0020,62,A+,2025,4
1885,S0111,SUB0005,76,A+,2022,4
1886,S0148,SUB0758,95,B,2026,5
1887,S0159,SUB0924,62,F,2026,7
1888,S0260,SUB0120,55,A+,2022,3
1889,S0416,SUB0897,71,A+,2023,2
1890,S0066,SUB0400,99,C,2022,2
1891,S0790,SUB0483,42,A+,2023,2
1892,S0343,SUB0631,59,F,2022,3
1893,S0750,SUB0047,73,A+,2023,8
1894,S0404,SUB0510,92,C,2024,5
1895,S0877,SUB0506,80,C,2023,6
1896,S0314,SUB0500,62,A,2025,5
1897,S0019,SUB0823,37,A,2023,8
1898,S0986,SUB0946,63,D,2024,2
1899,S0866,SUB0653,87,B,2023,3
1900,S0875,SUB0060,74,F,2022,1
1901,S0527,SUB0112,99,B+,2024,7
1902,S0876,SUB0361,72,F,2024,7
1903,S0862,SUB0138,93,A+,2024,5
1904,S0699,SUB0296,63,A+,2024,6
1905,S0768,SUB0844,82,F,2025,3
1906,S0096,SUB0930,57,A+,2024,7
1907,S0599,SUB0782,82,F,2023,3
1908,S0597,SUB0368,90,B,2024,8
1909,S0807,SUB0490,61,F,2026,5
1910,S0346,SUB0495,84,A+,2026,8
1911,S0200,SUB0915,54,B+,2025,6
1912,S0349,SUB0110,97,A+,2023,5
1913,S0529,SUB0202,68,B+,2025,8
1914,S0638,SUB0119,41,A+,2025,2
1915,S0802,SUB0418,39,D,2023,8
1916,S0740,SUB0606,51,F,2023,8
1917,S0231,SUB0255,43,D,2025,6
1918,S0121,SUB0229,93,A+,2023,8
1919,S0676,SUB0203,51,A,2025,8
1920,S0313,SUB0512,91,B,2026,5
1921,S0743,SUB0327,90,B,2024,4
1922,S0624,SUB0103,72,C,2024,7
1923,S0673,SUB0428,72,D,2023,3
1924,S0319,SUB0401,73,F,2023,5
1925,S0551,SUB0787,81,C,2022,2
1926,S0864,SUB0732,78,B,2024,4
1927,S0375,SUB0366,47,B,2025,3
1928,S0825,SUB0020,81,B,2023,6
1929,S0536,SUB0042,85,C,2026,5
1930,S0029,SUB0842,87,C,2026,2
1931,S0025,SUB0755,60,A+,2022,3
1932,S0483,SUB0109,96,F,2026,1
1933,S0658,SUB0204,74,A+,2025,4
1934,S0339,SUB0134,72,D,2024,8
1935,S0980,SUB0990,35,F,2022,3
1936,S0258,SUB0449,51,D,2025,2
1937,S0205,SUB0467,82,B+,2024,4
1938,S0905,SUB0662,69,A+,2023,8
1939,S0750,SUB0343,71,F,2023,2
1940,S0387,SUB0287,38,A,2023,4
1941,S0776,SUB0431,97,A+,2024,3
1942,S0027,SUB0629,71,A+,2022,8
1943,S0984,SUB0638,99,A,2025,6
1944,S0856,SUB0667,75,B,2024,5
1945,S0762,SUB0906,100,A+,2023,2
1946,S0244,SUB0551,47,B,2024,2
1947,S0906,SUB0007,45,C,2022,1
1948,S0210,SUB0418,79,F,2023,7
1949,S0872,SUB0074,67,B+,2025,3
1950,S0157,SUB0975,37,C,2023,8
1951,S0204,SUB0197,88,B+,2026,2
1952,S0018,SUB0018,55,C,2025,7
1953,S0732,SUB0614,98,B,2026,8
1954,S0908,SUB0355,35,B,2022,3
1955,S0166,SUB0955,39,B,2025,1
1956,S0331,SUB0747,99,F,2022,1
1957,S0020,SUB0919,57,A+,2023,5
1958,S0479,SUB0699,57,A+,2023,4
1959,S0969,SUB0072,87,B,2023,1
1960,S0421,SUB0265,77,C,2023,2
1961,S0822,SUB0653,78,B+,2022,3
1962,S0999,SUB0128,96,D,2026,7
1963,S0685,SUB0966,86,B,2024,4
1964,S0691,SUB0194,86,B,2023,6
1965,S0602,SUB0139,68,C,2022,2
1966,S0185,SUB0828,47,A+,2024,7
1967,S0351,SUB0988,76,F,2025,2
1968,S0976,SUB0098,68,A+,2023,3
1969,S0976,SUB0732,93,F,2026,4
1970,S0272,SUB0161,58,D,2025,7
1971,S0497,SUB0120,43,F,2022,1
1972,S0704,SUB0973,53,A,2022,6
1973,S0212,SUB0917,61,F,2026,3
1974,S0027,SUB0123,98,D,2024,2
1975,S0047,SUB0858,43,F,2024,1
1976,S0493,SUB0515,84,D,2026,4
1977,S0076,SUB0981,71,A,2025,4
1978,S0956,SUB0658,64,B,2023,4
1979,S0142,SUB0596,36,A,2024,1
1980,S0943,SUB0130,71,A,2026,1
1981,S0768,SUB0111,79,A+,2026,8
1982,S0154,SUB0659,54,B+,2024,6
1983,S0181,SUB0162,89,F,2025,6
1984,S0558,SUB0383,48,D,2023,5
1985,S0812,SUB0874,84,D,2023,8
1986,S0677,SUB0207,44,B,2024,7
1987,S0275,SUB0727,56,A,2022,8
1988,S0275,SUB0417,54,A,2024,8
1989,S0816,SUB0257,87,B,2023,3
1990,S0238,SUB0362,53,A+,2022,4
1991,S0989,SUB0033,42,B+,2026,4
1992,S0589,SUB0435,39,D,2023,1
1993,S0955,SUB0289,50,A+,2022,1
1994,S0725,SUB0100,65,A,2026,4
1995,S0293,SUB0196,41,C,2026,3
1996,S0303,SUB0570,67,B+,2025,7
1997,S0873,SUB0839,40,A+,2025,7
1998,S0755,SUB0988,96,D,2022,6
1999,S0636,SUB0690,40,F,2023,2
2000,S0948,SUB0340,81,B,2022,1
2001,S0318,SUB0568,48,A,2023,7
2002,S0893,SUB0325,93,F,2022,6
2003,S0365,SUB0055,39,A+,2024,7
2004,S0227,SUB0573,45,A+,2023,3
2005,S0745,SUB0491,88,B,2023,8
2006,S0012,SUB0396,90,D,2026,7
2007,S0885,SUB0611,37,C,2022,3
2008,S0857,SUB0005,85,B+,2023,6
2009,S0268,SUB0670,84,C,2023,5
2010,S0061,SUB0358,81,D,2024,2
2011,S0955,SUB0249,85,F,2023,1
2012,S0481,SUB0808,62,F,2022,4
2013,S0912,SUB0495,83,C,2026,8
2014,S0743,SUB0370,53,D,2023,6
2015,S0167,SUB0033,95,A,2022,8
2016,S0468,SUB0628,73,A+,2026,1
2017,S0190,SUB0962,93,A,2024,2
2018,S0100,SUB0475,83,A,2023,1
2019,S0837,SUB0168,75,F,2023,6
2020,S0497,SUB0606,36,B+,2025,1
2021,S0121,SUB0616,93,A,2025,6
2022,S0609,SUB0055,35,A,2024,4
2023,S0772,SUB0629,45,D,2026,6
2024,S0338,SUB0236,65,A,2025,1
2025,S0817,SUB0934,37,A,2026,1
2026,S0450,SUB0470,96,A+,2023,8
2027,S0756,SUB0876,48,B,2024,1
2028,S0101,SUB0859,38,F,2023,1
2029,S0046,SUB0399,57,D,2025,6
2030,S0515,SUB0780,40,A,2026,3
2031,S0605,SUB0344,69,D,2025,1
2032,S0732,SUB0338,42,A,2026,7
2033,S0441,SUB0616,36,D,2022,6
2034,S0408,SUB0845,66,A+,2024,6
2035,S0932,SUB0991,91,D,2026,6
2036,S0911,SUB0717,48,A+,2026,1
2037,S0459,SUB0986,89,D,2025,3
2038,S0925,SUB0669,41,D,2022,8
2039,S0167,SUB0095,43,B+,2025,7
2040,S0186,SUB0504,94,A,2025,7
2041,S0338,SUB0382,85,C,2022,7
2042,S0255,SUB0411,84,A+,2025,8
2043,S0248,SUB0329,90,B,2022,8
2044,S0909,SUB0145,63,B,2022,1
2045,S0615,SUB0870,88,A+,2025,5
2046,S0710,SUB0245,55,A,2024,5
2047,S0474,SUB0051,36,C,2024,3
2048,S0463,SUB0887,49,D,2026,3
2049,S0668,SUB0701,60,B,2022,1
2050,S0326,SUB0935,63,B,2025,5
2051,S0005,SUB0269,50,A,2025,6
2052,S0075,SUB0269,98,A+,2022,3
2053,S0876,SUB0405,56,B+,2022,5
2054,S0380,SUB0413,80,F,2026,5
2055,S0253,SUB0525,85,D,2022,8
2056,S0569,SUB0746,40,A,2023,6
2057,S0613,SUB0321,89,B+,2024,3
2058,S0605,SUB0923,100,C,2026,1
2059,S0453,SUB0237,46,C,2026,6
2060,S0144,SUB0437,66,B+,2024,1
2061,S0501,SUB0256,52,A+,2026,1
2062,S0610,SUB0733,76,A,2023,6
2063,S0188,SUB0204,70,A,2025,1
2064,S0708,SUB0202,71,C,2023,5
2065,S0165,SUB0446,70,B+,2024,7
2066,S0978,SUB0536,62,B,2025,5
2067,S0696,SUB0021,40,A+,2023,5
2068,S0838,SUB0370,97,D,2026,7
2069,S0741,SUB0644,38,C,2024,5
2070,S0447,SUB0754,94,A,2026,4
2071,S0181,SUB0263,80,B+,2025,1
2072,S0098,SUB0408,78,D,2025,3
2073,S0369,SUB0489,74,D,2025,7
2074,S0877,SUB0768,97,D,2026,8
2075,S0391,SUB0420,53,A,2022,1
2076,S0547,SUB0376,98,F,2024,2
2077,S0258,SUB0898,65,A,2022,2
2078,S0136,SUB0586,85,F,2022,6
2079,S0485,SUB0268,71,D,2022,4
2080,S0774,SUB0461,44,C,2022,7
2081,S0801,SUB0148,51,A,2025,2
2082,S0882,SUB0612,70,C,2023,6
2083,S0729,SUB0328,61,C,2023,6
2084,S0821,SUB0340,84,D,2024,5
2085,S0230,SUB0809,81,A,2026,1
2086,S0999,SUB0257,84,B+,2025,4
2087,S0212,SUB0638,35,B+,2026,2
2088,S0904,SUB0796,73,B,2022,8
2089,S0240,SUB0700,71,D,2026,2
2090,S0335,SUB0932,75,A,2026,7
2091,S0274,SUB0855,84,F,2022,1
2092,S0908,SUB0196,87,A+,2023,8
2093,S0933,SUB0044,54,D,2026,4
2094,S0088,SUB0174,69,B+,2023,2
2095,S0638,SUB0213,55,C,2024,1
2096,S0782,SUB0685,78,C,2023,4
2097,S0896,SUB0652,56,D,2022,8
2098,S0460,SUB0156,94,A,2025,2
2099,S0504,SUB0721,87,D,2022,2
2100,S0919,SUB0760,99,B,2022,1
2101,S0673,SUB0004,44,C,2023,5
2102,S0092,SUB0952,99,A,2024,1
2103,S0106,SUB0442,50,D,2026,5
2104,S0548,SUB0891,90,D,2023,6
2105,S0236,SUB0151,83,A,2025,2
2106,S0575,SUB0312,64,D,2022,3
2107,S0097,SUB0494,82,A,2022,5
2108,S0786,SUB0679,92,B,2022,5
2109,S0528,SUB0849,97,C,2023,1
2110,S0101,SUB0709,47,C,2022,2
2111,S0820,SUB0165,81,F,2026,3
2112,S0236,SUB0465,78,D,2026,6
2113,S0772,SUB0524,80,A,2025,6
2114,S0715,SUB0467,85,B,2026,3
2115,S0457,SUB0615,93,A,2024,2
2116,S0403,SUB0705,95,A,2025,6
2117,S0037,SUB0307,53,A,2025,4
2118,S0659,SUB0535,38,D,2023,1
2119,S0262,SUB0501,38,F,2023,7
2120,S0467,SUB0287,50,D,2025,4
2121,S0179,SUB0433,67,A+,2026,1
2122,S0437,SUB0604,63,A,2023,2
2123,S0333,SUB0625,87,A,2025,5
2124,S0994,SUB0630,57,F,2025,7
2125,S0206,SUB0066,54,A,2026,7
2126,S0106,SUB0985,87,B+,2025,3
2127,S0655,SUB0107,62,A,2024,2
2128,S0966,SUB0092,67,B,2024,8
2129,S0210,SUB0307,89,A+,2022,4
2130,S0865,SUB0231,61,A+,2022,5
2131,S0497,SUB0863,48,D,2024,6
2132,S0497,SUB0592,72,B,2026,3
2133,S0346,SUB0019,77,A,2023,5
2134,S0136,SUB0013,66,B,2026,2
2135,S0156,SUB0936,63,A+,2023,8
2136,S0777,SUB0364,94,D,2023,1
2137,S0595,SUB0146,98,A+,2023,7
2138,S0944,SUB0231,57,A+,2023,4
2139,S0933,SUB0736,74,B+,2022,6
2140,S0045,SUB0340,52,F,2022,7
2141,S0698,SUB0865,100,B+,2024,6
2142,S0690,SUB0415,82,B+,2025,3
2143,S0708,SUB0037,38,B+,2025,6
2144,S0682,SUB0827,46,C,2026,1
2145,S0370,SUB0293,92,B+,2025,8
2146,S0489,SUB0165,40,F,2022,6
2147,S0377,SUB0470,44,D,2023,5
2148,S0363,SUB0959,42,A,2025,3
2149,S0117,SUB0699,75,A+,2025,7
2150,S0869,SUB0596,49,B+,2023,4
2151,S0817,SUB0977,43,A+,2023,7
2152,S0915,SUB0686,48,A,2025,8
2153,S0793,SUB0356,45,A,2026,8
2154,S0745,SUB0079,76,B+,2025,6
2155,S0382,SUB0543,69,D,2026,6
2156,S0033,SUB0890,78,B,2023,8
2157,S0304,SUB0367,82,B+,2023,4
2158,S0029,SUB0475,49,B+,2023,7
2159,S0314,SUB0207,77,A,2023,8
2160,S0588,SUB0729,37,A+,2023,4
2161,S0866,SUB0550,69,F,2026,4
2162,S0077,SUB0536,83,B+,2024,8
2163,S0826,SUB0860,62,C,2022,4
2164,S0274,SUB0372,51,A+,2026,2
2165,S0655,SUB0357,72,B,2024,6
2166,S0129,SUB0533,69,F,2022,3
2167,S0606,SUB0355,60,B,2023,7
2168,S0052,SUB0569,90,A,2022,8
2169,S0080,SUB0080,85,F,2025,2
2170,S0401,SUB0527,56,B,2024,5
2171,S0793,SUB0429,68,B,2022,4
2172,S0708,SUB0490,94,B,2026,5
2173,S0190,SUB0080,89,F,2026,5
2174,S0502,SUB0778,39,B+,2023,3
2175,S0851,SUB0831,52,A+,2024,4
2176,S0987,SUB0609,37,A+,2025,1
2177,S0964,SUB0726,56,B,2026,8
2178,S0098,SUB0248,79,B+,2026,4
2179,S0492,SUB0918,38,A,2025,4
2180,S0878,SUB0792,83,D,2026,6
2181,S0154,SUB0941,42,F,2024,3
2182,S0109,SUB0127,85,B+,2024,2
2183,S0893,SUB0212,85,A+,2024,3
2184,S0673,SUB0239,35,A+,2023,6
2185,S0823,SUB0687,35,A+,2022,6
2186,S0665,SUB0522,44,D,2022,2
2187,S0502,SUB0378,43,F,2023,5
2188,S0719,SUB0716,58,A,2024,5
2189,S0268,SUB0215,43,B,2026,2
2190,S0046,SUB0807,60,C,2025,3
2191,S0346,SUB0457,77,A+,2025,4
2192,S0955,SUB0901,59,C,2022,2
2193,S0027,SUB0468,49,C,2023,3
2194,S0237,SUB0232,54,A+,2023,5
2195,S0850,SUB0316,73,F,2022,6
2196,S0931,SUB0936,97,F,2024,3
2197,S0346,SUB0567,77,F,2023,6
2198,S0741,SUB0617,97,B+,2024,2
2199,S0186,SUB0702,81,F,2022,2
2200,S0308,SUB0521,63,B+,2025,5
2201,S0314,SUB0486,38,F,2024,7
2202,S0878,SUB0610,92,A,2025,5
2203,S0759,SUB0621,71,C,2024,5
2204,S0231,SUB0768,46,B+,2025,8
2205,S0758,SUB0058,62,D,2024,7
2206,S0865,SUB0937,51,D,2024,5
2207,S0005,SUB0745,60,A+,2024,5
2208,S0101,SUB0230,64,A,2022,5
2209,S0611,SUB0084,97,D,2023,8
2210,S0469,SUB0020,88,D,2026,3
2211,S0365,SUB0315,53,D,2026,4
2212,S0919,SUB0711,37,C,2025,2
2213,S0411,SUB0126,41,A,2026,4
2214,S0528,SUB0360,99,B,2023,7
2215,S0628,SUB0802,53,D,2026,6
2216,S0029,SUB0911,99,A+,2025,8
2217,S0922,SUB0173,87,C,2024,1
2218,S0084,SUB0136,92,C,2023,8
2219,S0733,SUB0417,37,C,2024,3
2220,S0996,SUB0985,72,A,2022,5
2221,S0296,SUB0091,74,D,2022,5
2222,S0955,SUB0466,99,A+,2025,7
2223,S0707,SUB0702,97,B+,2025,2
2224,S0359,SUB0161,47,B,2026,1
2225,S0113,SUB0400,62,A,2025,8
2226,S0577,SUB0664,62,B+,2022,5
2227,S0740,SUB0934,40,B+,2026,1
2228,S0337,SUB0967,81,C,2024,1
2229,S0130,SUB0757,46,B+,2023,4
2230,S0508,SUB0429,91,A+,2025,3
2231,S0599,SUB0363,77,C,2023,7
2232,S0203,SUB0223,38,F,2024,4
2233,S0708,SUB0442,87,A,2025,5
2234,S0159,SUB0754,41,A+,2025,6
2235,S0486,SUB0032,61,C,2024,6
2236,S0381,SUB0314,88,D,2023,7
2237,S0092,SUB0395,97,A+,2024,5
2238,S0966,SUB0139,45,B+,2022,1
2239,S0454,SUB0687,57,A+,2025,3
2240,S0155,SUB0760,66,A,2026,8
2241,S0373,SUB0626,72,B,2024,4
2242,S0988,SUB0751,59,B,2025,5
2243,S0462,SUB0740,96,F,2026,3
2244,S0804,SUB0097,54,C,2024,3
2245,S0198,SUB0615,99,D,2025,7
2246,S0520,SUB0951,84,C,2022,4
2247,S0329,SUB0795,40,B+,2025,1
2248,S0386,SUB0059,82,B,2023,4
2249,S0329,SUB0213,37,A+,2026,1
2250,S0023,SUB0413,82,A,2022,4
2251,S0283,SUB0888,41,A,2026,5
2252,S0628,SUB0495,51,B+,2022,2
2253,S0145,SUB0728,48,F,2025,7
2254,S0139,SUB0230,86,B+,2024,6
2255,S0700,SUB0335,72,F,2024,4
2256,S0243,SUB0822,58,D,2025,5
2257,S0966,SUB0628,35,A+,2024,4
2258,S0696,SUB0696,66,A+,2025,3
2259,S0336,SUB0570,54,B+,2022,1
2260,S0072,SUB0919,93,A,2026,8
2261,S0639,SUB0222,46,B+,2025,2
2262,S0091,SUB0570,46,C,2022,3
2263,S0442,SUB0028,66,D,2026,4
2264,S0413,SUB0420,40,A,2026,3
2265,S0023,SUB0722,54,D,2023,1
2266,S0582,SUB0038,76,A+,2022,8
2267,S0608,SUB0573,89,B,2026,4
2268,S0348,SUB0524,56,A,2024,3
2269,S0158,SUB0329,46,D,2025,3
2270,S0421,SUB0252,35,D,2022,6
2271,S0294,SUB0806,45,D,2024,1
2272,S0206,SUB0556,46,D,2024,1
2273,S0076,SUB0402,96,C,2023,3
2274,S0844,SUB0937,77,A+,2026,5
2275,S0775,SUB0953,67,B+,2024,3
2276,S0900,SUB0128,39,C,2023,8
2277,S0193,SUB0868,79,D,2024,6
2278,S0923,SUB0848,93,F,2024,7
2279,S0416,SUB0243,63,A+,2022,1
2280,S0196,SUB0731,49,D,2025,6
2281,S0262,SUB0960,93,A,2023,4
2282,S0206,SUB0164,69,B,2025,1
2283,S0573,SUB0287,93,F,2026,7
2284,S0028,SUB0465,77,F,2024,8
2285,S0638,SUB0486,80,A,2023,2
2286,S0771,SUB0522,77,B,2023,6
2287,S0404,SUB0923,97,A,2026,5
2288,S0501,SUB0468,47,A,2023,6
2289,S0012,SUB0023,58,F,2026,5
2290,S0153,SUB0242,42,A,2024,3
2291,S0394,SUB0093,92,A+,2026,8
2292,S0198,SUB0762,83,B+,2022,5
2293,S0546,SUB0111,54,A+,2023,3
2294,S0080,SUB0335,59,B,2023,4
2295,S0199,SUB0281,76,D,2022,7
2296,S0394,SUB0323,87,D,2022,1
2297,S0296,SUB0104,99,F,2023,6
2298,S0831,SUB0030,96,D,2022,7
2299,S0815,SUB0616,87,A,2024,3
2300,S0213,SUB0449,49,B,2023,8
2301,S0847,SUB0719,86,F,2026,8
2302,S0282,SUB0471,92,B,2026,5
2303,S0920,SUB0097,62,F,2024,4
2304,S0334,SUB0781,36,D,2025,2
2305,S0891,SUB0859,52,B,2022,3
2306,S0689,SUB0395,63,C,2022,2
2307,S0919,SUB0634,95,A,2022,7
2308,S0121,SUB0522,65,A,2026,2
2309,S0462,SUB0979,100,F,2025,3
2310,S0626,SUB0682,54,C,2023,3
2311,S0014,SUB0444,39,B+,2025,5
2312,S0023,SUB0885,60,A+,2022,6
2313,S0980,SUB0548,44,B+,2025,5
2314,S0157,SUB0239,70,A+,2025,7
2315,S0432,SUB0717,94,B,2025,8
2316,S0956,SUB0867,71,A+,2023,7
2317,S0572,SUB0214,70,D,2024,7
2318,S0211,SUB0080,64,A,2022,5
2319,S0445,SUB0238,53,A,2022,7
2320,S0661,SUB0261,38,F,2023,4
2321,S0214,SUB0530,55,A+,2022,1
2322,S0431,SUB0338,68,C,2022,1
2323,S0208,SUB0428,44,C,2022,7
2324,S0187,SUB0551,98,C,2025,5
2325,S0824,SUB0715,66,A,2023,2
2326,S0252,SUB0432,53,B,2023,4
2327,S0897,SUB0247,70,B,2022,3
2328,S0476,SUB0056,95,A+,2022,4
2329,S0814,SUB0920,67,F,2025,8
2330,S0045,SUB0676,90,B,2023,8
2331,S0098,SUB0700,39,F,2022,4
2332,S0802,SUB0795,84,B+,2024,8
2333,S0502,SUB0190,58,D,2022,1
2334,S0878,SUB0196,61,F,2022,1
2335,S0971,SUB0066,43,B,2025,3
2336,S0386,SUB0049,66,D,2025,1
2337,S0738,SUB0184,39,D,2025,3
2338,S0521,SUB0609,37,D,2022,8
2339,S0273,SUB0832,35,A+,2026,8
2340,S0524,SUB0503,61,A,2023,6
2341,S0218,SUB0939,95,B,2025,7
2342,S0867,SUB0668,87,A+,2022,1
2343,S0071,SUB0043,50,F,2022,4
2344,S0784,SUB0264,99,B,2023,2
2345,S0706,SUB0847,93,C,2024,2
2346,S0376,SUB0802,77,B+,2024,7
2347,S0656,SUB0358,38,C,2026,6
2348,S0640,SUB0327,86,B+,2025,5
2349,S0619,SUB0798,72,A+,2026,8
2350,S0553,SUB0964,92,D,2023,3
2351,S0109,SUB0916,69,A+,2024,4
2352,S0063,SUB0216,96,F,2022,2
2353,S0750,SUB0859,76,A,2026,3
2354,S0531,SUB0329,35,C,2024,7
2355,S0087,SUB0442,59,B+,2025,2
2356,S0977,SUB0581,95,B+,2024,6
2357,S0819,SUB0266,59,C,2026,8
2358,S0010,SUB0406,89,D,2026,6
2359,S0386,SUB0739,80,B+,2024,7
2360,S0755,SUB0393,93,D,2023,1
2361,S0352,SUB0558,89,D,2024,5
2362,S0723,SUB0689,71,F,2026,8
2363,S0389,SUB0159,36,B+,2024,1
2364,S0664,SUB0505,62,B+,2023,8
2365,S0359,SUB0129,98,A+,2026,3
2366,S0318,SUB0539,49,B,2026,3
2367,S0656,SUB0478,75,A,2022,7
2368,S0344,SUB0077,73,A,2022,5
2369,S0301,SUB0816,90,B+,2023,2
2370,S0471,SUB0830,47,D,2025,4
2371,S0327,SUB0546,73,F,2025,8
2372,S0837,SUB0301,93,B+,2024,8
2373,S0716,SUB0178,81,D,2024,3
2374,S0749,SUB0253,68,C,2023,6
2375,S0151,SUB0297,45,B+,2025,7
2376,S0214,SUB0612,41,D,2022,1
2377,S0580,SUB0035,36,C,2025,3
2378,S0297,SUB0600,37,A,2024,3
2379,S0425,SUB0143,71,A+,2024,3
2380,S0739,SUB0093,71,B+,2026,6
2381,S0828,SUB0042,73,A+,2022,7
2382,S0848,SUB0168,50,A,2022,2
2383,S0901,SUB0169,80,A+,2025,8
2384,S0786,SUB0351,85,A+,2024,4
2385,S0018,SUB0229,55,C,2026,7
2386,S0622,SUB0151,48,C,2023,7
2387,S0721,SUB0699,100,B+,2024,2
2388,S0051,SUB0828,100,A+,2022,2
2389,S0610,SUB0913,94,B,2022,8
2390,S0535,SUB0732,76,B+,2022,7
2391,S0940,SUB0604,48,A+,2024,1
2392,S0249,SUB0852,50,F,2023,1
2393,S0981,SUB0960,68,B+,2025,8
2394,S0673,SUB0497,60,D,2026,5
2395,S0680,SUB0075,94,C,2023,7
2396,S0005,SUB0226,67,A,2026,1
2397,S0315,SUB0716,66,D,2022,7
2398,S0938,SUB0552,92,B+,2023,6
2399,S0609,SUB0376,49,D,2025,7
2400,S0611,SUB0412,94,F,2025,5
2401,S0233,SUB0575,52,A,2022,1
2402,S0504,SUB0336,64,A,2022,4
2403,S0428,SUB0515,60,B,2025,1
2404,S0364,SUB0873,95,B+,2022,2
2405,S0788,SUB0280,68,F,2024,8
2406,S0853,SUB0529,62,F,2024,1
2407,S0835,SUB0102,67,B+,2026,5
2408,S0594,SUB0834,53,C,2024,6
2409,S0522,SUB0463,57,B+,2022,1
2410,S0389,SUB0099,49,F,2023,8
2411,S0081,SUB0963,99,C,2025,3
2412,S0691,SUB0163,42,A,2026,4
2413,S0795,SUB0429,100,C,2024,4
2414,S0207,SUB0127,98,A,2024,4
2415,S0658,SUB0761,67,D,2022,3
2416,S0052,SUB0721,70,B+,2022,5
2417,S0934,SUB0789,70,C,2024,8
2418,S0701,SUB0468,43,F,2023,3
2419,S0771,SUB0002,39,D,2024,2
2420,S0426,SUB0510,46,A+,2024,1
2421,S0739,SUB0981,89,F,2023,4
2422,S0684,SUB0321,88,D,2023,8
2423,S0201,SUB0005,83,D,2023,7
2424,S0988,SUB0048,83,F,2025,5
2425,S0968,SUB0852,69,F,2026,2
2426,S0233,SUB0473,83,F,2023,5
2427,S0367,SUB0646,67,B+,2022,8
2428,S0558,SUB0995,93,B+,2023,6
2429,S0592,SUB0945,86,A+,2026,4
2430,S0498,SUB0423,61,A,2026,8
2431,S0946,SUB0910,89,B,2024,8
2432,S0869,SUB0182,89,F,2026,8
2433,S0525,SUB0700,40,A+,2025,3
2434,S0686,SUB0450,35,A+,2022,1
2435,S0597,SUB0077,71,C,2023,1
2436,S0570,SUB0058,45,D,2024,8
2437,S0467,SUB0688,65,A,2024,1
2438,S0181,SUB0709,87,D,2022,8
2439,S0690,SUB0382,96,C,2024,7
2440,S0792,SUB0457,53,B,2024,4
2441,S0198,SUB0093,79,A+,2025,7
2442,S0828,SUB0882,82,A,2023,5
2443,S0250,SUB0157,57,C,2025,4
2444,S0890,SUB0534,67,D,2022,4
2445,S0177,SUB0897,63,A+,2023,5
2446,S0314,SUB0312,83,C,2026,4
2447,S0783,SUB0178,94,B,2022,6
2448,S0404,SUB0357,72,B,2022,3
2449,S0577,SUB0648,35,D,2024,4
2450,S0615,SUB0334,82,C,2024,4
2451,S0432,SUB0446,46,F,2022,8
2452,S0971,SUB0593,66,B,2024,8
2453,S0489,SUB0050,69,C,2022,2
2454,S0066,SUB0960,100,A+,2025,2
2455,S0479,SUB0025,39,F,2026,5
2456,S0883,SUB0053,58,A,2023,7
2457,S0324,SUB0959,35,A+,2022,5
2458,S0326,SUB0939,65,D,2025,7
2459,S0766,SUB0989,42,B,2025,4
2460,S0608,SUB0070,93,F,2026,1
2461,S0084,SUB0072,64,D,2025,8
2462,S0475,SUB0133,52,B+,2022,7
2463,S0857,SUB0415,79,B+,2023,5
2464,S0268,SUB0639,41,D,2024,6
2465,S0513,SUB0713,89,C,2026,5
2466,S0136,SUB0945,99,C,2026,4
2467,S0235,SUB0362,86,D,2024,5
2468,S0377,SUB0169,98,F,2025,7
2469,S0870,SUB0646,56,D,2026,6
2470,S0352,SUB0721,50,A,2025,4
2471,S0494,SUB0209,80,B+,2022,7
2472,S0187,SUB0136,35,F,2026,6
2473,S0742,SUB0961,50,A+,2025,6
2474,S0759,SUB0588,72,F,2025,4
2475,S0163,SUB0136,44,F,2023,2
2476,S0042,SUB0661,88,D,2025,1
2477,S0746,SUB0922,58,B,2024,2
2478,S0493,SUB0911,38,A+,2022,1
2479,S0833,SUB0292,96,A+,2026,5
2480,S0570,SUB0263,37,F,2026,5
2481,S0442,SUB0668,40,B,2025,5
2482,S0487,SUB0257,65,C,2022,1
2483,S0649,SUB0402,69,A,2023,1
2484,S0867,SUB0236,59,F,2025,1
2485,S0118,SUB0359,68,A+,2026,8
2486,S0774,SUB0497,73,F,2026,2
2487,S0298,SUB0362,40,B+,2026,2
2488,S0810,SUB0205,70,A+,2022,1
2489,S0076,SUB0851,54,A,2026,5
2490,S0353,SUB0780,86,A,2022,2
2491,S0685,SUB0463,93,F,2026,4
2492,S0718,SUB0201,48,B,2023,5
2493,S0265,SUB0972,61,A,2026,6
2494,S0971,SUB0213,87,B+,2023,8
2495,S0408,SUB0990,97,A,2025,6
2496,S0837,SUB0973,51,A+,2022,6
2497,S0462,SUB0185,99,A,2025,6
2498,S0632,SUB0203,67,B,2022,6
2499,S0151,SUB0910,93,A,2023,7
2500,S0560,SUB0609,51,B+,2023,8
2501,S0506,SUB0062,98,A,2025,4
2502,S0301,SUB0107,36,F,2022,4
2503,S0192,SUB0554,37,D,2022,2
2504,S0502,SUB0568,81,F,2025,7
2505,S0364,SUB0611,46,F,2022,3
2506,S0814,SUB0878,97,A,2025,2
2507,S0088,SUB0474,83,A,2023,6
2508,S0650,SUB0468,38,C,2022,3
2509,S0446,SUB0872,40,A,2023,3
2510,S0004,SUB0764,37,D,2024,7
2511,S0960,SUB0730,87,A,2022,5
2512,S0275,SUB0503,55,F,2025,5
2513,S0279,SUB0828,71,B+,2025,7
2514,S0116,SUB0792,86,B,2022,4
2515,S0071,SUB0044,85,C,2026,3
2516,S0343,SUB0410,60,A,2026,6
2517,S0101,SUB0528,60,D,2025,7
2518,S0391,SUB0558,44,F,2023,5
2519,S0673,SUB0283,66,A+,2026,1
2520,S0564,SUB0368,38,B,2026,8
2521,S0746,SUB0772,36,B+,2025,3
2522,S0895,SUB0813,71,B,2024,2
2523,S0613,SUB0455,38,A,2022,2
2524,S0539,SUB0348,70,C,2024,3
2525,S0003,SUB0061,52,D,2022,3
2526,S0671,SUB0814,40,A+,2022,1
2527,S0970,SUB0016,79,B+,2024,7
2528,S0569,SUB0209,35,F,2024,7
2529,S0725,SUB0068,65,C,2023,7
2530,S0700,SUB0295,77,D,2024,7
2531,S0612,SUB0235,73,D,2023,2
2532,S0559,SUB0732,50,D,2026,3
2533,S0121,SUB0529,58,D,2022,1
2534,S0591,SUB0448,35,A+,2022,5
2535,S0134,SUB0349,52,F,2022,1
2536,S0982,SUB0966,77,A+,2026,8
2537,S0289,SUB0977,57,C,2024,8
2538,S0330,SUB0277,93,A+,2023,3
2539,S0470,SUB0163,100,B+,2022,6
2540,S0326,SUB0211,69,D,2023,5
2541,S0289,SUB0162,82,B,2023,7
2542,S0602,SUB0433,42,A,2024,6
2543,S0969,SUB0710,53,A,2023,7
2544,S0829,SUB0867,50,A,2025,3
2545,S0805,SUB0245,46,A+,2025,6
2546,S0082,SUB0744,69,B,2022,6
2547,S0577,SUB0190,76,A,2023,3
2548,S0090,SUB0825,90,A+,2022,3
2549,S0347,SUB0207,97,C,2024,4
2550,S0702,SUB0863,98,D,2024,3
2551,S0540,SUB0627,99,F,2023,6
2552,S0826,SUB0612,94,A+,2026,8
2553,S0593,SUB0140,49,B,2025,2
2554,S0394,SUB0130,82,B,2025,1
2555,S0188,SUB0416,52,B,2025,5
2556,S0169,SUB0482,45,F,2026,1
2557,S0350,SUB0289,61,B,2024,4
2558,S0088,SUB0886,82,F,2023,1
2559,S0324,SUB0860,82,A+,2022,4
2560,S0032,SUB0972,35,A+,2022,1
2561,S0125,SUB0933,38,A+,2024,2
2562,S0955,SUB0172,47,B,2024,8
2563,S0059,SUB0985,66,A,2024,8
2564,S0708,SUB0747,91,D,2024,3
2565,S0317,SUB0380,70,F,2025,6
2566,S0131,SUB0783,83,A+,2022,6
2567,S0650,SUB0343,41,F,2026,2
2568,S0529,SUB0482,68,C,2022,3
2569,S0231,SUB0797,78,A,2023,7
2570,S0005,SUB0367,52,C,2026,7
2571,S0964,SUB0229,91,F,2023,8
2572,S0135,SUB0173,89,D,2026,8
2573,S0598,SUB0567,36,A+,2025,8
2574,S0665,SUB0897,85,A+,2022,2
2575,S0912,SUB0452,100,C,2026,6
2576,S0439,SUB0488,70,F,2022,4
2577,S0115,SUB0272,71,D,2026,1
2578,S0350,SUB0050,96,A+,2024,6
2579,S0550,SUB0193,36,B+,2024,2
2580,S0492,SUB0549,56,F,2023,6
2581,S0090,SUB0341,66,F,2023,4
2582,S0410,SUB0021,43,C,2023,4
2583,S0583,SUB0002,66,F,2022,8
2584,S0629,SUB0440,63,A,2026,8
2585,S0355,SUB0869,65,D,2022,6
2586,S0362,SUB0296,89,A+,2025,6
2587,S0636,SUB0606,79,A,2025,4
2588,S0114,SUB0379,57,D,2025,6
2589,S0196,SUB0918,92,C,2022,6
2590,S0214,SUB0263,66,F,2023,4
2591,S0628,SUB0869,85,A,2023,5
2592,S0785,SUB0782,79,D,2025,5
2593,S0593,SUB0607,75,D,2024,6
2594,S0482,SUB0671,86,F,2025,1
2595,S0887,SUB0373,51,A+,2026,5
2596,S0704,SUB0107,98,A,2026,7
2597,S0940,SUB0449,40,B,2024,4
2598,S0689,SUB0600,66,A,2024,2
2599,S0815,SUB0273,37,D,2026,8
2600,S0070,SUB0842,59,A+,2024,5
2601,S0719,SUB0352,70,F,2023,2
2602,S0144,SUB0414,70,D,2024,1
2603,S0451,SUB0305,36,B,2022,8
2604,S0205,SUB0508,92,A,2024,5
2605,S0461,SUB0840,81,D,2026,5
2606,S0995,SUB0018,84,D,2024,7
2607,S0603,SUB0643,35,F,2022,6
2608,S0349,SUB0799,44,B,2025,4
2609,S0012,SUB0818,44,F,2024,5
2610,S0766,SUB0435,97,A,2025,8
2611,S0958,SUB0737,78,D,2022,5
2612,S0399,SUB0940,79,A,2026,1
2613,S0730,SUB0386,51,D,2023,3
2614,S0450,SUB0278,45,B+,2024,1
2615,S0191,SUB0432,59,D,2026,3
2616,S0522,SUB0372,76,F,2025,2
2617,S0396,SUB0917,78,B+,2024,3
2618,S0247,SUB0468,99,A+,2023,3
2619,S0500,SUB0431,38,D,2025,7
2620,S0303,SUB0143,64,B+,2025,7
2621,S0116,SUB0753,84,B,2026,8
2622,S0586,SUB0211,41,D,2022,7
2623,S0485,SUB0812,65,A+,2024,7
2624,S0928,SUB0165,46,B,2025,3
2625,S0180,SUB0656,100,A+,2023,2
2626,S0160,SUB0699,67,D,2026,7
2627,S0782,SUB0667,45,B,2023,1
2628,S0444,SUB0347,98,F,2026,8
2629,S0526,SUB0357,73,A+,2024,1
2630,S0878,SUB0035,60,C,2022,4
2631,S0338,SUB0674,94,A+,2023,1
2632,S0776,SUB0240,87,A,2024,3
2633,S0449,SUB0168,75,C,2026,2
2634,S0355,SUB0322,56,F,2024,1
2635,S0803,SUB0343,54,C,2025,2
2636,S0868,SUB0862,95,A+,2026,1
2637,S0807,SUB0738,84,A,2026,4
2638,S0691,SUB0443,38,D,2023,2
2639,S0989,SUB0214,92,D,2025,3
2640,S0320,SUB0395,59,C,2022,5
2641,S0878,SUB0107,67,B+,2023,6
2642,S0156,SUB0475,35,D,2026,2
2643,S0044,SUB0607,92,B,2025,8
2644,S0310,SUB0919,93,A,2024,1
2645,S0110,SUB0694,37,A,2023,1
2646,S0209,SUB0196,71,B+,2022,1
2647,S0650,SUB0854,90,A+,2022,6
2648,S0634,SUB0428,98,D,2022,8
2649,S0874,SUB0401,65,B,2023,7
2650,S0613,SUB0590,37,D,2022,7
2651,S0395,SUB0679,41,A,2023,6
2652,S0620,SUB0764,84,B+,2023,4
2653,S0502,SUB0743,66,A,2023,8
2654,S0079,SUB0925,82,C,2025,7
2655,S0071,SUB0355,61,C,2024,3
2656,S0479,SUB0152,49,A,2022,4
2657,S0428,SUB0679,90,D,2023,8
2658,S0810,SUB0903,57,A,2026,8
2659,S0720,SUB0124,56,B,2024,8
2660,S0457,SUB0163,90,A+,2025,2
2661,S0589,SUB0604,79,A+,2024,3
2662,S0460,SUB0054,58,A+,2026,4
2663,S0108,SUB0962,85,D,2025,2
2664,S0385,SUB0507,99,A+,2022,6
2665,S0125,SUB0369,52,A+,2023,4
2666,S0661,SUB0833,88,A+,2024,5
2667,S0025,SUB0634,47,B,2022,3
2668,S0342,SUB0682,95,B+,2026,1
2669,S0193,SUB0992,97,A+,2024,7
2670,S0114,SUB0342,67,A,2022,8
2671,S0510,SUB0892,94,B,2025,6
2672,S0228,SUB0008,39,C,2024,7
2673,S0667,SUB0170,92,A+,2026,5
2674,S0764,SUB0781,100,D,2023,4
2675,S0535,SUB0633,66,A+,2026,4
2676,S0390,SUB0280,64,C,2022,1
2677,S0831,SUB0015,74,A+,2022,6
2678,S0135,SUB0829,95,D,2025,3
2679,S0588,SUB0040,43,C,2025,2
2680,S0338,SUB0374,63,C,2025,8
2681,S0751,SUB0946,80,C,2026,1
2682,S0927,SUB0882,77,C,2022,2
2683,S0685,SUB0803,67,B+,2025,6
2684,S0172,SUB0884,91,A,2024,2
2685,S0313,SUB0499,35,C,2026,3
2686,S0396,SUB0318,49,F,2023,3
2687,S0720,SUB0885,89,C,2023,7
2688,S0365,SUB0526,51,B,2025,4
2689,S0765,SUB0091,42,B,2025,1
2690,S0837,SUB0465,93,D,2026,6
2691,S0689,SUB0976,92,D,2025,6
2692,S0003,SUB0908,66,A,2026,6
2693,S0188,SUB0605,78,B+,2022,3
2694,S0733,SUB0614,99,A,2022,1
2695,S0856,SUB0594,38,D,2025,1
2696,S0636,SUB0749,40,F,2025,4
2697,S0028,SUB0045,68,A,2025,3
2698,S0673,SUB0467,77,C,2022,1
2699,S0337,SUB0117,85,A+,2022,8
2700,S0449,SUB0525,36,B,2022,8
2701,S0980,SUB0112,90,B+,2023,4
2702,S0871,SUB0341,49,A,2022,5
2703,S0432,SUB0843,55,B+,2022,5
2704,S0527,SUB0431,39,A+,2024,3
2705,S0080,SUB0371,80,B+,2023,4
2706,S0851,SUB0664,88,D,2023,7
2707,S0309,SUB0117,99,B+,2023,1
2708,S0206,SUB0886,35,F,2023,1
2709,S0193,SUB0971,63,B,2024,2
2710,S0377,SUB0404,94,A+,2024,2
2711,S0026,SUB0681,97,D,2026,1
2712,S0787,SUB0185,50,B+,2026,6
2713,S0011,SUB0260,53,C,2024,6
2714,S0863,SUB1000,90,A+,2022,3
2715,S0997,SUB0050,54,B+,2023,5
2716,S0498,SUB0956,77,B+,2026,1
2717,S0862,SUB0298,92,B,2025,4
2718,S0857,SUB0061,35,F,2023,5
2719,S0988,SUB0618,59,C,2026,8
2720,S0494,SUB0093,55,B,2022,6
2721,S0165,SUB0751,62,B,2026,1
2722,S0985,SUB0124,71,D,2022,5
2723,S0742,SUB0330,51,B+,2026,5
2724,S0358,SUB0273,50,F,2023,7
2725,S0620,SUB0334,74,B,2024,6
2726,S0164,SUB0331,85,D,2023,8
2727,S0675,SUB0245,48,D,2026,3
2728,S0109,SUB0153,71,C,2026,6
2729,S0014,SUB0078,84,D,2026,7
2730,S0352,SUB0505,35,C,2025,8
2731,S0036,SUB0250,50,C,2026,3
2732,S0448,SUB0782,65,B+,2023,5
2733,S0494,SUB0498,84,A+,2024,7
2734,S0415,SUB0358,94,A,2025,6
2735,S0044,SUB0209,40,D,2023,2
2736,S0441,SUB0849,65,D,2024,3
2737,S0221,SUB0252,80,B+,2024,2
2738,S0177,SUB0357,45,C,2024,5
2739,S0718,SUB0835,53,A,2025,4
2740,S0416,SUB0572,76,F,2022,6
2741,S0038,SUB0604,58,F,2026,8
2742,S0567,SUB0730,94,B,2024,1
2743,S0455,SUB0193,75,B,2022,3
2744,S0313,SUB0927,76,B,2022,5
2745,S0868,SUB0037,49,F,2023,6
2746,S0396,SUB0866,70,B+,2022,8
2747,S0796,SUB0526,93,B,2023,1
2748,S0602,SUB0607,38,A+,2024,5
2749,S0407,SUB0594,53,B+,2025,4
2750,S0168,SUB0405,88,B,2025,5
2751,S0561,SUB0689,86,B+,2026,6
2752,S0772,SUB0373,54,A,2022,7
2753,S0255,SUB0859,82,B,2026,7
2754,S0645,SUB0165,36,F,2025,1
2755,S0699,SUB0259,67,B+,2024,4
2756,S0951,SUB0567,93,B+,2024,8
2757,S0043,SUB0643,53,C,2026,2
2758,S0302,SUB0407,61,A,2023,6
2759,S0311,SUB0418,49,A+,2026,7
2760,S0185,SUB0812,42,D,2023,8
2761,S0110,SUB0523,59,C,2023,6
2762,S0259,SUB0889,55,F,2026,8
2763,S0253,SUB0070,67,F,2023,2
2764,S0390,SUB0645,64,B+,2025,5
2765,S0866,SUB0711,89,D,2022,5
2766,S0173,SUB0139,59,B,2023,8
2767,S0402,SUB0108,43,C,2025,3
2768,S0177,SUB0347,96,B,2024,2
2769,S0522,SUB0473,53,D,2026,2
2770,S0487,SUB0270,96,B+,2023,3
2771,S0100,SUB0574,97,B+,2022,7
2772,S0095,SUB0533,75,B,2024,5
2773,S0722,SUB0841,49,A+,2023,2
2774,S0804,SUB0567,57,A+,2023,8
2775,S0982,SUB0705,63,B+,2022,8
2776,S0288,SUB0787,77,C,2025,5
2777,S0986,SUB0972,90,C,2025,4
2778,S0499,SUB0956,48,D,2023,7
2779,S0277,SUB0213,52,C,2022,4
2780,S0360,SUB0892,43,A,2023,4
2781,S0646,SUB0284,76,D,2022,8
2782,S0833,SUB0566,52,A+,2024,2
2783,S0510,SUB0822,56,D,2026,5
2784,S0504,SUB0636,63,B,2025,5
2785,S0019,SUB0151,39,B+,2022,8
2786,S0129,SUB0683,79,C,2024,1
2787,S0445,SUB0040,46,F,2023,1
2788,S0521,SUB0383,88,D,2023,3
2789,S0428,SUB0311,89,A,2023,6
2790,S0105,SUB0953,57,F,2024,6
2791,S0406,SUB0202,87,A,2023,8
2792,S0174,SUB0985,83,D,2022,5
2793,S0749,SUB0451,94,B+,2023,3
2794,S0865,SUB0175,100,A+,2023,8
2795,S0209,SUB0341,86,D,2023,5
2796,S0852,SUB0699,61,B,2024,4
2797,S0193,SUB0610,41,B,2023,2
2798,S0187,SUB0611,68,C,2024,1
2799,S0543,SUB0962,36,F,2026,7
2800,S0305,SUB0795,44,F,2025,7
2801,S0796,SUB0976,36,A+,2024,5
2802,S0736,SUB0468,76,B+,2025,5
2803,S0168,SUB0512,45,D,2022,8
2804,S0778,SUB0081,70,F,2022,3
2805,S0066,SUB0186,35,A,2026,5
2806,S0841,SUB0462,90,D,2023,7
2807,S0446,SUB0295,66,A+,2024,6
2808,S0762,SUB0040,94,D,2024,2
2809,S0083,SUB0869,59,A+,2024,6
2810,S0347,SUB0755,36,A+,2023,4
2811,S0228,SUB0832,52,F,2026,6
2812,S0226,SUB0864,96,F,2026,8
2813,S0999,SUB0984,58,F,2022,7
2814,S0297,SUB0692,74,C,2022,7
2815,S0726,SUB0786,66,F,2025,4
2816,S0667,SUB0497,86,A+,2026,1
2817,S0779,SUB0846,37,A+,2025,6
2818,S0549,SUB0341,90,A+,2022,1
2819,S0688,SUB0027,49,B,2025,6
2820,S0845,SUB0817,69,D,2026,6
2821,S0859,SUB0166,82,B,2026,5
2822,S0967,SUB0328,51,B,2025,2
2823,S0783,SUB0882,72,F,2025,5
2824,S0489,SUB0339,60,B+,2022,1
2825,S0784,SUB0030,49,C,2026,4
2826,S0832,SUB0429,98,A,2024,7
2827,S0938,SUB0553,37,A,2023,4
2828,S0238,SUB0616,97,C,2022,3
2829,S0659,SUB0529,53,F,2024,3
2830,S0425,SUB0667,40,F,2023,1
2831,S0493,SUB0243,68,D,2026,1
2832,S0921,SUB0169,68,B,2026,6
2833,S0153,SUB0657,87,A+,2026,6
2834,S0943,SUB0500,70,A,2023,8
2835,S0149,SUB0587,60,B,2023,6
2836,S0288,SUB0404,42,A+,2022,3
2837,S0804,SUB0225,38,A+,2024,6
2838,S0719,SUB0949,39,F,2026,1
2839,S0051,SUB0982,79,A,2023,4
2840,S0913,SUB0713,69,C,2026,7
2841,S0979,SUB0640,39,D,2025,8
2842,S0312,SUB0354,56,B+,2026,5
2843,S0845,SUB0738,71,F,2023,2
2844,S0866,SUB0116,99,B,2022,1
2845,S0103,SUB0416,73,D,2026,6
2846,S0950,SUB0835,37,D,2026,1
2847,S0603,SUB0838,79,C,2025,4
2848,S0516,SUB0679,56,B+,2022,5
2849,S0295,SUB0545,63,B+,2025,5
2850,S0836,SUB0026,89,C,2025,3
2851,S0931,SUB0493,49,C,2022,1
2852,S0884,SUB0338,43,D,2024,7
2853,S0666,SUB0769,93,B,2025,7
2854,S0622,SUB0704,56,A+,2022,8
2855,S0302,SUB0468,88,F,2022,8
2856,S0153,SUB0742,48,D,2022,7
2857,S0903,SUB0743,66,B+,2024,7
2858,S0422,SUB0690,62,F,2024,7
2859,S0215,SUB0446,92,D,2026,7
2860,S0966,SUB0716,60,B,2022,7
2861,S0432,SUB0426,42,B+,2022,6
2862,S0501,SUB0832,73,C,2022,8
2863,S0144,SUB0592,64,D,2026,7
2864,S0077,SUB0831,74,B,2023,3
2865,S0134,SUB0584,44,B,2022,5
2866,S0115,SUB0633,35,D,2026,7
2867,S0209,SUB0746,94,B,2026,8
2868,S0042,SUB0731,73,A+,2023,3
2869,S0888,SUB0126,63,F,2026,4
2870,S0735,SUB0428,42,B+,2022,4
2871,S0203,SUB0154,93,A,2025,5
2872,S0137,SUB0652,82,F,2026,1
2873,S0810,SUB0583,70,D,2026,4
2874,S0837,SUB0420,47,A,2024,7
2875,S0272,SUB0559,99,B,2023,1
2876,S0241,SUB0926,64,D,2026,7
2877,S0584,SUB0044,36,B+,2022,1
2878,S0482,SUB0109,79,F,2023,8
2879,S0159,SUB0008,80,F,2025,2
2880,S0492,SUB0378,75,D,2026,1
2881,S0173,SUB0506,81,B+,2026,7
2882,S0294,SUB0758,99,D,2023,6
2883,S0083,SUB0757,64,D,2022,5
2884,S0965,SUB0162,66,C,2025,4
2885,S0100,SUB0748,100,C,2026,4
2886,S0803,SUB0584,65,A,2026,6
2887,S0137,SUB0362,61,A+,2026,6
2888,S0301,SUB0905,39,C,2024,7
2889,S0601,SUB0550,85,F,2024,4
2890,S0908,SUB0891,94,B,2026,6
2891,S0902,SUB0359,61,B,2024,5
2892,S0618,SUB0259,80,A+,2026,5
2893,S0606,SUB0445,76,F,2022,1
2894,S0860,SUB0219,95,A,2023,5
2895,S0421,SUB0560,74,A,2022,8
2896,S0538,SUB0722,47,A,2024,4
2897,S0999,SUB0959,91,D,2026,7
2898,S0079,SUB0239,97,A,2025,3
2899,S0787,SUB0680,99,F,2025,6
2900,S0698,SUB0324,72,A+,2023,4
2901,S0363,SUB0932,67,A,2026,7
2902,S0111,SUB0919,55,B+,2026,1
2903,S0555,SUB0451,65,F,2024,4
2904,S0302,SUB0434,46,C,2026,2
2905,S0286,SUB0328,91,B,2025,6
2906,S0026,SUB0147,83,F,2026,8
2907,S0755,SUB0187,63,B,2022,7
2908,S0971,SUB0711,63,F,2026,2
2909,S0474,SUB0015,76,C,2022,3
2910,S0899,SUB0916,41,B,2022,2
2911,S0160,SUB0320,73,A+,2023,7
2912,S0225,SUB0093,35,F,2023,3
2913,S0724,SUB0635,42,B,2024,7
2914,S0284,SUB0734,99,F,2023,3
2915,S0458,SUB0347,48,B+,2024,7
2916,S0410,SUB0525,71,C,2025,1
2917,S0449,SUB0443,66,A+,2026,1
2918,S0926,SUB0376,88,B,2022,2
2919,S0635,SUB0631,78,C,2026,7
2920,S0372,SUB0079,73,C,2022,7
2921,S0702,SUB0594,64,B+,2022,7
2922,S0475,SUB0300,47,C,2024,2
2923,S0435,SUB0910,63,D,2022,7
2924,S0272,SUB0150,81,F,2025,3
2925,S0693,SUB0049,100,B,2024,1
2926,S0739,SUB0044,51,B,2023,2
2927,S0059,SUB0595,41,A,2025,4
2928,S0313,SUB0193,91,A+,2026,7
2929,S0760,SUB0517,60,A+,2023,2
2930,S0983,SUB0888,99,A+,2022,6
2931,S0331,SUB0739,84,F,2023,3
2932,S0610,SUB0710,43,A,2026,1
2933,S0031,SUB0984,65,C,2022,3
2934,S0582,SUB0653,54,A,2025,7
2935,S0251,SUB0176,46,C,2022,3
2936,S0709,SUB0904,74,C,2024,6
2937,S0500,SUB0231,82,F,2023,2
2938,S0368,SUB0205,91,B,2026,7
2939,S0978,SUB0856,84,A,2024,8
2940,S0036,SUB0775,80,F,2026,1
2941,S0251,SUB0262,62,B,2023,2
2942,S0582,SUB0668,39,F,2026,8
2943,S0754,SUB0023,70,B+,2026,2
2944,S0014,SUB0900,85,A+,2024,3
2945,S0189,SUB0757,57,A+,2026,7
2946,S0240,SUB0136,83,B,2024,1
2947,S0725,SUB0378,45,B+,2026,8
2948,S0881,SUB0172,65,A+,2022,5
2949,S0325,SUB0573,95,A,2024,7
2950,S0063,SUB0609,90,D,2025,1
2951,S0641,SUB0657,57,D,2025,6
2952,S0423,SUB0143,41,D,2023,1
2953,S0279,SUB0863,60,C,2022,6
2954,S0773,SUB0772,96,B,2023,1
2955,S0663,SUB0417,75,A,2023,8
2956,S0437,SUB0927,60,B,2024,4
2957,S0466,SUB0835,41,D,2022,2
2958,S0119,SUB0448,48,A+,2022,8
2959,S0844,SUB0654,64,C,2022,7
2960,S0838,SUB0740,43,D,2024,7
2961,S0851,SUB0555,98,D,2023,7
2962,S0295,SUB0051,55,B,2025,5
2963,S0323,SUB0091,87,B,2024,3
2964,S0076,SUB0979,77,A+,2024,2
2965,S0393,SUB0843,64,B,2022,1
2966,S0018,SUB0046,97,C,2025,8
2967,S0053,SUB0759,52,C,2024,6
2968,S0131,SUB0702,51,B,2023,3
2969,S0266,SUB0074,68,D,2022,2
2970,S0180,SUB0819,58,D,2025,5
2971,S0624,SUB0782,44,A+,2026,1
2972,S0052,SUB0806,61,A+,2022,7
2973,S0272,SUB0960,90,B+,2024,5
2974,S0253,SUB0510,35,B,2022,3
2975,S0446,SUB0550,99,A,2026,4
2976,S0641,SUB0807,61,A+,2022,3
2977,S0714,SUB0924,87,D,2025,6
2978,S0883,SUB0929,62,A,2024,3
2979,S0497,SUB0853,62,A+,2022,7
2980,S0372,SUB0539,42,A+,2022,8
2981,S0052,SUB0323,81,F,2022,3
2982,S0634,SUB0543,60,D,2022,3
2983,S0555,SUB0524,58,A,2024,6
2984,S0387,SUB0331,97,A+,2023,3
2985,S0682,SUB0945,97,A+,2023,5
2986,S0605,SUB0215,92,B+,2023,4
2987,S0656,SUB0930,64,B+,2025,4
2988,S0519,SUB0409,95,A+,2025,6
2989,S0979,SUB0444,76,F,2023,4
2990,S0369,SUB0675,72,C,2023,3
2991,S0466,SUB0957,53,A+,2022,7
2992,S0723,SUB0761,89,F,2026,8
2993,S0816,SUB0918,95,F,2024,2
2994,S0328,SUB0879,56,D,2023,8
2995,S0923,SUB0849,85,B,2022,2
2996,S0601,SUB0103,91,F,2022,6
2997,S0794,SUB0975,59,B+,2022,1
2998,S0720,SUB0764,58,B,2024,8
2999,S0688,SUB0588,44,B+,2026,1
3000,S0855,SUB0825,49,A+,2025,4
3001,S0121,SUB0216,88,F,2025,5
3002,S0313,SUB0655,69,A+,2024,7
3003,S0644,SUB0320,97,B,2023,6
3004,S0347,SUB0568,100,B,2023,4
3005,S0565,SUB0077,58,F,2022,7
3006,S0561,SUB0900,58,F,2025,4
3007,S0594,SUB0468,78,A+,2022,8
3008,S0375,SUB0872,69,B,2026,6
3009,S0062,SUB0836,41,B+,2024,1
3010,S0659,SUB0429,85,D,2023,5
3011,S0918,SUB0508,84,B+,2026,8
3012,S0754,SUB0134,56,A+,2024,7
3013,S0459,SUB0273,65,A+,2023,6
3014,S0777,SUB0035,63,B+,2022,4
3015,S0395,SUB0772,62,F,2026,1
3016,S0001,SUB0282,78,F,2023,2
3017,S0384,SUB0919,94,A,2023,7
3018,S0668,SUB0100,89,C,2024,6
3019,S0043,SUB0104,86,A+,2025,5
3020,S0168,SUB0461,53,C,2024,4
3021,S0035,SUB0964,70,A,2023,4
3022,S0691,SUB0355,46,A+,2025,3
3023,S0284,SUB0535,80,A,2026,3
3024,S0242,SUB0657,44,F,2024,4
3025,S0226,SUB0167,98,A+,2026,3
3026,S0688,SUB0498,36,B,2024,8
3027,S0273,SUB0656,88,A+,2022,5
3028,S0423,SUB0042,49,B+,2023,8
3029,S0483,SUB0478,41,D,2025,5
3030,S0394,SUB0667,84,C,2024,4
3031,S0260,SUB0454,52,C,2024,2
3032,S0352,SUB0628,74,A,2023,7
3033,S0860,SUB0734,56,D,2024,1
3034,S0207,SUB0055,87,A,2026,6
3035,S0733,SUB0139,97,D,2026,2
3036,S0746,SUB0561,39,B,2026,1
3037,S0791,SUB0841,79,A+,2024,1
3038,S0591,SUB0954,92,D,2025,7
3039,S0366,SUB0529,95,B,2026,4
3040,S0118,SUB0335,79,B,2026,6
3041,S0904,SUB0218,55,D,2026,4
3042,S0269,SUB0146,91,F,2023,7
3043,S0922,SUB0489,37,A+,2025,3
3044,S0863,SUB0375,57,A+,2023,5
3045,S0973,SUB0051,79,A+,2024,4
3046,S0951,SUB0380,86,C,2023,3
3047,S0474,SUB0020,49,A,2024,6
3048,S0335,SUB0161,64,A+,2023,6
3049,S0893,SUB0397,45,A,2023,2
3050,S0015,SUB0895,46,A+,2022,4
3051,S0814,SUB0684,38,A,2023,7
3052,S0766,SUB0586,60,A+,2026,6
3053,S0863,SUB0141,94,B,2023,5
3054,S0587,SUB0234,65,A+,2024,7
3055,S0552,SUB0409,42,A,2026,7
3056,S0860,SUB0889,70,A+,2022,1
3057,S0047,SUB0129,98,B,2023,2
3058,S0287,SUB0037,63,B+,2023,3
3059,S0093,SUB0593,86,B,2025,6
3060,S0967,SUB0811,82,F,2026,3
3061,S0012,SUB0823,72,F,2024,2
3062,S0270,SUB0946,73,C,2022,6
3063,S0725,SUB0578,63,B+,2022,6
3064,S0708,SUB0308,40,A,2024,3
3065,S0408,SUB0519,90,B,2024,7
3066,S0851,SUB0288,55,A,2023,5
3067,S0850,SUB0748,55,D,2025,3
3068,S0736,SUB0253,53,B,2022,6
3069,S0868,SUB0130,75,B+,2024,1
3070,S0011,SUB0595,71,B,2022,8
3071,S0254,SUB0253,79,A,2023,4
3072,S0118,SUB0075,39,F,2023,1
3073,S0643,SUB0140,62,D,2026,6
3074,S0045,SUB0911,40,D,2024,3
3075,S0324,SUB0345,86,A,2025,8
3076,S0161,SUB0924,67,B,2024,3
3077,S0295,SUB0510,68,F,2024,8
3078,S0823,SUB0327,87,A+,2022,4
3079,S0070,SUB0392,71,A+,2022,6
3080,S0864,SUB0536,77,C,2026,1
3081,S0969,SUB0173,79,F,2023,7
3082,S0213,SUB0855,85,C,2024,2
3083,S0503,SUB0449,94,D,2024,4
3084,S0653,SUB0748,50,A,2023,5
3085,S0624,SUB0876,56,D,2026,2
3086,S0471,SUB0454,47,B,2026,8
3087,S1000,SUB0953,97,B,2025,1
3088,S0598,SUB0160,96,B+,2026,7
3089,S0861,SUB0491,84,D,2024,6
3090,S0371,SUB0762,77,B,2025,4
3091,S0681,SUB0340,55,B+,2025,5
3092,S0709,SUB0422,41,D,2024,2
3093,S0022,SUB0074,86,B+,2022,6
3094,S0820,SUB0209,72,C,2024,6
3095,S0106,SUB0047,38,B+,2024,3
3096,S0601,SUB0864,45,F,2026,6
3097,S0378,SUB0967,95,A+,2026,3
3098,S0980,SUB0840,96,B+,2022,5
3099,S0678,SUB0489,52,A+,2026,7
3100,S0826,SUB0080,87,B+,2023,3
3101,S0587,SUB0638,73,A,2023,6
3102,S0721,SUB0231,92,A,2023,1
3103,S0520,SUB0409,97,C,2022,2
3104,S0736,SUB0063,79,B,2026,6
3105,S0250,SUB0889,90,B,2026,4
3106,S0609,SUB0083,63,C,2026,2
3107,S0210,SUB0064,88,D,2025,8
3108,S0701,SUB0222,93,F,2025,5
3109,S0093,SUB0205,99,A+,2025,5
3110,S0186,SUB0633,82,A,2025,3
3111,S0212,SUB0742,62,A,2024,2
3112,S0501,SUB0214,95,B,2026,7
3113,S0091,SUB0307,40,C,2026,2
3114,S0951,SUB0450,37,A,2024,4
3115,S0714,SUB0317,51,A+,2022,2
3116,S0253,SUB0396,36,D,2022,5
3117,S0987,SUB0679,80,B+,2026,6
3118,S0051,SUB0882,77,B,2025,3
3119,S0701,SUB0425,35,B+,2024,5
3120,S0870,SUB0598,35,F,2023,3
3121,S0850,SUB0484,64,B+,2026,3
3122,S0891,SUB0247,62,B+,2024,3
3123,S0940,SUB0244,83,D,2024,8
3124,S0078,SUB0699,68,A+,2026,2
3125,S0852,SUB0314,91,D,2023,1
3126,S0145,SUB0277,46,F,2025,6
3127,S0176,SUB0054,37,C,2023,1
3128,S0940,SUB0348,57,A+,2022,2
3129,S0950,SUB0439,84,D,2024,5
3130,S0333,SUB0839,64,B+,2026,6
3131,S0992,SUB0698,44,A+,2026,1
3132,S0140,SUB0901,86,A+,2024,8
3133,S0285,SUB0236,62,B,2022,3
3134,S0136,SUB0056,79,C,2026,6
3135,S0338,SUB0405,76,F,2026,3
3136,S0680,SUB0938,66,A+,2026,7
3137,S0845,SUB0914,63,C,2022,8
3138,S0597,SUB0522,74,D,2024,3
3139,S0252,SUB0621,70,B+,2025,8
3140,S0587,SUB0730,51,D,2022,1
3141,S0916,SUB0407,75,B,2026,8
3142,S0858,SUB0119,79,F,2026,2
3143,S0805,SUB0016,87,D,2022,5
3144,S0074,SUB0145,78,A+,2026,2
3145,S0905,SUB0556,96,A+,2024,1
3146,S0298,SUB0799,66,B,2026,3
3147,S0612,SUB0578,61,B,2024,8
3148,S0789,SUB0676,100,C,2024,1
3149,S0352,SUB0172,47,C,2026,3
3150,S0933,SUB0956,83,D,2022,5
3151,S0811,SUB0943,46,D,2024,2
3152,S0716,SUB0145,69,C,2024,3
3153,S0017,SUB0056,71,F,2026,6
3154,S0149,SUB0672,96,D,2022,7
3155,S0397,SUB0399,84,F,2023,1
3156,S0558,SUB0535,75,A,2022,5
3157,S0799,SUB0989,55,A+,2025,7
3158,S0549,SUB0315,76,A,2024,8
3159,S0248,SUB0579,83,B+,2023,8
3160,S0089,SUB0547,37,C,2024,2
3161,S0996,SUB0368,63,B+,2022,4
3162,S0532,SUB0484,38,D,2025,2
3163,S0833,SUB0033,78,D,2024,7
3164,S0772,SUB0988,53,A+,2023,4
3165,S0491,SUB0491,85,B+,2022,2
3166,S0336,SUB0419,65,D,2022,7
3167,S0855,SUB0943,87,A+,2026,5
3168,S0918,SUB0787,80,B+,2022,2
3169,S0253,SUB0602,97,A,2025,6
3170,S0161,SUB0884,100,F,2023,5
3171,S0610,SUB0100,87,B,2023,4
3172,S0146,SUB0150,78,B,2024,4
3173,S0899,SUB0659,66,B+,2022,8
3174,S0253,SUB0165,76,A+,2025,4
3175,S0976,SUB0926,88,D,2022,7
3176,S0731,SUB0563,92,D,2022,3
3177,S0557,SUB0013,82,D,2026,4
3178,S0612,SUB0954,96,A,2026,6
3179,S0351,SUB0827,76,A,2026,7
3180,S0924,SUB0653,82,A,2025,1
3181,S0692,SUB0731,73,C,2023,5
3182,S0166,SUB0795,65,F,2025,7
3183,S0060,SUB0263,58,B+,2022,8
3184,S0355,SUB0649,52,D,2025,2
3185,S0141,SUB0791,91,B+,2026,4
3186,S0409,SUB0767,54,F,2024,6
3187,S0505,SUB0456,72,A,2025,8
3188,S0613,SUB0614,84,D,2023,7
3189,S0766,SUB0119,67,A+,2022,3
3190,S0295,SUB0600,60,A,2026,5
3191,S0803,SUB0319,53,B+,2025,7
3192,S0344,SUB0894,62,C,2023,3
3193,S0242,SUB0567,67,D,2022,1
3194,S0909,SUB0122,61,F,2025,1
3195,S0925,SUB0536,61,D,2026,7
3196,S0733,SUB0789,66,A,2022,7
3197,S0318,SUB0726,77,C,2022,5
3198,S0307,SUB0024,38,B,2025,4
3199,S0812,SUB0364,39,A+,2025,8
3200,S0948,SUB0417,43,B+,2023,5
3201,S0822,SUB0141,92,D,2022,5
3202,S0231,SUB0864,84,B+,2024,4
3203,S0228,SUB0124,45,A,2023,8
3204,S0577,SUB0510,97,A+,2023,8
3205,S0758,SUB0861,35,A,2024,6
3206,S0932,SUB0507,52,C,2025,4
3207,S0170,SUB0138,81,F,2026,1
3208,S0014,SUB0965,41,B+,2023,3
3209,S0126,SUB0184,36,B,2022,5
3210,S0846,SUB0986,76,F,2026,7
3211,S0998,SUB0889,48,C,2024,5
3212,S0236,SUB0795,94,D,2026,7
3213,S0938,SUB0138,77,C,2024,2
3214,S0505,SUB0049,55,D,2022,5
3215,S0150,SUB0584,84,B+,2023,1
3216,S0531,SUB0283,99,B,2023,2
3217,S0526,SUB0633,51,A,2026,8
3218,S0432,SUB0007,59,A,2022,6
3219,S0035,SUB0594,60,A,2024,7
3220,S0441,SUB0792,66,B+,2025,6
3221,S0797,SUB0832,88,B+,2026,1
3222,S0484,SUB0824,63,C,2024,1
3223,S0698,SUB0935,100,A,2026,6
3224,S0609,SUB0305,46,B,2023,8
3225,S0758,SUB0259,58,A,2026,3
3226,S0822,SUB0734,72,A+,2026,6
3227,S0221,SUB0970,92,D,2022,6
3228,S0256,SUB0571,93,C,2025,5
3229,S0151,SUB0089,94,B,2023,8
3230,S0684,SUB0327,50,B+,2026,3
3231,S0211,SUB0784,71,F,2023,5
3232,S0581,SUB0945,35,A,2023,1
3233,S0660,SUB0066,47,D,2025,8
3234,S0072,SUB0382,61,B,2022,4
3235,S0023,SUB0140,91,B,2023,4
3236,S0440,SUB0116,97,A+,2023,3
3237,S0449,SUB0488,60,A,2026,3
3238,S0045,SUB0747,82,A,2025,6
3239,S0750,SUB0381,54,A,2025,5
3240,S0303,SUB0390,94,F,2022,8
3241,S0679,SUB0898,40,D,2026,2
3242,S0137,SUB0457,93,F,2026,5
3243,S0923,SUB0993,36,B+,2022,7
3244,S0580,SUB0816,87,A,2026,6
3245,S0844,SUB0028,67,F,2022,1
3246,S0565,SUB0493,75,A,2025,5
3247,S0471,SUB0650,91,B+,2026,7
3248,S0932,SUB0559,72,C,2026,8
3249,S0648,SUB0946,59,A,2026,2
3250,S0065,SUB0446,81,B+,2022,3
3251,S0631,SUB0374,62,C,2026,8
3252,S0033,SUB0913,44,A,2022,3
3253,S0495,SUB0249,56,C,2024,1
3254,S0031,SUB0487,69,B,2022,5
3255,S0714,SUB0423,65,A,2024,6
3256,S0902,SUB0933,44,F,2022,3
3257,S0421,SUB0343,73,B,2023,1
3258,S0026,SUB0279,98,D,2023,8
3259,S0362,SUB0062,79,D,2022,1
3260,S0958,SUB0038,95,A+,2022,2
3261,S0683,SUB0639,51,A,2024,8
3262,S0531,SUB0915,60,F,2025,6
3263,S0973,SUB0680,90,B+,2025,5
3264,S0071,SUB0706,78,D,2025,4
3265,S0019,SUB0607,37,A+,2026,4
3266,S0465,SUB0444,81,B,2022,1
3267,S0611,SUB0538,35,A+,2024,7
3268,S0666,SUB0557,46,F,2026,2
3269,S0471,SUB0728,81,A,2024,2
3270,S0178,SUB0002,82,A+,2026,8
3271,S0438,SUB0989,37,B,2023,1
3272,S0938,SUB0485,45,A,2022,6
3273,S0607,SUB0503,50,A,2023,7
3274,S0104,SUB0746,69,A+,2026,6
3275,S0182,SUB0717,70,A+,2026,6
3276,S0097,SUB0176,52,D,2023,3
3277,S0316,SUB0750,96,D,2023,8
3278,S0190,SUB0554,82,C,2024,8
3279,S0066,SUB0181,83,B,2023,7
3280,S0451,SUB0427,47,F,2025,2
3281,S0016,SUB0077,73,D,2022,8
3282,S0620,SUB0745,96,D,2026,6
3283,S0991,SUB0468,53,B+,2023,6
3284,S0819,SUB0109,80,A,2026,2
3285,S0120,SUB0113,50,A+,2023,1
3286,S0791,SUB0565,60,B+,2026,3
3287,S0733,SUB0656,46,B+,2024,6
3288,S0306,SUB0135,35,D,2023,6
3289,S0424,SUB0524,69,D,2025,4
3290,S0510,SUB0107,91,A+,2023,5
3291,S0241,SUB0743,36,C,2026,3
3292,S0171,SUB0542,44,F,2022,2
3293,S0393,SUB0323,100,B+,2022,5
3294,S0260,SUB0318,44,B+,2025,4
3295,S0015,SUB0063,97,F,2024,6
3296,S0686,SUB0577,58,B,2026,4
3297,S0299,SUB0756,73,A+,2022,2
3298,S0051,SUB0130,95,F,2025,5
3299,S0448,SUB0879,100,A+,2022,1
3300,S0633,SUB0044,43,C,2026,4
3301,S0493,SUB0689,69,A,2022,6
3302,S0548,SUB0254,59,D,2022,8
3303,S0438,SUB0341,83,A,2023,3
3304,S0448,SUB0494,61,B,2024,2
3305,S0078,SUB0208,63,D,2022,3
3306,S0034,SUB0500,55,B,2024,1
3307,S0958,SUB0422,100,C,2023,4
3308,S0352,SUB0078,69,A+,2026,5
3309,S0942,SUB0360,78,D,2026,3
3310,S0738,SUB0183,90,F,2026,3
3311,S0941,SUB0142,44,D,2023,5
3312,S0412,SUB0972,80,B,2022,5
3313,S0058,SUB0720,80,A+,2022,4
3314,S0654,SUB0877,65,D,2026,5
3315,S0859,SUB0755,94,B+,2022,6
3316,S0605,SUB0897,56,B+,2026,6
3317,S0241,SUB0969,55,B+,2024,8
3318,S0748,SUB0477,80,A,2022,4
3319,S0132,SUB0051,95,B,2023,4
3320,S0843,SUB0712,57,A+,2024,1
3321,S0937,SUB0201,54,F,2026,3
3322,S0505,SUB0366,41,A,2026,7
3323,S0573,SUB0907,42,D,2023,3
3324,S0504,SUB0433,64,D,2022,6
3325,S0607,SUB0862,41,C,2026,8
3326,S0404,SUB0147,49,B,2025,2
3327,S0380,SUB0613,56,A,2025,5
3328,S0366,SUB0611,71,D,2023,5
3329,S0802,SUB0016,55,A,2025,5
3330,S0838,SUB0355,90,F,2023,2
3331,S0274,SUB0676,37,F,2024,5
3332,S0858,SUB0790,98,B,2023,4
3333,S0833,SUB0286,80,F,2025,2
3334,S0354,SUB0579,64,A+,2025,2
3335,S0134,SUB0060,95,A+,2025,8
3336,S0702,SUB0356,76,A+,2024,4
3337,S0848,SUB0009,60,C,2023,5
3338,S0972,SUB0825,48,C,2023,3
3339,S0782,SUB0907,82,A,2026,7
3340,S0574,SUB0554,93,A,2026,7
3341,S0808,SUB0061,56,C,2025,6
3342,S0708,SUB0940,37,B+,2025,4
3343,S0548,SUB0205,40,A+,2025,4
3344,S0320,SUB0661,65,D,2022,2
3345,S0084,SUB0677,48,A+,2026,2
3346,S0461,SUB0672,91,B+,2024,4
3347,S0212,SUB0250,87,F,2023,7
3348,S0733,SUB0946,76,B+,2023,7
3349,S0683,SUB0206,56,A,2026,4
3350,S0019,SUB0761,59,D,2024,4
3351,S0496,SUB0117,92,F,2022,6
3352,S0621,SUB0965,52,F,2024,5
3353,S0490,SUB0477,68,B+,2024,2
3354,S0882,SUB0021,53,D,2022,2
3355,S0771,SUB0052,76,B+,2026,7
3356,S0892,SUB0063,42,C,2026,1
3357,S0366,SUB0321,55,C,2024,3
3358,S0923,SUB0961,91,D,2024,2
3359,S0316,SUB0509,97,A,2026,2
3360,S0099,SUB0594,73,F,2023,8
3361,S0706,SUB0547,95,B+,2026,2
3362,S0378,SUB0688,49,A+,2025,4
3363,S0989,SUB0145,85,B+,2024,5
3364,S0856,SUB0879,90,A+,2023,1
3365,S0764,SUB0777,97,F,2024,7
3366,S0313,SUB0466,39,D,2025,5
3367,S0591,SUB0318,62,B+,2025,5
3368,S0784,SUB0145,75,C,2025,1
3369,S0775,SUB0171,50,A,2026,3
3370,S0751,SUB0768,68,A+,2024,2
3371,S0592,SUB0691,74,A,2026,2
3372,S0083,SUB0677,98,B+,2026,1
3373,S0426,SUB0129,51,A+,2026,6
3374,S0789,SUB0115,44,F,2025,6
3375,S0288,SUB0233,49,B+,2023,1
3376,S0040,SUB0517,68,B,2026,3
3377,S0689,SUB0258,69,A,2026,8
3378,S0467,SUB0033,41,F,2026,5
3379,S0592,SUB0679,75,C,2024,6
3380,S0919,SUB0610,46,A+,2022,4
3381,S0307,SUB0966,61,D,2023,3
3382,S0849,SUB0877,81,B+,2025,8
3383,S0185,SUB0051,71,D,2023,5
3384,S0490,SUB0404,36,A,2025,6
3385,S0464,SUB0686,37,A+,2022,8
3386,S0542,SUB0342,53,B+,2024,7
3387,S0702,SUB0955,43,B+,2023,8
3388,S0533,SUB0181,80,B,2026,6
3389,S0844,SUB0562,55,B+,2023,7
3390,S0139,SUB0658,74,A+,2022,6
3391,S0056,SUB0874,71,B,2023,8
3392,S0223,SUB0394,44,D,2023,8
3393,S0294,SUB0613,45,A,2026,3
3394,S0839,SUB0067,59,A+,2026,1
3395,S0851,SUB0948,86,B+,2024,6
3396,S0191,SUB0883,83,D,2024,4
3397,S0971,SUB0492,80,F,2023,5
3398,S0768,SUB0930,43,A+,2025,2
3399,S0427,SUB0602,37,A,2025,1
3400,S0391,SUB0895,92,C,2023,3
3401,S0465,SUB0375,100,A,2026,8
3402,S0079,SUB0911,89,A+,2024,6
3403,S0241,SUB0604,96,B+,2025,5
3404,S0404,SUB0891,38,B,2023,1
3405,S0351,SUB0424,82,B+,2025,5
3406,S0795,SUB0667,38,A+,2022,5
3407,S0064,SUB0193,95,F,2022,7
3408,S0964,SUB0354,38,A,2024,4
3409,S0302,SUB0191,42,B+,2025,6
3410,S0843,SUB0051,98,B+,2022,7
3411,S0002,SUB0491,70,B+,2022,5
3412,S0363,SUB0506,76,A+,2025,1
3413,S0046,SUB0089,68,A,2025,5
3414,S0745,SUB0140,88,C,2026,6
3415,S0772,SUB0750,45,B+,2024,2
3416,S0055,SUB0323,74,A,2026,6
3417,S0933,SUB0242,94,A+,2026,4
3418,S0769,SUB0813,80,B,2026,1
3419,S0016,SUB0137,61,C,2024,4
3420,S0367,SUB0467,55,A,2022,4
3421,S0518,SUB0794,49,A,2022,6
3422,S0866,SUB0932,92,B+,2023,8
3423,S0535,SUB0459,46,B+,2025,1
3424,S0521,SUB0277,65,A,2026,1
3425,S0693,SUB0993,43,A+,2022,2
3426,S0781,SUB0441,95,B+,2024,6
3427,S0915,SUB0559,71,D,2023,5
3428,S0265,SUB0655,73,A,2023,8
3429,S0535,SUB0613,86,B,2022,5
3430,S0316,SUB0068,92,B,2025,7
3431,S0899,SUB0071,48,C,2023,7
3432,S0631,SUB0009,52,B+,2024,2
3433,S0496,SUB0376,49,B+,2023,1
3434,S0636,SUB0022,75,B,2024,8
3435,S0596,SUB0313,100,B,2026,1
3436,S0089,SUB0518,67,D,2022,5
3437,S0771,SUB0017,42,F,2024,4
3438,S0310,SUB0272,48,C,2024,4
3439,S0483,SUB0589,63,A+,2024,7
3440,S0966,SUB0014,80,B+,2023,1
3441,S0595,SUB0762,55,A,2026,8
3442,S0516,SUB0800,63,B,2023,4
3443,S0076,SUB0570,67,A+,2023,6
3444,S0368,SUB0419,79,A,2022,3
3445,S0909,SUB0140,79,C,2026,3
3446,S0182,SUB0073,57,A+,2023,2
3447,S0078,SUB0447,55,A+,2025,5
3448,S0049,SUB0498,89,F,2024,6
3449,S0765,SUB0202,42,A,2024,3
3450,S0551,SUB0131,57,F,2024,7
3451,S0541,SUB0490,67,A,2022,8
3452,S0991,SUB0625,73,C,2024,4
3453,S0926,SUB0621,75,F,2026,6
3454,S0371,SUB0661,79,B,2026,4
3455,S0214,SUB0083,82,F,2022,1
3456,S0146,SUB0049,42,B+,2026,1
3457,S0784,SUB0830,41,B+,2022,1
3458,S0188,SUB0624,57,C,2025,4
3459,S0765,SUB0377,61,F,2026,6
3460,S0946,SUB0176,63,F,2024,2
3461,S0390,SUB0929,68,A,2026,8
3462,S0841,SUB0923,43,A+,2023,5
3463,S0175,SUB0322,60,C,2026,1
3464,S0997,SUB0989,49,C,2022,3
3465,S0921,SUB0607,80,B,2022,7
3466,S0393,SUB0503,48,A+,2025,7
3467,S0359,SUB0120,81,A+,2026,1
3468,S0313,SUB0769,70,A+,2023,7
3469,S0379,SUB0036,36,A+,2022,3
3470,S0271,SUB0267,72,D,2022,8
3471,S0672,SUB0499,72,A+,2023,6
3472,S0036,SUB0796,89,D,2026,8
3473,S0005,SUB0345,46,F,2026,1
3474,S0667,SUB0740,50,A,2026,6
3475,S0339,SUB0879,39,F,2025,1
3476,S0157,SUB0044,53,D,2024,1
3477,S0217,SUB0129,57,D,2026,6
3478,S0221,SUB0214,63,A+,2025,3
3479,S0778,SUB0845,40,B,2026,8
3480,S0750,SUB0110,83,B+,2025,1
3481,S0143,SUB0835,81,D,2023,2
3482,S0492,SUB0120,78,F,2023,5
3483,S0062,SUB0923,68,C,2022,8
3484,S0062,SUB0306,57,F,2023,8
3485,S0812,SUB0924,93,B+,2022,3
3486,S0040,SUB0433,84,B,2022,1
3487,S0267,SUB0192,38,F,2022,8
3488,S0429,SUB0996,47,A,2022,7
3489,S0866,SUB0569,80,A+,2025,3
3490,S0738,SUB0693,74,C,2023,2
3491,S0530,SUB0284,44,F,2025,3
3492,S0563,SUB0691,50,D,2022,7
3493,S0036,SUB0606,57,F,2026,6
3494,S0828,SUB0224,37,A+,2022,4
3495,S0408,SUB0327,71,A+,2026,5
3496,S0013,SUB0194,52,D,2023,4
3497,S0691,SUB0231,70,F,2022,3
3498,S0166,SUB0655,68,D,2024,1
3499,S0383,SUB0484,42,C,2025,6
3500,S0735,SUB0909,94,D,2023,7
3501,S0322,SUB0033,60,D,2023,1
3502,S0902,SUB0024,36,B+,2023,5
3503,S0947,SUB0321,96,A,2024,7
3504,S0247,SUB0436,83,D,2022,1
3505,S0340,SUB0327,67,F,2026,6
3506,S0772,SUB0104,55,D,2024,7
3507,S0943,SUB0806,37,D,2026,2
3508,S0915,SUB0415,59,C,2022,8
3509,S0150,SUB0233,35,F,2023,8
3510,S0336,SUB0901,40,A+,2023,7
3511,S0009,SUB0781,98,A,2024,1
3512,S0752,SUB0737,36,D,2025,8
3513,S0337,SUB0255,81,B,2023,2
3514,S0641,SUB0897,59,B+,2022,7
3515,S0746,SUB0324,74,A+,2022,7
3516,S0934,SUB0372,40,C,2022,3
3517,S0333,SUB0559,95,A+,2023,1
3518,S0205,SUB0094,52,F,2022,2
3519,S0605,SUB0341,90,F,2024,5
3520,S0990,SUB0180,78,C,2022,7
3521,S0273,SUB0443,51,D,2025,1
3522,S0570,SUB0089,45,D,2022,3
3523,S0273,SUB0715,86,F,2026,4
3524,S0825,SUB0612,78,D,2026,1
3525,S0934,SUB0751,97,F,2022,1
3526,S0761,SUB0409,87,A+,2023,8
3527,S0478,SUB0450,93,A,2024,7
3528,S0324,SUB0500,69,C,2022,2
3529,S0554,SUB0269,81,D,2024,1
3530,S0661,SUB0210,79,A+,2026,3
3531,S0161,SUB0948,81,D,2022,1
3532,S0035,SUB0275,60,B+,2022,1
3533,S0459,SUB0016,40,C,2022,6
3534,S0602,SUB0018,62,B+,2026,4
3535,S0323,SUB0891,75,A,2025,1
3536,S0828,SUB0369,40,D,2025,8
3537,S0430,SUB0026,60,B,2022,8
3538,S0647,SUB0516,47,C,2022,3
3539,S0479,SUB0707,93,C,2022,8
3540,S0035,SUB0413,83,A,2026,2
3541,S0700,SUB0440,66,B+,2022,8
3542,S0539,SUB0345,44,D,2026,5
3543,S0763,SUB0348,49,C,2023,7
3544,S0463,SUB0163,43,A+,2024,2
3545,S0554,SUB0616,98,B+,2024,3
3546,S0698,SUB0052,89,A,2026,1
3547,S0842,SUB0110,55,B,2022,1
3548,S0082,SUB0659,48,D,2026,8
3549,S0602,SUB0518,85,A,2026,4
3550,S0999,SUB0024,85,D,2024,2
3551,S0505,SUB0679,46,D,2022,5
3552,S0118,SUB0877,40,A+,2026,2
3553,S0093,SUB0063,83,B+,2023,8
3554,S0721,SUB0094,84,B,2026,3
3555,S0542,SUB0222,78,C,2023,4
3556,S0654,SUB0884,84,C,2024,7
3557,S0550,SUB0047,88,A+,2022,2
3558,S0579,SUB0456,96,A,2025,6
3559,S0152,SUB0604,75,B,2023,1
3560,S0664,SUB0543,76,A,2023,7
3561,S0068,SUB0853,55,B,2025,6
3562,S0283,SUB0680,43,A+,2025,5
3563,S0352,SUB0899,87,B,2024,2
3564,S0816,SUB0077,65,C,2026,1
3565,S0078,SUB0765,100,D,2024,5
3566,S0583,SUB0436,65,A,2023,6
3567,S0676,SUB0004,90,A,2022,3
3568,S0385,SUB0185,73,B,2023,5
3569,S0016,SUB0053,95,A+,2025,4
3570,S0428,SUB0829,58,B,2025,6
3571,S0427,SUB0189,85,D,2024,4
3572,S0405,SUB0668,35,A,2024,2
3573,S0072,SUB0950,55,B,2025,4
3574,S0421,SUB0878,52,D,2026,6
3575,S0121,SUB0866,35,B+,2024,4
3576,S0155,SUB0331,62,D,2022,4
3577,S0041,SUB0622,65,A,2024,7
3578,S0656,SUB0990,41,C,2026,5
3579,S0204,SUB0708,38,A+,2026,1
3580,S0186,SUB0016,62,B,2026,4
3581,S0033,SUB0390,75,B,2024,4
3582,S0094,SUB0950,38,A+,2025,1
3583,S0659,SUB0952,76,C,2022,6
3584,S0296,SUB0111,47,C,2026,6
3585,S0755,SUB0088,64,B,2024,2
3586,S0826,SUB0444,79,C,2026,2
3587,S0019,SUB0176,44,C,2026,3
3588,S0964,SUB0902,62,B,2025,8
3589,S0103,SUB0420,98,B+,2022,3
3590,S0363,SUB0429,48,A,2026,8
3591,S0367,SUB0420,78,B,2026,7
3592,S0640,SUB0362,45,D,2026,7
3593,S0579,SUB0414,85,B,2022,7
3594,S0506,SUB0138,59,F,2026,3
3595,S0248,SUB0970,40,A,2023,5
3596,S0512,SUB0660,39,F,2024,6
3597,S0172,SUB0317,57,B,2026,5
3598,S0235,SUB0483,41,F,2026,3
3599,S0900,SUB0018,72,F,2026,8
3600,S0646,SUB0160,73,A,2022,1
3601,S0938,SUB0240,92,B,2024,8
3602,S0386,SUB0685,42,A,2023,8
3603,S0413,SUB0390,84,B,2024,2
3604,S0394,SUB0056,55,B,2026,3
3605,S0551,SUB0520,46,F,2023,2
3606,S0738,SUB0872,67,B+,2026,6
3607,S0121,SUB0958,90,C,2024,5
3608,S0010,SUB0904,42,B+,2024,7
3609,S0290,SUB0233,86,A+,2023,6
3610,S0411,SUB0790,58,A+,2022,7
3611,S0847,SUB0905,92,D,2026,4
3612,S0467,SUB0363,69,C,2025,2
3613,S0649,SUB0895,76,A+,2025,7
3614,S0777,SUB0922,79,D,2024,5
3615,S0751,SUB0301,41,A+,2022,3
3616,S0235,SUB0044,83,B,2025,1
3617,S0549,SUB0369,65,A,2023,2
3618,S0216,SUB0678,42,C,2023,6
3619,S0230,SUB0495,48,A,2025,6
3620,S0603,SUB0937,95,F,2025,7
3621,S0282,SUB0904,72,F,2024,1
3622,S0196,SUB0751,77,B+,2025,5
3623,S0422,SUB0305,62,B,2024,1
3624,S0152,SUB0405,42,A,2025,7
3625,S0257,SUB0519,77,A+,2022,3
3626,S0276,SUB0293,70,B,2025,6
3627,S0979,SUB0798,87,D,2026,3
3628,S0463,SUB0287,90,A+,2026,6
3629,S0905,SUB0913,53,B+,2022,2
3630,S0228,SUB0217,54,F,2022,2
3631,S0656,SUB0598,74,F,2024,5
3632,S0259,SUB0633,64,A+,2026,7
3633,S0128,SUB0497,60,C,2023,4
3634,S0538,SUB0609,61,C,2023,6
3635,S0239,SUB0906,54,C,2025,4
3636,S0246,SUB0875,43,C,2023,7
3637,S0814,SUB0814,65,F,2022,3
3638,S0695,SUB0731,58,B+,2023,3
3639,S0132,SUB0839,81,A+,2026,8
3640,S0103,SUB0414,74,D,2022,2
3641,S0031,SUB0267,93,D,2026,8
3642,S0864,SUB0797,56,D,2025,6
3643,S0520,SUB0123,79,A,2023,1
3644,S0503,SUB0123,39,B+,2024,1
3645,S0945,SUB0882,77,C,2024,5
3646,S0561,SUB0768,59,B+,2024,1
3647,S0928,SUB0115,94,B+,2022,1
3648,S0267,SUB0845,42,C,2025,4
3649,S0507,SUB0870,93,B,2026,7
3650,S0020,SUB0999,62,F,2022,4
3651,S0659,SUB0702,42,A+,2025,7
3652,S0446,SUB0610,94,F,2023,6
3653,S0806,SUB0036,92,B+,2024,8
3654,S0965,SUB0632,40,F,2026,2
3655,S0272,SUB0958,48,F,2026,5
3656,S0845,SUB0056,59,F,2023,4
3657,S0775,SUB0026,92,A,2025,7
3658,S0929,SUB0991,61,A,2025,5
3659,S0664,SUB0437,60,C,2022,1
3660,S0652,SUB0427,69,C,2025,1
3661,S0154,SUB0160,81,F,2026,5
3662,S0052,SUB0535,69,B+,2022,7
3663,S0970,SUB0197,48,C,2022,1
3664,S0305,SUB0838,72,C,2025,4
3665,S0253,SUB0645,51,D,2024,3
3666,S0198,SUB0926,57,D,2026,8
3667,S0397,SUB0754,55,B+,2023,7
3668,S0219,SUB0324,37,F,2023,5
3669,S0167,SUB0230,44,D,2025,8
3670,S0512,SUB0884,93,B+,2024,1
3671,S0364,SUB0029,66,B+,2026,3
3672,S0200,SUB0150,57,B,2026,1
3673,S0798,SUB0510,60,F,2023,5
3674,S0231,SUB0604,81,C,2026,6
3675,S0495,SUB0974,69,A+,2022,2
3676,S0560,SUB0755,83,C,2023,3
3677,S0552,SUB0590,80,C,2024,7
3678,S0898,SUB0173,54,A+,2025,1
3679,S0489,SUB0717,43,A+,2026,5
3680,S0876,SUB0961,65,A,2026,8
3681,S0811,SUB0073,68,A,2024,8
3682,S0238,SUB0941,99,F,2024,7
3683,S0250,SUB0735,82,B,2026,1
3684,S0310,SUB0982,56,A,2024,5
3685,S0317,SUB0285,35,B,2022,1
3686,S0216,SUB0076,62,A+,2025,6
3687,S0928,SUB0078,72,B+,2022,1
3688,S0142,SUB0160,59,A+,2024,7
3689,S0030,SUB0248,83,B+,2022,7
3690,S0626,SUB0049,41,B,2023,8
3691,S0513,SUB0648,60,A,2026,8
3692,S0869,SUB0151,56,B,2024,4
3693,S0045,SUB0478,94,C,2026,3
3694,S0650,SUB0859,44,A,2022,8
3695,S0316,SUB0997,67,C,2023,6
3696,S0604,SUB0573,55,A+,2025,7
3697,S0259,SUB0211,60,B,2026,6
3698,S0707,SUB0937,58,B,2023,1
3699,S0520,SUB0403,37,B+,2022,1
3700,S0661,SUB0894,60,B+,2024,4
3701,S0720,SUB0278,66,F,2025,7
3702,S0014,SUB0969,59,D,2023,8
3703,S0179,SUB0499,85,F,2025,2
3704,S0031,SUB0316,69,A+,2024,6
3705,S0350,SUB0228,71,F,2024,5
3706,S0769,SUB0971,53,A+,2022,1
3707,S0883,SUB0784,96,A+,2024,2
3708,S0039,SUB0357,76,C,2023,7
3709,S0303,SUB0957,97,D,2026,3
3710,S0035,SUB0223,48,B,2022,8
3711,S0867,SUB0882,95,D,2023,3
3712,S0002,SUB0588,48,F,2025,4
3713,S0192,SUB0644,61,A,2024,8
3714,S0959,SUB0612,98,B,2023,3
3715,S0770,SUB0206,43,A,2023,1
3716,S0145,SUB0393,55,D,2025,6
3717,S0565,SUB0440,58,F,2024,4
3718,S0594,SUB0092,87,F,2023,5
3719,S0132,SUB0086,48,B+,2022,1
3720,S0160,SUB0084,90,F,2023,7
3721,S0854,SUB0028,60,A,2026,2
3722,S0708,SUB0202,60,A+,2026,7
3723,S0426,SUB0369,69,C,2022,2
3724,S0865,SUB0609,90,A+,2022,5
3725,S0425,SUB0147,59,C,2025,1
3726,S0046,SUB0058,36,C,2024,5
3727,S0325,SUB0534,61,C,2025,1
3728,S0191,SUB0076,71,C,2026,5
3729,S0806,SUB0947,74,B,2023,7
3730,S0908,SUB0961,42,B,2026,5
3731,S0507,SUB0636,75,B,2023,5
3732,S0616,SUB0287,97,D,2024,8
3733,S0885,SUB0044,94,D,2024,7
3734,S0612,SUB0447,71,F,2026,8
3735,S0387,SUB0204,86,B+,2024,6
3736,S0846,SUB0573,95,A,2026,5
3737,S0236,SUB0120,63,B+,2024,7
3738,S0939,SUB0296,98,B,2026,6
3739,S0474,SUB0210,49,D,2026,8
3740,S0272,SUB0029,83,F,2026,3
3741,S0528,SUB0864,70,A,2023,1
3742,S0834,SUB0968,94,D,2026,5
3743,S0177,SUB0513,85,D,2022,4
3744,S0003,SUB0850,83,C,2023,5
3745,S0569,SUB0768,83,A+,2025,1
3746,S0490,SUB0571,48,D,2025,3
3747,S0126,SUB0134,51,B,2022,8
3748,S0212,SUB0455,87,A,2026,2
3749,S0966,SUB0565,73,B+,2024,8
3750,S0541,SUB0481,55,F,2024,5
3751,S0053,SUB0397,92,B+,2023,1
3752,S0583,SUB0599,49,D,2025,1
3753,S0042,SUB0400,85,C,2022,7
3754,S0865,SUB0585,63,C,2024,4
3755,S0165,SUB0679,100,D,2023,2
3756,S0390,SUB0772,82,D,2026,8
3757,S0643,SUB0954,97,B+,2023,7
3758,S0843,SUB0028,98,A,2025,3
3759,S0317,SUB0988,47,F,2025,8
3760,S0328,SUB0917,86,A,2023,5
3761,S0154,SUB0350,36,B,2026,6
3762,S0503,SUB0569,94,B+,2022,3
3763,S0251,SUB0646,91,F,2022,8
3764,S0744,SUB0737,37,A,2023,8
3765,S0920,SUB0165,48,A+,2026,2
3766,S0907,SUB0806,52,A+,2023,1
3767,S0430,SUB0225,90,A,2022,3
3768,S0109,SUB0295,41,A,2025,2
3769,S0946,SUB0763,52,F,2026,2
3770,S0547,SUB0239,39,A+,2025,8
3771,S0079,SUB0162,47,A,2024,4
3772,S0738,SUB0341,95,A+,2022,4
3773,S0594,SUB0728,78,F,2025,5
3774,S0375,SUB0216,84,A,2023,4
3775,S0517,SUB0234,71,A+,2026,1
3776,S0723,SUB0224,94,A,2023,3
3777,S0136,SUB0853,55,A,2023,8
3778,S0010,SUB0500,99,C,2023,6
3779,S0070,SUB0213,35,C,2024,2
3780,S0003,SUB0879,75,B+,2024,4
3781,S0532,SUB0213,77,B,2022,1
3782,S0417,SUB0830,71,B,2025,7
3783,S0055,SUB0238,83,B+,2026,6
3784,S0973,SUB0637,52,D,2025,5
3785,S0231,SUB0313,55,A+,2025,1
3786,S0566,SUB0517,85,F,2026,3
3787,S0362,SUB0875,64,B,2023,4
3788,S0685,SUB0641,78,F,2022,3
3789,S0955,SUB0645,67,B,2025,2
3790,S0837,SUB0309,66,A,2023,1
3791,S0873,SUB0534,43,D,2024,2
3792,S0502,SUB0718,91,F,2026,2
3793,S0186,SUB0476,43,B,2022,7
3794,S0604,SUB0304,75,D,2024,1
3795,S0708,SUB0731,86,F,2022,7
3796,S0026,SUB0724,44,B,2023,2
3797,S0508,SUB0427,62,A,2025,4
3798,S0798,SUB0958,73,C,2024,7
3799,S0084,SUB0143,48,B,2023,3
3800,S0502,SUB0217,60,B+,2025,2
3801,S0319,SUB0364,99,A+,2025,1
3802,S0790,SUB0156,81,C,2026,6
3803,S0480,SUB0479,76,A,2025,8
3804,S0384,SUB0848,67,B+,2023,2
3805,S0883,SUB0193,77,C,2024,4
3806,S0291,SUB0322,51,D,2023,5
3807,S0431,SUB0011,85,B+,2024,7
3808,S0692,SUB0584,86,A,2023,4
3809,S0670,SUB0320,73,B+,2025,5
3810,S0182,SUB0314,72,D,2025,6
3811,S0280,SUB0381,83,B+,2025,4
3812,S0597,SUB0251,54,B,2025,6
3813,S0435,SUB0118,74,B,2022,2
3814,S0898,SUB0513,36,B+,2022,4
3815,S0263,SUB0867,42,B,2023,2
3816,S0177,SUB0297,77,B+,2024,5
3817,S0705,SUB0023,100,A,2022,7
3818,S0245,SUB0751,52,C,2022,4
3819,S0491,SUB0393,38,C,2023,5
3820,S0107,SUB0986,95,B,2022,3
3821,S0840,SUB0940,58,A+,2023,4
3822,S0876,SUB0364,73,A,2023,8
3823,S0890,SUB0328,72,A,2022,6
3824,S0910,SUB0596,46,B,2026,2
3825,S0547,SUB0054,92,C,2022,2
3826,S0965,SUB0429,97,C,2025,2
3827,S0287,SUB0719,70,A,2026,2
3828,S0210,SUB0065,35,B+,2025,1
3829,S0892,SUB0474,53,B,2024,8
3830,S0605,SUB0240,59,B,2023,5
3831,S0625,SUB0133,60,D,2024,1
3832,S0424,SUB0160,96,D,2022,3
3833,S0274,SUB0482,54,B+,2023,4
3834,S0136,SUB0983,90,A+,2025,1
3835,S0386,SUB0847,81,B,2024,3
3836,S0277,SUB0615,100,B+,2022,5
3837,S0296,SUB0271,90,C,2023,7
3838,S0476,SUB0916,75,A+,2026,4
3839,S0149,SUB0714,52,A,2022,1
3840,S0532,SUB0818,45,A+,2022,5
3841,S0270,SUB0368,67,B+,2023,6
3842,S0396,SUB0563,92,B+,2026,8
3843,S0240,SUB0397,68,B+,2026,1
3844,S0898,SUB0762,98,F,2026,5
3845,S0191,SUB0001,59,D,2022,5
3846,S0030,SUB0370,98,C,2024,1
3847,S0089,SUB0475,41,D,2024,4
3848,S0198,SUB0746,77,F,2024,1
3849,S0186,SUB0044,86,B+,2026,1
3850,S0552,SUB0878,40,C,2023,8
3851,S0594,SUB0785,58,B+,2025,3
3852,S0579,SUB0822,98,F,2026,8
3853,S0125,SUB0099,71,B,2026,6
3854,S0695,SUB0085,93,F,2025,2
3855,S0544,SUB0747,92,B+,2026,1
3856,S0830,SUB0407,72,F,2022,2
3857,S0251,SUB0188,68,B,2025,8
3858,S0914,SUB0626,54,A+,2024,7
3859,S0666,SUB0113,75,F,2023,5
3860,S0284,SUB0722,57,A+,2025,8
3861,S0301,SUB0290,35,F,2026,6
3862,S0335,SUB0286,95,A+,2025,8
3863,S0604,SUB0557,79,B+,2022,7
3864,S0691,SUB0195,60,D,2026,4
3865,S0354,SUB0167,55,C,2026,1
3866,S0799,SUB0140,61,B,2025,3
3867,S0289,SUB0429,89,B,2023,5
3868,S0518,SUB0352,77,B+,2023,6
3869,S0994,SUB0485,95,A+,2024,1
3870,S0835,SUB0940,76,A,2023,3
3871,S0200,SUB0758,48,B,2026,7
3872,S0909,SUB0452,54,D,2025,5
3873,S0564,SUB0043,82,A,2022,2
3874,S0036,SUB0275,93,A+,2026,2
3875,S0710,SUB0090,65,B,2022,4
3876,S0888,SUB0310,53,A,2022,6
3877,S0003,SUB0916,69,D,2024,5
3878,S0314,SUB0982,74,A+,2022,1
3879,S0987,SUB0057,72,A,2023,2
3880,S0609,SUB0541,45,F,2022,6
3881,S0584,SUB0747,36,D,2025,8
3882,S0769,SUB0242,71,F,2023,7
3883,S0754,SUB0578,35,B+,2026,7
3884,S0356,SUB0013,57,B+,2026,2
3885,S0430,SUB0218,67,C,2022,8
3886,S0126,SUB0021,40,A+,2024,1
3887,S0502,SUB0329,83,A+,2025,1
3888,S0188,SUB0405,72,A+,2025,4
3889,S0389,SUB0054,47,A,2024,3
3890,S0782,SUB0543,54,B+,2022,1
3891,S0418,SUB0712,96,D,2022,7
3892,S0533,SUB0017,88,D,2026,2
3893,S0596,SUB0047,89,A+,2022,5
3894,S0929,SUB0912,74,F,2026,2
3895,S0750,SUB0450,72,B,2025,7
3896,S0386,SUB0104,86,D,2023,2
3897,S0341,SUB0138,85,F,2025,2
3898,S0694,SUB0269,46,B,2023,2
3899,S0780,SUB0751,64,F,2022,3
3900,S0819,SUB0220,71,B,2024,7
3901,S0911,SUB0310,50,D,2026,2
3902,S0430,SUB0784,52,B,2022,8
3903,S0189,SUB0466,95,F,2023,6
3904,S0371,SUB0465,96,F,2024,3
3905,S0435,SUB0173,81,D,2023,2
3906,S0094,SUB0009,69,B,2022,3
3907,S0048,SUB0319,52,A,2022,2
3908,S0761,SUB0372,91,C,2022,8
3909,S0688,SUB0554,87,A,2023,5
3910,S0316,SUB0637,87,D,2022,3
3911,S0561,SUB0004,56,B+,2023,8
3912,S0668,SUB0237,76,B+,2026,7
3913,S0320,SUB0502,80,A,2026,4
3914,S0380,SUB0732,87,B,2025,4
3915,S0441,SUB0761,43,B,2023,4
3916,S0834,SUB0567,100,F,2025,4
3917,S0219,SUB0740,84,D,2025,1
3918,S0919,SUB0209,75,C,2026,8
3919,S0722,SUB0526,55,D,2023,2
3920,S0280,SUB0740,62,D,2024,1
3921,S0518,SUB0429,38,F,2023,8
3922,S0492,SUB0012,98,A,2024,6
3923,S0760,SUB0003,87,A+,2025,1
3924,S0012,SUB0626,45,C,2022,7
3925,S0701,SUB0238,40,B+,2024,1
3926,S0920,SUB0653,37,B,2024,2
3927,S0312,SUB0380,96,B+,2026,3
3928,S0100,SUB0247,100,B,2022,3
3929,S0331,SUB0753,50,A+,2023,2
3930,S0271,SUB0208,82,B,2024,7
3931,S0610,SUB0687,94,A,2022,7
3932,S0344,SUB0226,84,C,2025,1
3933,S0715,SUB0137,72,B,2023,6
3934,S0659,SUB0295,76,B+,2026,6
3935,S0165,SUB0622,38,F,2022,6
3936,S0018,SUB0814,91,F,2024,8
3937,S0270,SUB0390,87,C,2022,6
3938,S0007,SUB0070,35,B+,2022,6
3939,S0502,SUB0228,41,A,2023,3
3940,S0517,SUB0521,89,C,2023,4
3941,S0470,SUB0925,37,B+,2022,8
3942,S0285,SUB0013,52,B,2023,2
3943,S0276,SUB0101,97,F,2023,3
3944,S0857,SUB0378,75,D,2024,8
3945,S0196,SUB0618,98,B,2022,7
3946,S0905,SUB0497,87,A+,2024,1
3947,S0563,SUB0022,37,B+,2025,4
3948,S0994,SUB0146,97,A+,2025,2
3949,S0709,SUB0555,65,F,2026,6
3950,S0498,SUB0091,87,C,2025,2
3951,S0353,SUB0995,92,B+,2024,7
3952,S0185,SUB0211,92,D,2022,5
3953,S0312,SUB0389,56,B,2024,8
3954,S0392,SUB0950,91,F,2026,6
3955,S0946,SUB0249,55,A+,2023,2
3956,S0371,SUB0219,53,B+,2024,7
3957,S0776,SUB0934,53,C,2026,4
3958,S0485,SUB0635,82,C,2024,8
3959,S0513,SUB0276,44,D,2024,7
3960,S0487,SUB0692,60,D,2023,7
3961,S0130,SUB0019,57,F,2025,7
3962,S0460,SUB0314,68,A,2022,1
3963,S0823,SUB0113,74,C,2025,1
3964,S0136,SUB0090,41,A+,2023,6
3965,S0575,SUB0879,88,A,2025,4
3966,S0308,SUB0818,76,A+,2024,8
3967,S0282,SUB0777,48,A+,2025,4
3968,S0080,SUB0701,67,B,2026,6
3969,S0857,SUB0904,91,F,2024,4
3970,S0392,SUB0565,58,A+,2024,6
3971,S0519,SUB0122,70,F,2023,1
3972,S0011,SUB0456,42,D,2023,7
3973,S0368,SUB0556,95,D,2026,8
3974,S0968,SUB0466,46,A+,2024,3
3975,S0111,SUB0909,76,B,2023,4
3976,S0605,SUB0610,78,C,2025,5
3977,S0025,SUB0710,85,A,2026,1
3978,S0297,SUB0301,82,A+,2025,6
3979,S0071,SUB0186,84,B,2025,8
3980,S0053,SUB0366,38,A+,2022,5
3981,S0486,SUB0839,51,A,2026,8
3982,S0206,SUB0605,89,B+,2025,8
3983,S0981,SUB0794,93,C,2026,4
3984,S0944,SUB0089,97,B+,2022,8
3985,S0107,SUB0417,37,B,2024,6
3986,S0694,SUB0632,94,B,2024,3
3987,S0975,SUB0509,47,B+,2023,7
3988,S0536,SUB0266,82,D,2025,4
3989,S0266,SUB0788,49,F,2025,7
3990,S0002,SUB0829,41,A+,2023,5
3991,S0533,SUB0827,49,A+,2023,2
3992,S0811,SUB0360,46,B+,2026,8
3993,S0366,SUB0063,72,A+,2026,5
3994,S0451,SUB0502,94,D,2024,8
3995,S0594,SUB0328,42,D,2024,8
3996,S0263,SUB0541,99,B+,2025,3
3997,S0015,SUB0469,46,D,2026,7
3998,S0235,SUB0660,62,F,2023,8
3999,S0428,SUB0073,63,A,2022,7
4000,S0796,SUB0111,99,A,2024,6
4001,S0649,SUB0471,77,C,2022,2
4002,S0823,SUB0126,75,F,2026,5
4003,S0291,SUB0575,42,F,2025,7
4004,S0352,SUB0125,61,A+,2022,4
4005,S0805,SUB0739,35,B+,2023,1
4006,S0520,SUB0128,43,A+,2023,3
4007,S0752,SUB0027,85,B+,2025,6
4008,S0091,SUB0366,47,B+,2025,6
4009,S0238,SUB0195,47,D,2025,8
4010,S0236,SUB0605,45,B+,2023,5
4011,S0269,SUB0924,85,F,2025,5
4012,S0983,SUB0769,98,A,2024,1
4013,S0787,SUB0492,73,C,2026,3
4014,S0091,SUB0057,45,A,2025,6
4015,S0859,SUB0882,84,C,2025,2
4016,S0524,SUB0210,64,A+,2024,4
4017,S0013,SUB0788,67,F,2024,8
4018,S0446,SUB0876,66,F,2022,4
4019,S0378,SUB0778,37,C,2026,2
4020,S0490,SUB0942,95,D,2023,8
4021,S0818,SUB0659,84,A,2026,1
4022,S0045,SUB0965,60,F,2024,4
4023,S0770,SUB0789,47,B,2025,8
4024,S0887,SUB0689,90,A,2022,7
4025,S0301,SUB0598,76,B+,2026,5
4026,S0933,SUB0599,88,A+,2025,8
4027,S0710,SUB0720,61,B+,2026,5
4028,S0369,SUB0249,80,F,2022,4
4029,S0715,SUB0403,36,B,2022,8
4030,S0756,SUB0238,44,D,2026,7
4031,S0847,SUB0170,96,A+,2022,7
4032,S0196,SUB0389,96,A,2023,5
4033,S0819,SUB0908,85,A,2022,5
4034,S0443,SUB0976,44,A+,2022,3
4035,S0599,SUB0897,96,A+,2025,3
4036,S0207,SUB0533,72,B+,2024,5
4037,S0602,SUB0510,61,B,2023,5
4038,S0631,SUB0076,75,A+,2023,2
4039,S0444,SUB0213,56,D,2022,8
4040,S0901,SUB0455,71,D,2024,2
4041,S0618,SUB0043,76,A+,2026,2
4042,S0579,SUB0262,88,B+,2025,8
4043,S0824,SUB0667,94,B,2024,2
4044,S0910,SUB0695,49,D,2022,3
4045,S0560,SUB0704,68,D,2026,1
4046,S0295,SUB0584,39,B+,2024,8
4047,S0515,SUB0103,81,B+,2022,5
4048,S0697,SUB0454,74,A+,2026,2
4049,S0779,SUB0538,93,A,2024,1
4050,S0297,SUB0547,72,B,2023,8
4051,S0819,SUB0696,39,A+,2022,1
4052,S0136,SUB0027,51,C,2026,8
4053,S0594,SUB0626,41,C,2026,2
4054,S0598,SUB0859,45,A+,2023,2
4055,S0874,SUB0476,97,B,2023,3
4056,S0797,SUB0018,80,B,2024,1
4057,S0494,SUB0790,92,B,2024,6
4058,S0535,SUB0239,41,D,2022,2
4059,S0732,SUB0654,78,A+,2022,1
4060,S0637,SUB0989,45,B+,2024,7
4061,S0718,SUB0894,70,B+,2025,8
4062,S0604,SUB0802,80,B,2023,6
4063,S0835,SUB0445,60,C,2026,5
4064,S0148,SUB0061,83,A+,2025,5
4065,S0712,SUB0609,96,C,2024,4
4066,S0828,SUB0076,37,B+,2026,7
4067,S0870,SUB0952,42,B,2022,4
4068,S0593,SUB0367,89,C,2024,1
4069,S0039,SUB0412,83,B+,2024,1
4070,S0063,SUB0702,63,A,2025,3
4071,S0129,SUB0199,84,C,2023,2
4072,S0727,SUB0168,68,A+,2026,7
4073,S0679,SUB0932,81,B,2023,5
4074,S0817,SUB0006,90,A+,2026,7
4075,S0970,SUB0392,54,B,2023,8
4076,S0360,SUB0859,72,F,2026,3
4077,S0369,SUB0688,60,A+,2022,5
4078,S0458,SUB0996,37,C,2023,2
4079,S0346,SUB0143,47,A+,2024,4
4080,S0386,SUB0018,39,D,2022,8
4081,S0231,SUB0838,88,C,2025,1
4082,S0473,SUB0365,84,A,2024,3
4083,S0316,SUB0444,97,B+,2026,5
4084,S0728,SUB0350,94,B,2023,8
4085,S0406,SUB0416,52,D,2025,2
4086,S0096,SUB0236,63,C,2024,1
4087,S0070,SUB0432,82,A+,2025,3
4088,S0575,SUB0182,36,B,2025,2
4089,S0484,SUB0496,81,D,2026,3
4090,S0270,SUB0684,51,B+,2023,6
4091,S0350,SUB0421,38,A,2026,8
4092,S0592,SUB0157,50,A,2023,1
4093,S0208,SUB0377,75,A+,2023,2
4094,S0275,SUB0470,38,D,2022,5
4095,S0554,SUB0493,88,F,2023,6
4096,S0583,SUB0671,35,B,2022,1
4097,S0587,SUB0565,53,B+,2026,4
4098,S0670,SUB0948,36,D,2023,8
4099,S0113,SUB0924,60,F,2023,6
4100,S0342,SUB0636,55,C,2024,8
4101,S0866,SUB0999,53,B+,2023,3
4102,S0179,SUB0706,77,B+,2024,5
4103,S0328,SUB0870,60,B+,2025,2
4104,S0066,SUB0442,91,C,2022,5
4105,S0474,SUB0449,40,C,2023,4
4106,S0364,SUB0329,80,B+,2022,3
4107,S0499,SUB0531,40,C,2024,8
4108,S0027,SUB0085,61,A,2022,7
4109,S0836,SUB0176,73,B,2022,2
4110,S0900,SUB0426,36,B+,2024,7
4111,S0535,SUB0196,43,B+,2022,4
4112,S0528,SUB0940,82,A+,2026,7
4113,S0175,SUB0890,76,B,2022,6
4114,S0722,SUB0867,76,D,2024,7
4115,S0920,SUB0631,65,A,2024,5
4116,S0262,SUB0375,50,C,2023,1
4117,S0540,SUB0903,82,C,2025,8
4118,S0921,SUB0726,63,B+,2024,5
4119,S0073,SUB0079,35,D,2026,4
4120,S0059,SUB0038,41,D,2024,8
4121,S0790,SUB0046,41,D,2025,4
4122,S0161,SUB0683,51,B+,2023,1
4123,S0081,SUB0464,100,D,2022,3
4124,S0015,SUB0365,71,B+,2026,8
4125,S0630,SUB0935,38,D,2025,1
4126,S0370,SUB0334,85,A+,2025,5
4127,S0762,SUB0220,45,A+,2023,8
4128,S0037,SUB0693,60,B,2026,3
4129,S0363,SUB0521,82,F,2022,4
4130,S0067,SUB0956,70,A,2024,5
4131,S0041,SUB0758,37,B+,2026,2
4132,S0730,SUB0099,36,B+,2024,7
4133,S0499,SUB0051,75,B+,2022,6
4134,S0658,SUB0403,45,B,2024,8
4135,S0785,SUB0805,57,D,2025,5
4136,S0215,SUB0974,76,A,2023,8
4137,S0787,SUB0184,58,F,2024,4
4138,S0764,SUB0880,60,D,2022,7
4139,S0923,SUB0219,59,F,2024,4
4140,S0915,SUB0486,50,A,2024,8
4141,S0519,SUB0191,51,B,2022,5
4142,S0270,SUB0112,85,D,2025,7
4143,S0323,SUB0703,85,B+,2026,6
4144,S0815,SUB0027,75,A,2023,2
4145,S0587,SUB0666,73,A,2025,5
4146,S0866,SUB0441,46,D,2022,1
4147,S0407,SUB0179,51,C,2026,1
4148,S0226,SUB0630,76,D,2024,7
4149,S0857,SUB0027,46,C,2026,5
4150,S0986,SUB0803,60,F,2023,2
4151,S0371,SUB0250,54,B,2025,4
4152,S0175,SUB0565,96,A,2024,8
4153,S0568,SUB0554,100,B,2024,7
4154,S0718,SUB0941,62,B+,2023,6
4155,S0978,SUB0200,87,B,2023,4
4156,S0518,SUB0960,53,D,2026,8
4157,S0261,SUB0690,82,B,2025,7
4158,S0254,SUB0923,93,A+,2026,2
4159,S0281,SUB0441,80,D,2023,6
4160,S0418,SUB0376,38,B+,2023,2
4161,S0538,SUB0750,76,F,2023,7
4162,S0538,SUB0683,74,B+,2023,3
4163,S0240,SUB0502,91,B,2023,2
4164,S0593,SUB0626,64,B,2023,4
4165,S0096,SUB0945,58,A,2024,1
4166,S0761,SUB0736,98,D,2024,7
4167,S0793,SUB0471,77,D,2022,7
4168,S0276,SUB0606,61,A,2026,8
4169,S0926,SUB0077,99,B,2022,8
4170,S0392,SUB0615,36,A+,2023,4
4171,S0002,SUB0885,79,B+,2023,8
4172,S0939,SUB0216,60,C,2025,3
4173,S0406,SUB0413,89,F,2024,1
4174,S0334,SUB0825,53,A+,2024,3
4175,S0617,SUB0912,55,A+,2025,7
4176,S0456,SUB0109,52,A+,2025,6
4177,S0318,SUB0968,58,B,2025,6
4178,S0297,SUB0323,76,A+,2024,4
4179,S0289,SUB0278,73,A+,2026,2
4180,S0222,SUB0042,78,D,2023,4
4181,S0365,SUB0137,84,D,2024,4
4182,S0591,SUB0021,97,F,2026,1
4183,S0838,SUB0883,37,B+,2025,5
4184,S0765,SUB0623,72,C,2024,4
4185,S0952,SUB0948,42,D,2026,1
4186,S0538,SUB0815,79,B,2024,8
4187,S0024,SUB0145,87,A,2026,8
4188,S0072,SUB0922,50,D,2025,6
4189,S0161,SUB0059,61,B,2022,8
4190,S0968,SUB0633,47,B,2026,4
4191,S0818,SUB0701,50,B+,2023,2
4192,S0302,SUB0558,47,D,2026,8
4193,S0005,SUB0337,64,A+,2026,8
4194,S0847,SUB0140,67,A,2022,4
4195,S0246,SUB0167,91,F,2025,3
4196,S0449,SUB0074,98,C,2025,3
4197,S0884,SUB0410,42,A+,2022,2
4198,S0604,SUB0360,52,A+,2023,7
4199,S0433,SUB0158,90,B,2026,8
4200,S0386,SUB0221,94,C,2026,2
4201,S0306,SUB0306,39,F,2023,1
4202,S0928,SUB0573,72,A,2024,7
4203,S0228,SUB0969,61,A,2023,7
4204,S0442,SUB0017,93,D,2025,4
4205,S0327,SUB0384,37,B,2022,4
4206,S0864,SUB0823,93,F,2026,7
4207,S0133,SUB0047,39,D,2022,1
4208,S0012,SUB0968,91,A,2023,2
4209,S0671,SUB0177,88,C,2022,8
4210,S0480,SUB0783,36,C,2022,8
4211,S0501,SUB0548,56,B+,2026,1
4212,S0187,SUB0047,38,F,2024,1
4213,S0308,SUB0432,63,A+,2024,8
4214,S0165,SUB0924,87,A,2023,2
4215,S0692,SUB0490,82,D,2024,3
4216,S0518,SUB0282,81,A,2026,5
4217,S0695,SUB0850,56,D,2022,8
4218,S0127,SUB0565,69,B+,2023,8
4219,S0549,SUB0168,45,C,2023,4
4220,S0272,SUB0970,65,D,2022,6
4221,S0262,SUB0464,47,F,2025,2
4222,S0440,SUB0882,37,C,2025,3
4223,S0756,SUB0405,43,B,2025,5
4224,S0592,SUB0838,40,D,2023,2
4225,S0101,SUB0715,91,C,2022,2
4226,S0773,SUB0735,91,A,2024,5
4227,S0449,SUB0065,95,A+,2024,3
4228,S0283,SUB0029,45,C,2025,2
4229,S0149,SUB0388,41,C,2025,1
4230,S0558,SUB0364,52,A+,2025,4
4231,S0787,SUB0195,72,A,2024,8
4232,S0487,SUB0943,78,D,2026,4
4233,S0911,SUB0533,94,D,2026,3
4234,S0032,SUB0572,92,A,2026,1
4235,S0395,SUB0203,68,B,2023,5
4236,S0488,SUB0059,39,A+,2024,5
4237,S0123,SUB0804,43,B+,2024,1
4238,S0845,SUB0599,45,A+,2026,2
4239,S0111,SUB0802,76,A,2023,4
4240,S0708,SUB0917,89,B+,2025,2
4241,S0038,SUB0027,42,F,2023,8
4242,S0263,SUB0677,76,C,2023,7
4243,S0534,SUB0438,71,B+,2023,3
4244,S0744,SUB0313,39,B,2026,1
4245,S0562,SUB0080,45,F,2023,5
4246,S0697,SUB0231,99,A,2025,5
4247,S0201,SUB0223,92,A+,2025,5
4248,S0437,SUB0880,63,C,2024,6
4249,S0598,SUB0223,54,B+,2026,4
4250,S0442,SUB0990,100,B,2025,7
4251,S0483,SUB0731,45,F,2023,4
4252,S0436,SUB0146,77,F,2026,2
4253,S0148,SUB0921,78,A,2022,1
4254,S0524,SUB0223,43,D,2022,7
4255,S0768,SUB0260,48,D,2026,8
4256,S0476,SUB0223,53,B,2022,2
4257,S0859,SUB0715,86,A+,2026,4
4258,S0675,SUB0240,55,C,2026,2
4259,S0781,SUB0713,91,B,2022,5
4260,S0335,SUB0402,94,C,2023,5
4261,S0320,SUB0362,80,D,2026,8
4262,S0786,SUB0390,91,A+,2023,2
4263,S0745,SUB0696,56,F,2022,2
4264,S0883,SUB0708,42,A+,2023,2
4265,S0018,SUB0730,67,A+,2023,4
4266,S0107,SUB0989,76,A+,2024,8
4267,S0606,SUB0240,54,C,2026,2
4268,S0720,SUB0995,56,D,2026,4
4269,S0493,SUB0034,51,A,2023,8
4270,S0115,SUB0488,47,B,2024,5
4271,S0394,SUB0033,82,B+,2025,7
4272,S0109,SUB0551,38,A+,2022,7
4273,S0374,SUB0282,54,B,2026,7
4274,S0108,SUB0118,83,F,2022,1
4275,S0444,SUB0892,95,B+,2025,3
4276,S0974,SUB0828,98,A,2025,5
4277,S0652,SUB0075,88,C,2023,4
4278,S0932,SUB0004,91,D,2026,2
4279,S0337,SUB0405,88,B,2023,3
4280,S0888,SUB0564,100,A,2023,7
4281,S0690,SUB0138,64,D,2024,6
4282,S0165,SUB0111,75,B,2025,2
4283,S0126,SUB0303,98,D,2024,8
4284,S0322,SUB0291,41,D,2022,2
4285,S0376,SUB0694,75,B+,2022,3
4286,S0796,SUB0776,58,C,2022,8
4287,S0976,SUB0890,54,A+,2022,7
4288,S0170,SUB0311,78,B+,2022,3
4289,S0044,SUB0224,97,C,2024,3
4290,S0234,SUB0323,92,B,2026,5
4291,S0746,SUB0953,98,A+,2023,6
4292,S0220,SUB0412,53,B+,2024,1
4293,S0777,SUB0214,73,A+,2024,6
4294,S0753,SUB0553,85,A+,2022,5
4295,S0192,SUB0261,37,B,2025,3
4296,S0163,SUB0548,61,B+,2022,7
4297,S0306,SUB0299,56,F,2022,2
4298,S0892,SUB0176,75,B+,2022,2
4299,S0408,SUB0533,78,F,2022,2
4300,S0508,SUB0278,75,A,2022,1
4301,S0108,SUB0360,42,D,2026,3
4302,S0658,SUB0613,75,C,2025,3
4303,S0050,SUB0939,55,A+,2023,7
4304,S0175,SUB0738,90,D,2026,8
4305,S0720,SUB0431,61,A,2022,4
4306,S0463,SUB0821,90,C,2026,4
4307,S0982,SUB0654,98,A,2024,1
4308,S0580,SUB0646,78,B+,2024,1
4309,S0023,SUB0249,41,A,2022,2
4310,S0556,SUB0459,47,B,2024,6
4311,S0094,SUB0260,42,F,2024,6
4312,S0973,SUB0595,97,A,2023,7
4313,S0824,SUB0239,54,A+,2023,1
4314,S0310,SUB0575,65,A+,2023,7
4315,S0789,SUB0543,77,C,2022,6
4316,S0597,SUB0658,73,D,2023,7
4317,S0752,SUB0534,47,F,2026,2
4318,S0820,SUB0881,38,A+,2025,2
4319,S0162,SUB0553,94,A,2024,3
4320,S0418,SUB0806,47,B+,2025,4
4321,S0564,SUB0427,46,F,2022,3
4322,S0392,SUB0587,45,A+,2026,3
4323,S0057,SUB0951,95,C,2026,4
4324,S0545,SUB0471,94,A,2023,4
4325,S0556,SUB0349,59,B,2023,3
4326,S0514,SUB0033,50,F,2026,3
4327,S0363,SUB0234,61,B+,2023,7
4328,S0499,SUB0171,91,B+,2023,3
4329,S0937,SUB0992,83,A,2025,3
4330,S0514,SUB0172,59,A+,2023,5
4331,S0300,SUB0334,43,B+,2022,4
4332,S0147,SUB0977,38,A+,2022,2
4333,S0818,SUB0788,74,D,2026,7
4334,S0806,SUB0878,75,F,2022,2
4335,S0182,SUB0879,60,F,2023,1
4336,S0633,SUB0497,36,F,2026,4
4337,S0628,SUB0349,93,C,2023,6
4338,S0413,SUB0492,96,A,2024,5
4339,S0331,SUB0296,76,D,2026,3
4340,S0621,SUB0557,59,B+,2024,6
4341,S0068,SUB0380,87,C,2026,4
4342,S0620,SUB0151,88,B+,2024,7
4343,S0869,SUB0588,99,F,2025,6
4344,S0384,SUB0318,70,F,2023,3
4345,S0579,SUB0719,44,C,2026,6
4346,S0654,SUB0256,75,B,2022,4
4347,S0944,SUB0449,61,A+,2022,5
4348,S0672,SUB0839,86,F,2022,1
4349,S0957,SUB0845,100,F,2025,4
4350,S0613,SUB0514,57,F,2024,4
4351,S0187,SUB0533,80,A,2024,7
4352,S0100,SUB0969,95,B+,2023,7
4353,S0623,SUB0059,75,B+,2025,6
4354,S0606,SUB0183,82,C,2024,2
4355,S0356,SUB0933,82,F,2024,7
4356,S0985,SUB0133,61,B+,2026,4
4357,S0959,SUB0428,54,A,2024,8
4358,S0715,SUB0321,53,A+,2022,8
4359,S0342,SUB0516,95,B,2022,6
4360,S0168,SUB0636,48,A+,2023,1
4361,S0971,SUB0119,90,B,2024,2
4362,S0714,SUB0962,54,D,2026,6
4363,S0936,SUB0857,60,C,2022,3
4364,S0219,SUB0935,76,C,2025,6
4365,S0524,SUB0687,96,A,2025,3
4366,S0591,SUB0655,47,D,2022,1
4367,S0223,SUB0396,49,A+,2025,7
4368,S0431,SUB0158,88,B,2023,6
4369,S0809,SUB0516,75,F,2023,7
4370,S0035,SUB0948,100,B,2026,7
4371,S0727,SUB0973,74,B+,2024,1
4372,S0754,SUB0381,41,D,2025,6
4373,S0391,SUB0877,80,D,2024,7
4374,S0190,SUB0939,84,A,2025,3
4375,S0424,SUB0860,78,B,2024,8
4376,S0073,SUB0175,89,F,2025,7
4377,S0206,SUB0730,60,B,2026,8
4378,S0196,SUB0465,90,F,2026,8
4379,S0672,SUB0749,48,B,2026,3
4380,S0856,SUB0008,91,A,2025,3
4381,S0104,SUB0208,50,C,2022,7
4382,S0360,SUB0619,49,B,2023,1
4383,S0965,SUB0697,93,A+,2026,6
4384,S0241,SUB0104,77,D,2023,6
4385,S0215,SUB0686,96,B+,2023,8
4386,S0129,SUB0682,57,A+,2024,2
4387,S0715,SUB0576,100,C,2025,6
4388,S0707,SUB0804,97,A,2025,3
4389,S0165,SUB0716,97,B,2022,3
4390,S0399,SUB0368,74,A,2025,1
4391,S0729,SUB0221,95,A,2024,8
4392,S0788,SUB0426,51,F,2023,3
4393,S0880,SUB0341,71,B,2026,5
4394,S0945,SUB0446,38,D,2024,8
4395,S0065,SUB0482,66,D,2022,6
4396,S0549,SUB0736,45,D,2023,6
4397,S0130,SUB0591,71,A+,2026,7
4398,S0816,SUB0455,70,C,2023,3
4399,S0518,SUB0649,91,A,2023,8
4400,S0985,SUB0131,89,D,2024,5
4401,S0854,SUB0136,95,A+,2022,4
4402,S0362,SUB0501,66,A+,2025,3
4403,S0157,SUB0850,74,B+,2022,2
4404,S0188,SUB0108,70,A+,2026,1
4405,S0057,SUB0863,51,D,2025,5
4406,S0459,SUB0575,83,A,2026,2
4407,S0422,SUB0640,81,A,2025,1
4408,S0952,SUB0441,51,F,2025,7
4409,S0696,SUB0200,86,A,2022,6
4410,S0253,SUB0852,43,B,2024,2
4411,S0668,SUB0199,71,F,2026,7
4412,S0109,SUB0043,38,B,2025,2
4413,S0480,SUB0131,40,B+,2023,6
4414,S0172,SUB0519,61,F,2022,6
4415,S0943,SUB0434,84,A+,2022,2
4416,S0325,SUB0807,86,A+,2025,6
4417,S0954,SUB0303,69,C,2026,7
4418,S0393,SUB0410,92,C,2024,2
4419,S0322,SUB0650,64,B+,2025,7
4420,S0011,SUB0728,76,B,2022,2
4421,S0224,SUB0172,54,C,2026,5
4422,S0092,SUB0612,74,B+,2025,6
4423,S0956,SUB0289,95,C,2024,6
4424,S0757,SUB0703,60,D,2022,4
4425,S0520,SUB0245,86,B+,2026,6
4426,S0612,SUB0788,36,A,2024,6
4427,S0452,SUB0779,41,D,2024,1
4428,S0218,SUB0844,92,A+,2025,5
4429,S0352,SUB0222,83,F,2022,3
4430,S0633,SUB0589,78,D,2024,4
4431,S0665,SUB0439,58,B,2023,6
4432,S0823,SUB0231,100,A,2022,7
4433,S0190,SUB0636,69,A+,2025,8
4434,S0584,SUB0509,42,C,2025,1
4435,S0759,SUB0202,97,B+,2023,8
4436,S0390,SUB0334,56,A+,2022,1
4437,S0544,SUB0212,57,A,2022,6
4438,S0757,SUB0429,40,F,2026,1
4439,S0568,SUB0029,83,D,2026,8
4440,S0118,SUB0099,49,B,2024,3
4441,S0926,SUB0385,56,D,2024,2
4442,S0562,SUB0656,59,D,2024,2
4443,S0263,SUB0853,48,A+,2025,7
4444,S0224,SUB0692,99,C,2024,6
4445,S0064,SUB0164,92,B,2025,5
4446,S0556,SUB0613,75,A,2026,4
4447,S0399,SUB0338,76,D,2025,8
4448,S0661,SUB0678,63,F,2022,3
4449,S0559,SUB0776,95,A,2023,3
4450,S0966,SUB0177,76,A,2022,8
4451,S0053,SUB0602,89,B+,2025,8
4452,S0955,SUB0440,86,D,2026,6
4453,S0561,SUB0001,64,B,2024,8
4454,S0423,SUB0370,54,D,2025,5
4455,S0997,SUB0321,50,A,2023,1
4456,S0032,SUB0895,92,F,2023,4
4457,S0754,SUB0370,83,D,2024,8
4458,S0301,SUB0233,87,F,2022,4
4459,S0520,SUB0460,56,B,2025,7
4460,S0302,SUB0032,71,B,2024,6
4461,S0805,SUB0342,78,C,2023,5
4462,S0516,SUB0322,59,F,2023,2
4463,S0860,SUB0685,37,D,2026,3
4464,S0623,SUB0285,38,B+,2024,3
4465,S0307,SUB0053,68,A,2025,7
4466,S0313,SUB0524,37,A+,2026,1
4467,S0334,SUB0051,54,A+,2025,8
4468,S0029,SUB0284,63,A+,2026,5
4469,S0879,SUB0855,84,A+,2023,8
4470,S0650,SUB0383,42,B+,2023,4
4471,S0561,SUB0975,45,C,2023,5
4472,S0084,SUB0722,73,A+,2022,6
4473,S0090,SUB0497,66,A,2022,1
4474,S0783,SUB0639,35,D,2024,1
4475,S0190,SUB0785,90,B+,2026,6
4476,S0307,SUB0583,96,C,2022,1
4477,S0156,SUB0020,43,A,2023,5
4478,S0050,SUB0025,60,A,2024,2
4479,S0644,SUB0574,60,B+,2022,1
4480,S0356,SUB0377,82,A,2026,5
4481,S0675,SUB0403,36,B,2025,8
4482,S0286,SUB0923,64,B,2022,4
4483,S0871,SUB0986,68,B+,2025,6
4484,S0587,SUB0432,67,C,2026,5
4485,S0158,SUB0474,89,D,2025,7
4486,S0103,SUB0328,78,B,2023,7
4487,S0066,SUB0311,40,D,2023,8
4488,S0731,SUB0805,74,B+,2024,6
4489,S0632,SUB0112,78,A,2022,6
4490,S0789,SUB0403,45,F,2024,7
4491,S0420,SUB0246,49,D,2025,8
4492,S0414,SUB0458,89,B+,2025,2
4493,S0353,SUB0473,99,B+,2025,2
4494,S0916,SUB0023,79,D,2024,3
4495,S0359,SUB0962,39,D,2024,8
4496,S0425,SUB0026,46,F,2025,8
4497,S0405,SUB0304,100,D,2024,1
4498,S0981,SUB0225,64,B+,2022,4
4499,S0726,SUB0533,64,C,2023,6
4500,S0780,SUB0115,92,A+,2026,4
4501,S0098,SUB0485,68,A,2022,3
4502,S0456,SUB0842,48,D,2022,2
4503,S0726,SUB0694,67,F,2023,4
4504,S0753,SUB0073,66,F,2025,8
4505,S0484,SUB0072,61,B+,2022,4
4506,S0436,SUB0900,78,A+,2024,7
4507,S0008,SUB0460,65,D,2023,1
4508,S0756,SUB0912,88,A,2026,6
4509,S0469,SUB0793,100,A+,2022,4
4510,S0420,SUB0398,86,B,2024,1
4511,S0458,SUB0475,93,B+,2022,7
4512,S0411,SUB0106,63,B+,2025,5
4513,S0346,SUB0028,65,A,2025,1
4514,S0314,SUB0921,56,A,2024,7
4515,S0844,SUB0698,42,C,2024,6
4516,S0435,SUB0804,83,B,2026,4
4517,S0184,SUB0243,80,B+,2022,2
4518,S0868,SUB0564,61,D,2026,8
4519,S0088,SUB0770,55,C,2025,2
4520,S0515,SUB0384,81,A,2026,3
4521,S0290,SUB0579,93,D,2023,2
4522,S0697,SUB0892,94,B+,2022,7
4523,S0363,SUB0298,66,F,2024,1
4524,S0762,SUB0015,42,D,2022,8
4525,S0181,SUB0932,56,B+,2022,8
4526,S0861,SUB0059,69,C,2024,5
4527,S0136,SUB0109,53,D,2022,7
4528,S0853,SUB0027,57,D,2026,7
4529,S0159,SUB0759,43,A,2023,6
4530,S0943,SUB0588,99,D,2025,7
4531,S0727,SUB0566,64,B,2024,4
4532,S0809,SUB0731,78,F,2022,8
4533,S0291,SUB0321,69,A,2024,3
4534,S0541,SUB0468,39,A,2026,8
4535,S0828,SUB0828,38,D,2023,5
4536,S0126,SUB0041,41,F,2024,4
4537,S0948,SUB0126,83,A,2023,2
4538,S0214,SUB0591,37,A+,2026,3
4539,S0648,SUB0017,86,C,2026,6
4540,S0530,SUB0346,82,B+,2024,2
4541,S0688,SUB0074,52,B,2022,8
4542,S0220,SUB0111,41,A,2023,2
4543,S0586,SUB0309,72,B+,2024,6
4544,S0313,SUB0528,97,D,2023,7
4545,S0634,SUB0667,77,C,2025,2
4546,S0714,SUB0908,84,A+,2025,6
4547,S0763,SUB0289,35,D,2022,3
4548,S0482,SUB0906,87,C,2025,5
4549,S0604,SUB0657,44,B,2024,7
4550,S0031,SUB0195,86,A+,2025,2
4551,S0704,SUB0588,67,A+,2026,2
4552,S0629,SUB0268,64,A,2022,5
4553,S0826,SUB0605,91,F,2025,1
4554,S0059,SUB0612,95,D,2022,7
4555,S0194,SUB0970,60,D,2026,6
4556,S0900,SUB0052,57,A+,2023,2
4557,S0066,SUB0376,53,C,2025,6
4558,S0361,SUB0841,47,B+,2024,3
4559,S0695,SUB0746,92,C,2024,5
4560,S0289,SUB0819,51,C,2026,2
4561,S0172,SUB0491,74,B,2026,2
4562,S0502,SUB0866,64,D,2026,4
4563,S0122,SUB0541,93,F,2023,5
4564,S0962,SUB0114,45,B+,2024,4
4565,S0349,SUB0587,42,A,2024,6
4566,S0029,SUB0795,58,D,2024,3
4567,S0132,SUB0461,74,F,2026,1
4568,S1000,SUB0063,60,C,2023,2
4569,S0571,SUB0845,98,B,2025,6
4570,S0649,SUB0499,67,A,2023,1
4571,S0896,SUB0398,48,C,2026,7
4572,S0611,SUB0916,71,A,2023,3
4573,S0692,SUB0903,59,B+,2025,4
4574,S0672,SUB0336,82,A,2026,7
4575,S0084,SUB0832,74,C,2023,7
4576,S0563,SUB0819,74,F,2023,6
4577,S0501,SUB0787,57,C,2022,8
4578,S0603,SUB0442,41,B+,2022,8
4579,S0891,SUB0260,90,F,2022,4
4580,S0447,SUB0392,62,A+,2023,4
4581,S0314,SUB0614,95,A+,2023,7
4582,S0301,SUB0316,46,B+,2023,3
4583,S0877,SUB0121,71,D,2023,5
4584,S0597,SUB0553,93,A,2026,8
4585,S0378,SUB0363,96,A,2025,2
4586,S0270,SUB0581,45,C,2026,2
4587,S0205,SUB0433,89,F,2023,7
4588,S0593,SUB0282,54,C,2025,7
4589,S0369,SUB0126,36,C,2026,5
4590,S0569,SUB0294,77,F,2026,7
4591,S0772,SUB0852,82,F,2022,1
4592,S0561,SUB0744,62,A+,2025,3
4593,S0779,SUB0285,86,F,2024,2
4594,S0624,SUB0913,74,C,2026,5
4595,S0004,SUB0664,54,B+,2025,3
4596,S0827,SUB0690,49,B+,2024,4
4597,S0167,SUB0881,79,F,2024,8
4598,S0761,SUB0902,100,A,2022,4
4599,S0495,SUB0797,73,C,2024,7
4600,S0987,SUB0751,67,A,2023,7
4601,S0041,SUB0771,59,F,2023,3
4602,S0055,SUB0102,50,F,2026,1
4603,S0503,SUB0624,45,A,2023,5
4604,S0737,SUB0542,65,F,2022,1
4605,S0255,SUB0979,44,F,2026,7
4606,S0316,SUB0629,61,D,2024,2
4607,S0915,SUB0601,76,B+,2025,8
4608,S0523,SUB0836,42,A+,2024,1
4609,S0007,SUB0258,35,B+,2025,1
4610,S0718,SUB0550,35,A,2024,3
4611,S0538,SUB0013,95,B+,2023,7
4612,S0798,SUB0382,84,B+,2025,5
4613,S0729,SUB0438,84,F,2022,4
4614,S0602,SUB0771,84,B,2023,6
4615,S0336,SUB0512,75,A,2022,5
4616,S0643,SUB0342,57,D,2024,6
4617,S0829,SUB0156,53,A+,2022,5
4618,S0167,SUB0392,72,F,2022,3
4619,S0751,SUB0802,70,A,2023,8
4620,S0977,SUB0142,80,B+,2024,8
4621,S0033,SUB0724,83,A,2022,1
4622,S0458,SUB0650,91,B,2025,8
4623,S0957,SUB0276,78,B,2022,7
4624,S0386,SUB0096,91,F,2023,8
4625,S0845,SUB0115,70,F,2024,6
4626,S0938,SUB0075,66,A+,2023,2
4627,S0547,SUB0648,42,C,2026,1
4628,S0635,SUB0289,96,A,2023,3
4629,S0877,SUB0780,56,B,2023,5
4630,S0411,SUB0874,62,B+,2022,7
4631,S0542,SUB0344,38,D,2023,7
4632,S0284,SUB0380,89,B+,2022,7
4633,S0191,SUB0200,67,F,2022,5
4634,S0372,SUB0253,82,B+,2024,2
4635,S0348,SUB0505,74,A+,2022,6
4636,S0514,SUB0919,62,A+,2024,7
4637,S0221,SUB0753,62,D,2026,6
4638,S0757,SUB0520,38,B+,2026,6
4639,S0663,SUB0863,39,D,2025,6
4640,S0952,SUB0866,66,F,2025,3
4641,S0099,SUB0928,42,A,2022,2
4642,S0681,SUB0328,35,B,2025,1
4643,S0521,SUB0219,51,B,2022,7
4644,S0320,SUB0414,100,B,2024,4
4645,S0430,SUB0366,35,D,2026,3
4646,S0555,SUB0449,40,A,2022,2
4647,S0197,SUB0027,76,B,2024,8
4648,S0594,SUB0964,93,C,2024,2
4649,S0975,SUB0659,52,A,2026,3
4650,S0895,SUB0686,58,A,2026,7
4651,S0672,SUB0541,62,D,2023,4
4652,S0911,SUB0979,63,A,2024,7
4653,S0627,SUB0237,39,F,2026,5
4654,S0020,SUB0237,97,F,2024,8
4655,S0520,SUB0887,80,B,2023,6
4656,S0213,SUB0785,42,C,2025,4
4657,S0824,SUB0178,97,F,2022,4
4658,S0789,SUB0046,51,D,2023,5
4659,S0061,SUB0483,79,D,2024,4
4660,S0972,SUB0633,100,D,2022,1
4661,S0099,SUB0500,67,A,2024,8
4662,S0879,SUB0862,77,B,2024,2
4663,S0435,SUB0100,85,C,2022,3
4664,S0850,SUB0377,56,B+,2022,8
4665,S0780,SUB0799,53,A,2024,7
4666,S0448,SUB0600,97,B,2024,8
4667,S0807,SUB0569,79,A+,2023,8
4668,S0107,SUB0926,73,F,2025,4
4669,S0195,SUB0795,65,A+,2023,7
4670,S0269,SUB0662,37,F,2022,2
4671,S0749,SUB0677,98,A+,2025,6
4672,S0452,SUB0126,98,F,2022,2
4673,S0512,SUB0192,44,A,2025,3
4674,S0732,SUB0301,44,B+,2024,8
4675,S0037,SUB0970,97,C,2026,7
4676,S0566,SUB0230,76,A,2024,8
4677,S0109,SUB0511,49,A,2022,3
4678,S0966,SUB0840,84,A+,2022,3
4679,S0737,SUB0381,91,B,2026,1
4680,S0661,SUB0591,35,A,2022,6
4681,S0498,SUB0907,58,C,2026,6
4682,S0381,SUB0784,35,A,2022,1
4683,S0842,SUB0879,97,B+,2024,8
4684,S0589,SUB0723,39,A,2026,7
4685,S0459,SUB0233,40,B,2025,3
4686,S0919,SUB0770,79,B+,2024,3
4687,S0466,SUB0120,61,D,2024,2
4688,S0547,SUB0080,85,A,2025,1
4689,S0473,SUB0270,48,F,2023,7
4690,S0603,SUB0368,94,D,2022,3
4691,S0918,SUB0441,95,D,2026,8
4692,S0419,SUB0376,42,D,2025,8
4693,S0108,SUB0419,39,D,2024,2
4694,S0974,SUB0182,80,B+,2022,7
4695,S0321,SUB0292,54,C,2023,4
4696,S0022,SUB0590,64,A,2022,4
4697,S0120,SUB0059,40,B+,2023,1
4698,S0514,SUB0073,96,D,2024,2
4699,S0113,SUB0621,49,A+,2025,1
4700,S0981,SUB0257,93,B,2026,1
4701,S0415,SUB0962,75,B,2025,2
4702,S0860,SUB0169,99,F,2026,3
4703,S0438,SUB0906,95,B+,2023,5
4704,S0021,SUB0885,100,F,2024,3
4705,S0404,SUB0835,56,A,2025,3
4706,S0615,SUB0044,82,D,2024,2
4707,S0565,SUB0472,81,D,2024,7
4708,S0041,SUB0997,83,A+,2024,8
4709,S0791,SUB0462,80,A,2026,4
4710,S0808,SUB0343,67,A,2023,2
4711,S0512,SUB0812,40,D,2023,3
4712,S0191,SUB0119,46,B,2024,2
4713,S0667,SUB0250,62,F,2025,8
4714,S0054,SUB0631,57,F,2025,3
4715,S0993,SUB0040,68,B,2024,3
4716,S0232,SUB0988,39,D,2024,2
4717,S0420,SUB0103,76,F,2025,3
4718,S0038,SUB0877,97,B+,2026,4
4719,S0493,SUB0486,58,B+,2024,1
4720,S0703,SUB0418,37,D,2022,1
4721,S0515,SUB0981,86,D,2025,2
4722,S0714,SUB0454,100,D,2026,7
4723,S0687,SUB0328,74,B+,2026,8
4724,S0471,SUB0152,71,A+,2024,8
4725,S0994,SUB0644,86,F,2024,1
4726,S0634,SUB0899,36,C,2022,5
4727,S0841,SUB0552,74,D,2022,6
4728,S0144,SUB0078,43,D,2022,7
4729,S0361,SUB0645,65,C,2025,4
4730,S0123,SUB0630,96,B,2024,4
4731,S0497,SUB0672,64,F,2024,2
4732,S0709,SUB0059,89,B,2023,8
4733,S0174,SUB0378,83,C,2022,7
4734,S0450,SUB0217,41,F,2026,3
4735,S0389,SUB0911,89,B+,2025,1
4736,S0957,SUB0675,65,F,2023,5
4737,S0540,SUB0506,91,B+,2022,3
4738,S0083,SUB0504,65,A,2023,2
4739,S0350,SUB0560,59,F,2024,2
4740,S0427,SUB0911,78,B+,2026,5
4741,S0108,SUB0363,51,B+,2022,2
4742,S0843,SUB0536,95,A,2024,6
4743,S0856,SUB0616,53,B+,2025,8
4744,S0341,SUB0985,86,F,2023,1
4745,S0512,SUB0568,63,F,2025,2
4746,S0607,SUB0319,92,D,2023,6
4747,S0002,SUB0688,36,D,2025,1
4748,S0852,SUB0433,87,B,2023,6
4749,S0040,SUB0193,44,D,2026,2
4750,S0553,SUB0771,42,A,2023,7
4751,S0086,SUB0254,85,D,2024,2
4752,S0321,SUB0414,37,A,2022,8
4753,S0131,SUB0374,61,F,2022,2
4754,S0207,SUB0664,82,D,2023,4
4755,S0872,SUB0060,43,C,2023,4
4756,S0865,SUB0372,83,A+,2022,4
4757,S0704,SUB0831,40,F,2023,2
4758,S0117,SUB0394,89,B,2026,6
4759,S0970,SUB0209,83,B,2023,6
4760,S0042,SUB0871,98,A,2025,6
4761,S0013,SUB0076,86,B+,2022,1
4762,S0786,SUB0716,93,F,2024,1
4763,S0630,SUB0601,37,A,2023,8
4764,S0098,SUB0674,92,B+,2026,1
4765,S0193,SUB0241,74,B+,2024,4
4766,S0572,SUB0450,49,B+,2026,4
4767,S0567,SUB0387,66,F,2024,4
4768,S0534,SUB0872,55,B,2025,3
4769,S0830,SUB0277,81,B+,2024,8
4770,S0981,SUB0789,92,B+,2023,3
4771,S0599,SUB0513,69,A,2023,4
4772,S0242,SUB0796,83,A+,2026,5
4773,S0770,SUB0283,55,B,2022,6
4774,S0843,SUB0260,44,B+,2026,8
4775,S0262,SUB0651,57,B+,2024,2
4776,S0322,SUB0227,88,C,2026,3
4777,S0464,SUB0336,71,A,2025,1
4778,S0352,SUB0884,95,A,2023,8
4779,S0095,SUB0271,66,B+,2025,7
4780,S0206,SUB0388,59,F,2024,3
4781,S0597,SUB0797,87,F,2022,6
4782,S0807,SUB0661,39,D,2023,6
4783,S0022,SUB0388,97,F,2022,6
4784,S0896,SUB0702,91,A,2025,5
4785,S0079,SUB0489,83,D,2025,3
4786,S0858,SUB0343,53,C,2025,8
4787,S0311,SUB0027,71,B+,2026,4
4788,S0012,SUB0052,97,A+,2026,6
4789,S0854,SUB0613,98,D,2026,3
4790,S0600,SUB0869,90,A,2024,5
4791,S0689,SUB0934,43,C,2026,1
4792,S0004,SUB0527,43,B+,2022,8
4793,S0492,SUB0735,99,A+,2022,1
4794,S0751,SUB0132,65,B,2023,3
4795,S0636,SUB0513,79,A,2024,1
4796,S0716,SUB0051,64,C,2026,1
4797,S0943,SUB0857,80,B+,2026,3
4798,S0470,SUB0542,53,C,2023,7
4799,S0502,SUB0336,85,A,2026,5
4800,S0383,SUB0985,39,F,2024,8
4801,S0147,SUB0155,100,F,2024,3
4802,S0186,SUB0151,70,D,2026,7
4803,S0972,SUB0003,67,B,2024,8
4804,S0910,SUB0837,64,F,2022,3
4805,S0439,SUB0997,88,B+,2022,6
4806,S0487,SUB0191,66,B,2022,2
4807,S0526,SUB0578,43,F,2022,6
4808,S0442,SUB0188,82,F,2026,4
4809,S0188,SUB0059,98,A+,2024,7
4810,S0371,SUB0026,63,B,2022,5
4811,S0495,SUB0762,76,A+,2025,3
4812,S0442,SUB0675,45,A+,2026,8
4813,S0640,SUB0717,61,A+,2022,8
4814,S0687,SUB0529,88,C,2022,5
4815,S0344,SUB0270,93,D,2023,8
4816,S0577,SUB0610,64,F,2026,2
4817,S0487,SUB0765,76,A+,2026,5
4818,S0955,SUB0907,83,B+,2023,7
4819,S0693,SUB0980,66,C,2022,4
4820,S0616,SUB0298,72,A,2023,3
4821,S0957,SUB0511,51,D,2025,1
4822,S0711,SUB0574,96,A+,2025,8
4823,S0811,SUB0511,83,B+,2022,4
4824,S0221,SUB0584,60,C,2023,4
4825,S0077,SUB0658,38,D,2026,7
4826,S0810,SUB0490,65,B+,2023,7
4827,S0356,SUB0306,67,D,2022,1
4828,S0912,SUB0988,96,A,2024,5
4829,S0124,SUB0849,52,B+,2026,3
4830,S0337,SUB0431,44,B+,2023,3
4831,S0347,SUB0579,45,F,2024,6
4832,S0082,SUB0182,94,A,2026,3
4833,S0143,SUB0996,53,D,2023,4
4834,S0883,SUB0534,71,A+,2024,3
4835,S0966,SUB0209,88,A+,2026,8
4836,S0505,SUB0608,70,B,2022,6
4837,S0729,SUB0429,55,B,2024,5
4838,S0675,SUB0383,40,A+,2023,1
4839,S0641,SUB0895,36,A,2023,2
4840,S0080,SUB0313,67,D,2025,3
4841,S0512,SUB0882,39,B+,2023,7
4842,S0833,SUB0867,59,B,2025,4
4843,S0333,SUB0207,56,B,2022,4
4844,S0551,SUB0131,55,B,2024,3
4845,S0697,SUB0688,63,B+,2022,1
4846,S0027,SUB0434,46,A+,2025,6
4847,S0608,SUB0557,61,C,2022,6
4848,S0360,SUB0765,80,C,2023,3
4849,S0021,SUB0360,74,A+,2023,2
4850,S0367,SUB0679,86,A+,2026,5
4851,S0736,SUB0594,98,A,2025,3
4852,S0629,SUB0331,70,C,2025,1
4853,S0694,SUB0476,79,C,2024,7
4854,S0035,SUB0762,44,C,2023,2
4855,S0198,SUB0845,52,A,2026,1
4856,S0786,SUB0933,94,B,2026,5
4857,S0746,SUB0284,61,B+,2024,1
4858,S0040,SUB0298,54,A+,2024,2
4859,S0985,SUB0033,62,F,2022,6
4860,S0071,SUB0205,89,C,2026,8
4861,S0012,SUB0942,77,C,2026,8
4862,S0932,SUB0976,49,B+,2023,7
4863,S0789,SUB0490,89,B+,2022,1
4864,S0850,SUB0918,55,C,2024,3
4865,S0809,SUB0640,42,F,2023,7
4866,S0581,SUB0786,85,D,2025,7
4867,S0249,SUB0616,62,F,2024,6
4868,S0676,SUB0652,68,D,2024,4
4869,S0161,SUB0036,39,B,2022,8
4870,S0397,SUB0668,78,B+,2022,3
4871,S0343,SUB0285,57,B,2022,8
4872,S0140,SUB0873,98,A+,2022,8
4873,S0116,SUB0173,70,C,2022,1
4874,S0400,SUB0484,76,B+,2025,1
4875,S0435,SUB0234,75,C,2022,6
4876,S0303,SUB0003,73,B+,2026,7
4877,S0010,SUB0505,62,B,2022,6
4878,S0214,SUB0024,42,A+,2026,6
4879,S0683,SUB0780,47,A,2025,8
4880,S0873,SUB0756,54,B,2023,2
4881,S0082,SUB0512,35,F,2023,7
4882,S0253,SUB0564,84,B,2023,5
4883,S0419,SUB0293,74,B,2024,1
4884,S0989,SUB0917,68,D,2026,1
4885,S0703,SUB0692,76,F,2022,3
4886,S0253,SUB0774,66,F,2022,8
4887,S0387,SUB0470,37,A+,2025,1
4888,S0181,SUB0570,41,D,2025,7
4889,S0403,SUB0700,55,B+,2026,4
4890,S0221,SUB0455,42,F,2025,3
4891,S0155,SUB0891,55,C,2023,4
4892,S0721,SUB0584,48,A+,2024,3
4893,S0044,SUB0476,61,A+,2025,5
4894,S0956,SUB0050,83,A+,2026,8
4895,S0234,SUB0017,66,A+,2024,3
4896,S0894,SUB0990,91,F,2026,8
4897,S0752,SUB0120,79,B,2022,8
4898,S0588,SUB0941,73,B+,2023,4
4899,S0315,SUB0629,93,B+,2026,7
4900,S0093,SUB0341,100,B,2026,5
4901,S0100,SUB0264,54,C,2024,6
4902,S0787,SUB0214,52,F,2025,6
4903,S0447,SUB0262,67,B,2022,2
4904,S0816,SUB0896,90,B+,2026,2
4905,S0994,SUB0399,73,A,2022,6
4906,S0099,SUB0495,77,B+,2024,3
4907,S0035,SUB0340,70,D,2024,2
4908,S0445,SUB0235,62,F,2025,2
4909,S0250,SUB0432,45,D,2025,3
4910,S0754,SUB0545,56,B,2022,7
4911,S0932,SUB0168,49,D,2023,6
4912,S0992,SUB0863,93,A+,2026,7
4913,S0780,SUB0554,78,B+,2026,6
4914,S0812,SUB0348,98,C,2026,3
4915,S0654,SUB0585,98,D,2024,8
4916,S0153,SUB0534,77,F,2026,1
4917,S0151,SUB0911,43,C,2022,3
4918,S0260,SUB0180,87,C,2026,4
4919,S0249,SUB0433,89,B+,2024,5
4920,S0836,SUB0469,39,C,2023,4
4921,S0689,SUB0647,38,A,2026,3
4922,S0075,SUB0781,71,B,2022,8
4923,S0635,SUB0679,91,D,2023,1
4924,S0391,SUB0544,66,D,2022,8
4925,S0866,SUB0431,64,B+,2023,2
4926,S0163,SUB0507,57,A,2024,6
4927,S0538,SUB0599,44,C,2025,5
4928,S0340,SUB0047,92,B+,2024,7
4929,S0849,SUB0905,38,A,2024,8
4930,S0503,SUB0701,37,B,2024,5
4931,S0415,SUB0762,44,A,2025,6
4932,S0648,SUB0354,58,F,2023,6
4933,S0358,SUB0329,83,A+,2023,4
4934,S0746,SUB0463,100,B+,2024,5
4935,S0812,SUB0997,56,F,2024,2
4936,S0561,SUB0263,74,B+,2026,2
4937,S0871,SUB0808,56,A+,2026,5
4938,S0272,SUB0808,62,F,2023,6
4939,S0516,SUB0011,53,F,2025,2
4940,S0855,SUB0179,52,F,2024,4
4941,S0701,SUB0547,89,D,2024,7
4942,S0762,SUB0890,99,D,2023,1
4943,S0707,SUB0143,71,B,2024,5
4944,S0806,SUB0762,81,B,2025,1
4945,S0579,SUB0890,85,B,2022,6
4946,S0095,SUB0126,65,B+,2025,8
4947,S0355,SUB0671,99,F,2026,1
4948,S0007,SUB0793,75,B+,2024,6
4949,S0115,SUB0493,53,B+,2022,6
4950,S0481,SUB0303,64,A,2026,6
4951,S0265,SUB0766,55,B+,2026,4
4952,S0916,SUB0557,57,B,2026,1
4953,S0498,SUB0660,61,B+,2024,1
4954,S0713,SUB0878,47,C,2023,6
4955,S0982,SUB0678,78,B,2026,6
4956,S0504,SUB0798,82,A,2022,2
4957,S0684,SUB0076,51,D,2025,6
4958,S0177,SUB0053,86,B+,2026,4
4959,S0024,SUB0058,36,B,2024,7
4960,S0592,SUB0828,88,A,2023,6
4961,S0230,SUB0158,63,D,2026,2
4962,S0625,SUB0202,50,B,2023,6
4963,S0543,SUB0865,76,A+,2023,4
4964,S0347,SUB0312,96,B,2022,5
4965,S0474,SUB0852,62,A,2024,4
4966,S0241,SUB0476,47,D,2024,8
4967,S0933,SUB0586,45,B+,2023,2
4968,S0428,SUB0466,84,A,2025,5
4969,S0978,SUB0985,48,D,2023,5
4970,S0832,SUB0455,54,B,2025,8
4971,S0340,SUB0831,39,A,2026,7
4972,S0698,SUB0985,75,A+,2024,7
4973,S0482,SUB0506,36,F,2023,4
4974,S0653,SUB0238,44,D,2026,3
4975,S0510,SUB0832,64,B,2022,7
4976,S0066,SUB0706,38,C,2022,4
4977,S0854,SUB0857,42,B,2024,3
4978,S0273,SUB0320,51,A+,2024,6
4979,S0261,SUB0107,76,F,2025,3
4980,S0248,SUB0650,81,A,2026,8
4981,S0364,SUB0059,48,F,2022,4
4982,S0784,SUB0872,73,C,2023,5
4983,S0410,SUB0408,77,A,2023,2
4984,S0210,SUB0081,63,B+,2023,6
4985,S0428,SUB0573,93,A,2024,3
4986,S0267,SUB0145,57,A,2025,1
4987,S0888,SUB0417,39,B,2025,3
4988,S0518,SUB0766,72,A+,2024,3
4989,S0513,SUB0853,91,F,2023,4
4990,S0098,SUB0875,55,A+,2025,5
4991,S0699,SUB0179,64,A,2022,5
4992,S0041,SUB0081,55,B+,2024,2
4993,S0967,SUB0480,64,B,2023,7
4994,S0229,SUB0455,44,A+,2024,6
4995,S0933,SUB0963,50,B+,2025,1
4996,S0335,SUB0766,99,C,2023,6
4997,S0484,SUB0706,83,A,2022,8
4998,S0085,SUB0146,64,B+,2025,6
4999,S0600,SUB0551,72,B+,2026,2
5000,S0937,SUB0075,65,B+,2026,1
5001,S0336,SUB0754,52,A+,2024,7
5002,S0994,SUB0544,56,A,2024,5
5003,S0932,SUB0161,93,A+,2024,3
5004,S0417,SUB0249,41,F,2026,4
5005,S0799,SUB0510,76,D,2023,6
5006,S0081,SUB0257,70,A,2026,1
5007,S0188,SUB0396,48,D,2022,7
5008,S0426,SUB0734,40,F,2026,6
5009,S0358,SUB0749,54,A+,2023,6
5010,S0479,SUB0140,77,D,2026,8
5011,S0731,SUB0157,59,B,2022,7
5012,S0813,SUB0522,55,A,2022,8
5013,S0310,SUB0027,52,B,2025,1
5014,S0508,SUB0677,61,A+,2024,5
5015,S0143,SUB0705,96,B+,2025,6
5016,S0638,SUB0046,63,B+,2024,4
5017,S0569,SUB0842,80,A,2023,6
5018,S0330,SUB0361,53,B+,2023,7
5019,S0835,SUB0967,100,A+,2022,4
5020,S0292,SUB0091,97,A+,2025,3
5021,S0934,SUB0841,48,F,2022,8
5022,S0921,SUB0865,82,B,2023,1
5023,S0234,SUB0257,83,B,2022,3
5024,S0478,SUB0642,37,A,2026,2
5025,S0521,SUB0713,55,F,2023,8
5026,S0486,SUB0415,55,C,2026,8
5027,S0301,SUB0111,91,C,2024,5
5028,S0324,SUB0785,80,C,2022,5
5029,S0662,SUB0845,98,D,2025,7
5030,S0457,SUB0204,74,A+,2022,5
5031,S0042,SUB0537,72,B,2024,1
5032,S0944,SUB0554,62,C,2026,4
5033,S0476,SUB0624,83,B,2025,4
5034,S0816,SUB0329,38,A,2022,2
5035,S0846,SUB0404,80,C,2022,7
5036,S0225,SUB0120,53,A+,2025,4
5037,S0998,SUB0489,59,C,2026,7
5038,S0525,SUB0414,75,D,2022,2
5039,S0017,SUB0907,88,A+,2025,2
5040,S0820,SUB0833,50,A,2023,7
5041,S0355,SUB0419,51,F,2025,1
5042,S0727,SUB0735,49,D,2026,2
5043,S0676,SUB0853,52,B+,2024,5
5044,S0212,SUB0887,98,A+,2025,2
5045,S0393,SUB0852,39,A,2026,1
5046,S0570,SUB0559,89,B+,2025,6
5047,S0489,SUB0933,37,C,2023,1
5048,S0486,SUB0979,51,D,2023,2
5049,S0722,SUB0224,72,C,2023,7
5050,S0593,SUB0006,90,B,2022,2
5051,S0543,SUB0601,64,C,2023,1
5052,S0982,SUB0518,63,D,2023,8
5053,S0790,SUB0889,88,B,2024,4
5054,S0622,SUB0647,58,D,2025,5
5055,S0999,SUB0686,80,B+,2024,8
5056,S0912,SUB0382,71,B+,2023,4
5057,S0093,SUB0377,62,A,2024,6
5058,S0986,SUB0404,42,A+,2023,6
5059,S0141,SUB0850,45,A+,2024,6
5060,S0822,SUB0939,77,A+,2023,7
5061,S0632,SUB0479,79,C,2025,5
5062,S0352,SUB0535,66,D,2026,3
5063,S0347,SUB0376,80,A,2023,7
5064,S0204,SUB0531,86,D,2025,8
5065,S0373,SUB0759,49,D,2024,8
5066,S0463,SUB0724,88,D,2024,4
5067,S0924,SUB0855,54,A,2025,4
5068,S0565,SUB0247,63,A+,2026,1
5069,S0530,SUB0480,71,B,2026,6
5070,S0230,SUB0024,56,B+,2023,5
5071,S0366,SUB0902,61,A+,2023,4
5072,S0629,SUB0026,72,D,2025,4
5073,S0048,SUB0475,53,C,2023,1
5074,S0938,SUB0232,62,F,2022,1
5075,S0393,SUB0097,61,B+,2022,1
5076,S0596,SUB0291,44,A+,2024,7
5077,S0060,SUB0965,77,A+,2025,6
5078,S0301,SUB0102,70,A,2025,5
5079,S0696,SUB0872,53,F,2023,3
5080,S0043,SUB0747,92,C,2024,4
5081,S0141,SUB0857,47,B,2023,4
5082,S0931,SUB0384,35,A+,2025,1
5083,S0090,SUB0202,84,D,2024,8
5084,S0548,SUB0756,39,C,2025,7
5085,S0099,SUB0134,43,C,2026,4
5086,S0890,SUB0564,61,F,2026,6
5087,S0934,SUB0611,43,B,2025,8
5088,S0180,SUB0111,68,A+,2026,6
5089,S0840,SUB0626,98,C,2025,3
5090,S0197,SUB0901,98,F,2024,2
5091,S0805,SUB0181,41,D,2025,6
5092,S0853,SUB0043,59,D,2026,8
5093,S0675,SUB0877,40,B,2025,3
5094,S0329,SUB0142,86,A+,2023,1
5095,S0528,SUB0131,94,B+,2023,4
5096,S0948,SUB0377,42,B,2022,3
5097,S0920,SUB0102,89,D,2024,2
5098,S0668,SUB0894,36,A,2024,5
5099,S0617,SUB0499,39,A+,2023,8
5100,S0747,SUB0093,60,C,2025,4
5101,S0416,SUB0828,67,A+,2022,5
5102,S1000,SUB0113,41,D,2024,7
5103,S0181,SUB0857,53,F,2026,7
5104,S0050,SUB0452,68,C,2023,6
5105,S0505,SUB0936,90,C,2023,1
5106,S0919,SUB0472,87,A+,2022,7
5107,S0143,SUB0914,50,A,2026,3
5108,S0672,SUB0741,57,F,2023,1
5109,S0089,SUB0253,52,B+,2022,4
5110,S0069,SUB0020,65,C,2026,8
5111,S0090,SUB0543,84,A,2024,3
5112,S0443,SUB0085,52,D,2024,4
5113,S0418,SUB0110,99,B+,2023,1
5114,S0659,SUB0981,35,F,2022,6
5115,S0076,SUB0030,45,C,2024,1
5116,S0207,SUB0285,65,C,2023,5
5117,S0794,SUB0221,65,A,2026,4
5118,S0918,SUB0943,71,F,2022,8
5119,S0587,SUB0381,42,B+,2026,6
5120,S0882,SUB0009,48,A,2023,6
5121,S0818,SUB0152,95,B,2024,7
5122,S0197,SUB0619,37,B,2024,7
5123,S0317,SUB0437,95,C,2022,3
5124,S0546,SUB0590,94,D,2024,3
5125,S0242,SUB0972,84,C,2026,6
5126,S0982,SUB0458,59,C,2022,8
5127,S0861,SUB0506,48,B,2022,4
5128,S0473,SUB0452,85,A+,2023,2
5129,S0430,SUB0606,62,F,2024,5
5130,S0687,SUB0655,67,C,2026,7
5131,S0990,SUB0860,70,B,2024,3
5132,S0183,SUB0644,51,F,2023,1
5133,S0437,SUB0619,75,F,2022,4
5134,S0976,SUB0552,42,A+,2024,2
5135,S0461,SUB0450,96,F,2024,1
5136,S0087,SUB0471,58,C,2025,1
5137,S0786,SUB0125,78,B+,2025,3
5138,S0636,SUB0335,46,F,2025,7
5139,S0311,SUB0523,73,A+,2022,2
5140,S0017,SUB0477,76,B,2025,6
5141,S0636,SUB0594,82,F,2023,3
5142,S0856,SUB0655,51,D,2023,5
5143,S0325,SUB0054,54,A+,2025,6
5144,S0241,SUB0677,89,A+,2025,8
5145,S0889,SUB0209,58,B,2025,4
5146,S0352,SUB0856,52,C,2024,1
5147,S0535,SUB0222,90,C,2025,5
5148,S0113,SUB0245,40,C,2022,7
5149,S0356,SUB0216,76,A,2024,6
5150,S0071,SUB0436,38,F,2026,2
5151,S0670,SUB0110,86,D,2025,3
5152,S0917,SUB0286,87,C,2024,1
5153,S0207,SUB0338,62,A+,2023,1
5154,S0797,SUB0702,74,A,2024,7
5155,S0884,SUB0848,81,B+,2025,7
5156,S0930,SUB0404,67,C,2025,1
5157,S0322,SUB0858,35,F,2024,6
5158,S0965,SUB0734,67,A,2024,2
5159,S0941,SUB0938,60,B,2025,2
5160,S0142,SUB0272,61,B+,2022,8
5161,S0766,SUB0091,39,C,2026,3
5162,S0539,SUB0229,92,A+,2023,2
5163,S0812,SUB0291,82,C,2026,8
5164,S0813,SUB0514,78,A+,2026,7
5165,S0679,SUB0143,68,B+,2024,4
5166,S0523,SUB0566,42,A+,2025,4
5167,S0084,SUB0102,92,D,2026,2
5168,S0615,SUB0913,58,B,2025,6
5169,S0507,SUB0086,35,F,2025,3
5170,S0053,SUB0785,70,A+,2026,8
5171,S0777,SUB0501,47,F,2023,7
5172,S0552,SUB0078,72,A+,2022,8
5173,S0087,SUB0314,85,B+,2022,2
5174,S0339,SUB0733,41,B+,2024,7
5175,S0683,SUB0661,68,C,2023,2
5176,S0436,SUB0338,77,B+,2026,5
5177,S0368,SUB0617,93,D,2024,2
5178,S0440,SUB0779,82,C,2024,8
5179,S0833,SUB0821,47,D,2024,3
5180,S0399,SUB0929,40,B+,2026,7
5181,S0923,SUB0623,89,A+,2022,4
5182,S0957,SUB0224,55,A,2024,2
5183,S0389,SUB0867,47,C,2023,3
5184,S0402,SUB0054,71,F,2022,2
5185,S0691,SUB0707,70,B+,2025,6
5186,S0309,SUB0057,85,F,2026,8
5187,S0995,SUB0856,56,A+,2022,4
5188,S0864,SUB0352,87,B,2026,6
5189,S0114,SUB0891,90,B+,2026,1
5190,S0936,SUB0797,67,A+,2022,5
5191,S0414,SUB0738,90,A+,2022,4
5192,S0541,SUB0538,54,D,2023,1
5193,S0641,SUB0286,36,B,2024,5
5194,S0196,SUB0502,70,D,2022,3
5195,S0993,SUB0543,94,A,2024,1
5196,S0540,SUB0650,49,F,2025,5
5197,S0606,SUB0099,57,F,2024,8
5198,S0371,SUB0573,54,A,2023,1
5199,S0797,SUB0190,66,C,2025,2
5200,S0331,SUB0797,82,F,2023,5
5201,S0470,SUB0829,55,A+,2024,4
5202,S0825,SUB0009,45,A+,2025,6
5203,S0477,SUB0770,68,F,2024,8
5204,S0525,SUB0977,49,B+,2026,7
5205,S0026,SUB0659,65,C,2026,7
5206,S0757,SUB0668,72,C,2025,2
5207,S1000,SUB0596,39,B,2024,1
5208,S0503,SUB0485,50,D,2024,2
5209,S0369,SUB0828,56,C,2024,4
5210,S0907,SUB0371,52,B+,2024,6
5211,S0583,SUB0005,99,A+,2022,2
5212,S0980,SUB0288,95,C,2026,2
5213,S0888,SUB0231,72,A+,2025,5
5214,S0466,SUB0437,58,B,2025,4
5215,S0100,SUB0775,57,C,2022,4
5216,S0803,SUB0199,59,B+,2024,5
5217,S0511,SUB0955,85,A,2026,7
5218,S0177,SUB0805,67,F,2025,5
5219,S0957,SUB0556,74,A+,2023,1
5220,S0556,SUB0607,94,D,2023,7
5221,S0812,SUB0416,81,A,2024,6
5222,S0256,SUB0932,84,C,2024,6
5223,S0798,SUB0090,97,A+,2025,8
5224,S0023,SUB0658,44,C,2024,1
5225,S0499,SUB0241,47,F,2024,3
5226,S0449,SUB0134,61,A+,2023,8
5227,S0664,SUB0338,52,B,2025,4
5228,S0137,SUB0206,71,B+,2022,1
5229,S0899,SUB0866,36,D,2024,2
5230,S0431,SUB0938,46,B+,2023,4
5231,S0292,SUB0827,85,A+,2026,2
5232,S0578,SUB0104,47,C,2026,4
5233,S0205,SUB0011,42,A+,2023,3
5234,S0132,SUB0359,59,F,2025,6
5235,S0543,SUB0140,58,B,2023,5
5236,S0287,SUB0542,35,B,2024,4
5237,S0190,SUB0896,76,F,2025,5
5238,S0205,SUB0487,63,F,2024,5
5239,S0229,SUB0864,97,B,2024,5
5240,S0313,SUB0871,100,A,2025,2
5241,S0511,SUB0269,74,A,2022,2
5242,S0366,SUB0261,55,D,2026,7
5243,S0140,SUB0322,67,F,2022,4
5244,S0542,SUB0512,77,A,2023,4
5245,S0137,SUB0766,62,C,2025,5
5246,S0780,SUB0300,88,A,2022,7
5247,S0662,SUB0445,52,B,2023,8
5248,S0478,SUB0969,41,A+,2024,1
5249,S0641,SUB0571,71,B,2026,3
5250,S0710,SUB0244,72,A,2024,1
5251,S0594,SUB0068,60,B+,2023,6
5252,S0241,SUB0327,81,B,2022,1
5253,S0645,SUB0624,90,A+,2026,8
5254,S0638,SUB0706,45,B,2022,2
5255,S0775,SUB0980,81,B+,2024,2
5256,S0424,SUB0128,52,A,2023,2
5257,S0013,SUB0189,43,B,2022,2
5258,S0031,SUB0007,42,D,2023,2
5259,S0467,SUB0073,71,D,2026,5
5260,S0834,SUB0851,36,A+,2024,3
5261,S0036,SUB0831,39,F,2026,5
5262,S0066,SUB0302,58,D,2024,6
5263,S0731,SUB0777,43,C,2026,4
5264,S0535,SUB0569,98,C,2024,3
5265,S0074,SUB0418,66,D,2024,1
5266,S0438,SUB0073,41,B,2022,1
5267,S0400,SUB0267,92,C,2022,3
5268,S0792,SUB0553,69,B+,2024,7
5269,S0759,SUB0643,56,B+,2024,4
5270,S0738,SUB0898,66,F,2024,3
5271,S0571,SUB0898,87,B,2025,7
5272,S0090,SUB0241,49,F,2024,2
5273,S0357,SUB0864,55,B,2022,3
5274,S0598,SUB0209,38,B,2024,3
5275,S0166,SUB0479,37,F,2025,4
5276,S0398,SUB0577,40,F,2026,6
5277,S0016,SUB0035,75,D,2025,1
5278,S0777,SUB0447,71,D,2026,7
5279,S0316,SUB0678,46,B+,2026,3
5280,S0145,SUB0234,71,F,2022,8
5281,S0436,SUB0606,88,B,2022,2
5282,S0808,SUB0616,97,C,2023,4
5283,S0121,SUB0197,92,B,2022,2
5284,S0783,SUB0804,60,B,2026,5
5285,S0218,SUB0686,53,B,2022,6
5286,S0488,SUB0360,69,D,2023,5
5287,S0191,SUB0507,72,D,2026,1
5288,S0367,SUB0636,60,B+,2023,2
5289,S0823,SUB0271,43,B+,2024,3
5290,S0895,SUB0392,41,A+,2025,1
5291,S0348,SUB0905,91,B+,2025,5
5292,S0134,SUB0932,67,A+,2026,2
5293,S0223,SUB0050,38,B+,2025,6
5294,S0132,SUB0110,72,B+,2023,6
5295,S0321,SUB0940,72,B,2026,7
5296,S0029,SUB0199,81,B,2022,4
5297,S0492,SUB0192,85,F,2024,5
5298,S0013,SUB0943,59,B,2026,4
5299,S0732,SUB0331,56,D,2024,3
5300,S0943,SUB0462,46,A+,2026,4
5301,S0599,SUB0029,73,B+,2022,7
5302,S0493,SUB0155,55,C,2024,5
5303,S0432,SUB0828,58,A+,2025,4
5304,S0620,SUB0017,42,B,2022,6
5305,S0468,SUB0675,69,D,2024,3
5306,S0414,SUB0328,39,B,2026,1
5307,S0667,SUB0353,38,F,2022,2
5308,S0997,SUB0815,60,B,2023,5
5309,S0128,SUB0635,40,F,2023,7
5310,S0098,SUB0033,85,A+,2026,7
5311,S0494,SUB0630,89,F,2022,2
5312,S0287,SUB0140,92,A,2025,5
5313,S0883,SUB0146,63,C,2026,2
5314,S0341,SUB0818,68,B+,2025,4
5315,S0609,SUB0878,82,A,2024,1
5316,S0096,SUB0967,39,C,2022,5
5317,S0116,SUB0433,75,D,2025,1
5318,S0973,SUB0800,45,F,2024,5
5319,S0270,SUB0386,78,B+,2026,8
5320,S0109,SUB0695,40,C,2024,1
5321,S0218,SUB0409,53,B+,2023,7
5322,S0249,SUB0640,51,A+,2023,1
5323,S0933,SUB0677,78,B+,2025,3
5324,S0055,SUB0435,88,B+,2025,6
5325,S0822,SUB0886,84,B+,2024,6
5326,S0087,SUB0194,35,D,2023,6
5327,S0698,SUB0861,51,A,2022,6
5328,S0247,SUB0291,56,B,2023,3
5329,S0277,SUB0588,80,B+,2026,1
5330,S0369,SUB0354,48,D,2025,3
5331,S0148,SUB0473,76,F,2025,3
5332,S0507,SUB0848,90,B+,2025,4
5333,S0406,SUB0082,40,B+,2022,8
5334,S0925,SUB0266,88,A,2023,5
5335,S0573,SUB0910,53,F,2022,7
5336,S0113,SUB0506,37,A,2024,6
5337,S0054,SUB0462,94,B,2023,4
5338,S0821,SUB0637,61,F,2022,5
5339,S0432,SUB0108,80,D,2023,2
5340,S0688,SUB0979,48,A+,2022,2
5341,S0529,SUB0619,73,F,2025,6
5342,S0058,SUB0262,76,A,2026,3
5343,S0080,SUB0449,42,D,2022,7
5344,S0622,SUB0228,86,C,2024,3
5345,S0883,SUB0023,95,B,2026,4
5346,S0810,SUB0333,36,B+,2026,1
5347,S0823,SUB0416,64,B+,2024,1
5348,S0646,SUB0878,66,B,2024,7
5349,S0926,SUB0292,65,B+,2026,1
5350,S0231,SUB0707,91,C,2022,7
5351,S0291,SUB0163,92,A+,2024,4
5352,S0363,SUB0342,88,D,2025,1
5353,S0485,SUB0839,95,A,2024,5
5354,S0390,SUB0586,37,C,2023,4
5355,S0182,SUB0625,48,B+,2025,8
5356,S0398,SUB0604,83,A+,2025,4
5357,S0619,SUB0787,92,A+,2022,2
5358,S0760,SUB0284,49,B+,2023,4
5359,S0373,SUB0290,98,B+,2023,4
5360,S0881,SUB0391,61,D,2026,4
5361,S0986,SUB0904,87,B+,2023,7
5362,S0580,SUB0904,93,C,2022,4
5363,S0609,SUB0756,86,C,2024,3
5364,S0809,SUB0401,35,A+,2026,8
5365,S0698,SUB0187,99,F,2025,7
5366,S0527,SUB0694,40,D,2022,6
5367,S0251,SUB0761,100,F,2024,2
5368,S0548,SUB0271,99,D,2025,1
5369,S0323,SUB0260,64,A+,2022,3
5370,S0772,SUB0602,35,C,2023,4
5371,S0593,SUB0556,62,B+,2024,7
5372,S0984,SUB0182,72,B,2025,2
5373,S0119,SUB0093,90,C,2023,1
5374,S0533,SUB0503,62,B,2025,3
5375,S0206,SUB0667,40,A+,2026,6
5376,S0065,SUB0090,81,F,2025,1
5377,S0023,SUB0924,83,B,2023,3
5378,S0307,SUB0246,74,A,2026,8
5379,S0429,SUB0035,63,C,2024,7
5380,S0531,SUB0272,60,C,2026,8
5381,S0309,SUB0778,59,A,2022,1
5382,S0103,SUB0182,78,B,2025,5
5383,S0793,SUB0469,88,A+,2026,7
5384,S0553,SUB0634,84,D,2023,8
5385,S0720,SUB0991,61,F,2022,1
5386,S0512,SUB0532,51,B+,2023,4
5387,S0756,SUB0129,78,C,2024,4
5388,S0799,SUB0171,62,B+,2025,8
5389,S0562,SUB0925,68,F,2023,3
5390,S0568,SUB0797,98,B,2026,6
5391,S0814,SUB0614,76,A,2025,3
5392,S0142,SUB0424,69,C,2023,7
5393,S0103,SUB0205,37,D,2026,4
5394,S0722,SUB0425,64,C,2025,4
5395,S0182,SUB0857,42,C,2023,8
5396,S0411,SUB0578,39,D,2022,7
5397,S0516,SUB0613,51,B+,2023,4
5398,S0561,SUB0966,61,D,2026,1
5399,S0539,SUB0100,79,A,2025,6
5400,S0383,SUB0468,86,A+,2025,8
5401,S0477,SUB0360,48,A,2025,4
5402,S0033,SUB0512,35,B+,2025,2
5403,S0778,SUB0165,69,D,2023,4
5404,S0961,SUB0206,53,A+,2026,6
5405,S0762,SUB0205,61,B+,2024,2
5406,S0225,SUB0389,82,B+,2026,3
5407,S0051,SUB0675,55,B,2024,2
5408,S0924,SUB0873,42,A,2025,3
5409,S0078,SUB0139,85,A,2023,7
5410,S0806,SUB0465,45,F,2026,5
5411,S0735,SUB0900,89,B+,2022,6
5412,S0861,SUB0401,69,A+,2022,8
5413,S0455,SUB0837,73,A+,2026,5
5414,S0417,SUB0685,83,F,2023,4
5415,S0855,SUB0777,59,B+,2022,2
5416,S0642,SUB0316,97,A+,2026,4
5417,S0230,SUB0065,96,A+,2025,3
5418,S0443,SUB0787,61,B,2023,3
5419,S0352,SUB0603,77,F,2022,3
5420,S0432,SUB0679,68,D,2022,8
5421,S0541,SUB0498,70,D,2024,5
5422,S0704,SUB0071,61,A,2024,3
5423,S0048,SUB0441,92,D,2023,4
5424,S0283,SUB0349,51,A,2026,1
5425,S0739,SUB0804,54,C,2026,6
5426,S0835,SUB0463,49,A+,2026,3
5427,S0946,SUB0540,84,A+,2023,2
5428,S0355,SUB0600,90,A,2026,8
5429,S0036,SUB0901,57,B,2026,6
5430,S0104,SUB0570,61,B+,2025,1
5431,S0977,SUB0091,48,C,2024,8
5432,S0657,SUB0866,49,D,2023,3
5433,S0073,SUB0288,50,D,2023,8
5434,S1000,SUB0827,67,D,2023,1
5435,S0100,SUB0874,58,F,2022,1
5436,S0935,SUB0110,56,C,2024,5
5437,S0866,SUB0538,37,D,2025,7
5438,S0843,SUB0645,79,D,2025,5
5439,S0559,SUB0866,91,B,2024,5
5440,S0610,SUB0066,51,B+,2026,1
5441,S0171,SUB0670,97,B+,2025,4
5442,S0928,SUB0058,64,D,2024,7
5443,S0033,SUB0280,81,D,2022,1
5444,S0869,SUB0757,81,D,2022,4
5445,S0875,SUB0906,48,A+,2022,6
5446,S0139,SUB0566,63,A+,2024,6
5447,S0599,SUB0348,84,F,2025,1
5448,S0692,SUB0580,63,F,2022,8
5449,S0963,SUB0276,92,B,2026,7
5450,S0043,SUB0563,53,F,2023,4
5451,S0743,SUB0837,66,A+,2026,3
5452,S0673,SUB0681,57,F,2025,7
5453,S0248,SUB0092,59,C,2024,6
5454,S0259,SUB0899,74,F,2025,6
5455,S0567,SUB0596,78,B+,2024,4
5456,S0481,SUB0536,57,A,2025,8
5457,S0425,SUB0702,91,A+,2024,2
5458,S0479,SUB0100,94,A,2023,8
5459,S0082,SUB0865,41,A,2022,8
5460,S0982,SUB0897,68,A+,2026,1
5461,S0359,SUB0014,81,A+,2025,3
5462,S0719,SUB0447,86,A+,2026,7
5463,S0471,SUB0169,80,C,2025,4
5464,S0758,SUB0067,95,D,2023,8
5465,S0197,SUB0542,49,B,2023,4
5466,S0172,SUB0963,96,D,2024,1
5467,S0135,SUB0592,84,F,2026,5
5468,S0138,SUB0456,78,A,2023,3
5469,S0609,SUB0617,51,B+,2026,4
5470,S0240,SUB0865,43,D,2022,5
5471,S0582,SUB0252,73,F,2022,3
5472,S0285,SUB0733,100,A,2022,1
5473,S0768,SUB0783,35,A+,2025,7
5474,S0168,SUB0579,91,A,2023,8
5475,S0017,SUB0585,56,C,2024,3
5476,S0121,SUB0151,98,B+,2026,4
5477,S0544,SUB0706,68,D,2023,8
5478,S0717,SUB0462,46,B+,2025,7
5479,S0118,SUB0877,55,F,2023,8
5480,S0461,SUB0121,41,B+,2024,3
5481,S0477,SUB0798,69,F,2023,4
5482,S0010,SUB0754,48,B+,2025,1
5483,S0489,SUB0704,94,B,2024,6
5484,S0648,SUB0515,79,F,2024,4
5485,S0131,SUB0711,46,B,2022,1
5486,S0982,SUB0459,80,F,2026,8
5487,S0924,SUB0512,97,A,2023,7
5488,S0284,SUB0491,39,A+,2025,1
5489,S0198,SUB0756,61,A,2023,5
5490,S0980,SUB0651,61,A,2026,3
5491,S0851,SUB0752,83,F,2022,2
5492,S0474,SUB0959,53,A+,2024,1
5493,S0843,SUB0763,45,A+,2025,7
5494,S0121,SUB0606,45,C,2026,7
5495,S0305,SUB0586,70,B+,2025,3
5496,S0359,SUB0334,58,D,2023,4
5497,S0407,SUB0987,92,A+,2026,8
5498,S0497,SUB0970,53,B,2026,5
5499,S0965,SUB0551,45,A+,2025,4
5500,S0779,SUB0900,100,B+,2025,8
5501,S0063,SUB0032,37,B,2024,7
5502,S0916,SUB0644,93,A,2026,8
5503,S0184,SUB0736,61,F,2026,1
5504,S0769,SUB0403,58,C,2024,6
5505,S0222,SUB0023,82,B,2022,8
5506,S0521,SUB0316,53,A+,2024,7
5507,S0938,SUB0707,59,A,2024,5
5508,S0850,SUB0071,70,B+,2025,5
5509,S0198,SUB0310,64,D,2024,7
5510,S0761,SUB0224,92,B+,2026,1
5511,S0696,SUB0402,63,F,2026,6
5512,S0386,SUB0054,93,D,2024,5
5513,S0725,SUB0409,96,A+,2023,6
5514,S0977,SUB0328,77,D,2025,1
5515,S0298,SUB0639,73,F,2026,5
5516,S0622,SUB0176,40,C,2023,5
5517,S0193,SUB0599,81,B,2023,2
5518,S0911,SUB0554,37,C,2023,1
5519,S0998,SUB0983,39,B,2025,8
5520,S0315,SUB0610,73,A+,2026,5
5521,S0408,SUB0829,54,B,2026,5
5522,S0827,SUB0993,62,F,2026,7
5523,S0833,SUB0400,76,F,2025,8
5524,S0051,SUB0037,68,B,2023,4
5525,S0012,SUB0231,86,B,2022,6
5526,S0527,SUB0294,67,A,2023,2
5527,S0329,SUB0427,83,A,2026,3
5528,S0845,SUB0110,84,B+,2022,4
5529,S0563,SUB0146,67,D,2023,4
5530,S0025,SUB0319,97,B,2024,3
5531,S0497,SUB0171,91,A,2023,8
5532,S0805,SUB0334,35,D,2024,5
5533,S0124,SUB0654,52,B,2026,8
5534,S0927,SUB0440,50,D,2023,4
5535,S0472,SUB0626,86,F,2026,6
5536,S0499,SUB0309,100,A,2025,1
5537,S0543,SUB0837,51,A+,2024,6
5538,S0450,SUB0514,69,A,2026,1
5539,S0729,SUB0638,48,D,2022,8
5540,S0915,SUB0133,87,C,2026,4
5541,S0785,SUB0763,40,C,2024,7
5542,S0068,SUB0675,37,B,2024,6
5543,S0059,SUB0246,72,B+,2024,7
5544,S0903,SUB0519,72,D,2024,6
5545,S0976,SUB0703,70,D,2024,8
5546,S0518,SUB0028,46,F,2022,2
5547,S0387,SUB0527,75,A+,2022,1
5548,S0157,SUB0634,83,A+,2022,5
5549,S0863,SUB0577,62,B+,2024,7
5550,S0517,SUB0559,41,A+,2023,2
5551,S0769,SUB0870,43,B,2022,5
5552,S0196,SUB0797,81,D,2024,5
5553,S0376,SUB0681,71,B,2022,1
5554,S0129,SUB0211,65,B+,2025,1
5555,S0495,SUB0459,88,B,2025,7
5556,S0519,SUB0737,60,A+,2022,5
5557,S0283,SUB0038,100,C,2024,4
5558,S0529,SUB0754,52,F,2026,3
5559,S0906,SUB0873,65,F,2022,2
5560,S0476,SUB0063,82,B,2026,7
5561,S0882,SUB0488,45,C,2024,2
5562,S0134,SUB0699,48,F,2023,3
5563,S0353,SUB0239,46,C,2024,2
5564,S0318,SUB0316,82,A,2022,5
5565,S0926,SUB0769,52,F,2025,7
5566,S0563,SUB0482,36,B,2026,3
5567,S0072,SUB0327,67,A,2025,2
5568,S0217,SUB0539,44,D,2025,3
5569,S0619,SUB0848,50,B,2022,2
5570,S0863,SUB0366,71,D,2023,5
5571,S0121,SUB0132,59,B,2025,4
5572,S0877,SUB0205,65,D,2025,5
5573,S0322,SUB0095,76,A+,2025,1
5574,S0566,SUB0743,50,A+,2026,7
5575,S0620,SUB0216,60,B,2025,2
5576,S0085,SUB0949,87,F,2025,5
5577,S0271,SUB0180,82,F,2026,3
5578,S0446,SUB0175,86,D,2025,2
5579,S0982,SUB0944,61,C,2022,4
5580,S0106,SUB0045,41,F,2022,6
5581,S0550,SUB0014,63,D,2025,2
5582,S0444,SUB0427,93,A+,2026,1
5583,S0381,SUB0550,72,A+,2025,6
5584,S0851,SUB0195,62,A+,2022,7
5585,S0374,SUB0614,61,C,2022,8
5586,S0801,SUB0449,84,C,2022,3
5587,S0417,SUB0488,84,A+,2024,7
5588,S0793,SUB0312,52,D,2022,2
5589,S0922,SUB0498,76,A+,2025,7
5590,S0919,SUB0454,47,A,2025,1
5591,S0746,SUB0982,50,D,2022,5
5592,S0633,SUB0119,100,D,2025,8
5593,S0509,SUB0839,51,C,2022,5
5594,S0732,SUB0207,96,A+,2023,6
5595,S0665,SUB0060,40,D,2025,4
5596,S0620,SUB0733,90,B+,2022,3
5597,S0487,SUB0089,86,B,2023,1
5598,S0718,SUB0467,78,D,2026,4
5599,S0735,SUB0698,43,B,2023,8
5600,S0129,SUB0152,86,B,2025,8
5601,S0793,SUB0569,45,D,2025,6
5602,S0024,SUB0748,61,C,2025,5
5603,S0905,SUB0135,52,B+,2024,4
5604,S0443,SUB0359,64,F,2022,7
5605,S0547,SUB0379,50,F,2024,5
5606,S0358,SUB0139,86,D,2023,4
5607,S0656,SUB0938,37,F,2022,1
5608,S0755,SUB0766,66,F,2024,4
5609,S0618,SUB0952,54,A+,2022,6
5610,S0032,SUB0133,77,F,2026,5
5611,S0096,SUB0350,41,A,2025,7
5612,S0044,SUB0622,61,B+,2024,5
5613,S0764,SUB0085,92,D,2023,5
5614,S0564,SUB0217,86,D,2022,8
5615,S0934,SUB0566,76,A+,2022,3
5616,S0199,SUB0071,38,B,2025,6
5617,S0128,SUB0985,61,A,2025,2
5618,S0129,SUB0285,85,B+,2025,4
5619,S0441,SUB0547,38,B,2023,4
5620,S0615,SUB0847,73,F,2022,6
5621,S0692,SUB0804,75,B,2023,2
5622,S0190,SUB0215,98,F,2023,1
5623,S0756,SUB0281,45,C,2022,2
5624,S0075,SUB0128,64,F,2025,3
5625,S0242,SUB0096,95,A+,2022,4
5626,S0795,SUB0837,51,A+,2022,6
5627,S0655,SUB0139,75,A+,2025,3
5628,S0852,SUB0839,43,B,2023,7
5629,S0285,SUB0534,56,B+,2026,6
5630,S0553,SUB0355,64,C,2022,5
5631,S0152,SUB0873,73,C,2023,8
5632,S0203,SUB0004,40,A+,2022,1
5633,S0951,SUB0901,55,D,2025,6
5634,S0748,SUB0938,39,A+,2022,1
5635,S0944,SUB0694,52,F,2025,4
5636,S0134,SUB0089,63,B,2022,1
5637,S0483,SUB0028,94,B,2024,5
5638,S0536,SUB0459,99,B+,2025,5
5639,S0465,SUB0308,75,B+,2024,5
5640,S0068,SUB0645,97,A+,2023,2
5641,S0378,SUB0564,80,A+,2026,7
5642,S0047,SUB0531,57,B,2024,6
5643,S0871,SUB0293,60,A+,2026,8
5644,S0166,SUB0835,99,A+,2026,4
5645,S0901,SUB0908,83,C,2025,2
5646,S0158,SUB0566,74,B+,2024,8
5647,S0126,SUB0805,70,A,2026,3
5648,S0444,SUB0949,42,B+,2023,8
5649,S0083,SUB0651,78,D,2025,2
5650,S0868,SUB0441,90,B+,2025,6
5651,S0926,SUB0350,71,B,2026,7
5652,S0703,SUB0483,99,D,2026,7
5653,S0248,SUB0731,80,B+,2022,8
5654,S0337,SUB0556,84,C,2025,6
5655,S0817,SUB0569,81,C,2026,7
5656,S0211,SUB0293,61,B+,2022,8
5657,S0657,SUB0315,70,C,2024,4
5658,S0936,SUB0705,91,B+,2024,7
5659,S0315,SUB0489,45,F,2025,3
5660,S0704,SUB0881,47,A,2023,2
5661,S0490,SUB0027,75,C,2023,6
5662,S0956,SUB0387,42,B,2026,1
5663,S0454,SUB0613,64,A,2026,1
5664,S0127,SUB0628,40,B,2025,4
5665,S0774,SUB0566,51,B+,2023,2
5666,S0103,SUB0512,43,A+,2022,6
5667,S0436,SUB0652,35,A+,2023,5
5668,S0320,SUB0760,69,C,2025,8
5669,S0493,SUB0871,97,B+,2026,7
5670,S0635,SUB0093,81,B,2025,7
5671,S0244,SUB0929,72,B+,2022,3
5672,S0852,SUB0236,38,F,2025,3
5673,S0475,SUB0374,83,D,2024,8
5674,S0398,SUB0704,83,F,2025,4
5675,S0433,SUB0681,92,C,2025,1
5676,S0810,SUB0164,100,A+,2025,6
5677,S0253,SUB0249,83,D,2023,2
5678,S0065,SUB0101,81,B+,2026,8
5679,S0956,SUB0243,65,B,2022,1
5680,S0863,SUB0058,37,F,2023,3
5681,S0499,SUB0307,70,A,2024,4
5682,S0505,SUB0180,83,B,2022,2
5683,S0716,SUB0602,45,B,2026,3
5684,S0378,SUB0446,87,B,2026,2
5685,S0795,SUB0080,55,D,2026,5
5686,S0971,SUB0331,40,B+,2025,5
5687,S0646,SUB0453,50,F,2022,8
5688,S0443,SUB0354,60,F,2022,7
5689,S0856,SUB0086,54,B,2022,2
5690,S0641,SUB0839,62,F,2024,2
5691,S0294,SUB0418,80,A,2022,1
5692,S0730,SUB0511,39,C,2024,8
5693,S0512,SUB0199,50,A+,2025,4
5694,S0777,SUB0091,94,D,2022,5
5695,S0292,SUB0203,85,F,2022,4
5696,S0372,SUB0337,99,F,2022,2
5697,S0072,SUB0186,76,A,2024,3
5698,S0642,SUB0800,73,A+,2026,3
5699,S0763,SUB0145,88,D,2025,3
5700,S0464,SUB0722,51,F,2025,7
5701,S0365,SUB0451,93,D,2022,8
5702,S0707,SUB0566,88,A+,2026,1
5703,S0171,SUB0986,95,F,2026,2
5704,S0497,SUB0927,91,D,2022,6
5705,S0971,SUB0428,49,A+,2026,7
5706,S0822,SUB0834,93,B+,2024,4
5707,S0509,SUB0194,46,A+,2022,1
5708,S0755,SUB0170,93,B,2026,7
5709,S0092,SUB0288,45,B,2022,8
5710,S0367,SUB0649,37,A,2024,4
5711,S0816,SUB0093,97,F,2022,6
5712,S0378,SUB0941,45,F,2022,8
5713,S0549,SUB0755,45,A,2024,7
5714,S0660,SUB0573,69,A+,2026,7
5715,S0625,SUB0984,56,B+,2025,2
5716,S0111,SUB0038,70,A+,2022,3
5717,S0307,SUB0765,46,A+,2022,4
5718,S0114,SUB0898,70,F,2025,6
5719,S0083,SUB0900,48,B+,2022,2
5720,S0498,SUB0094,73,A+,2022,7
5721,S0524,SUB0474,76,F,2024,3
5722,S0332,SUB0931,86,C,2024,3
5723,S0460,SUB0993,87,D,2026,2
5724,S0616,SUB0164,87,F,2022,4
5725,S0364,SUB0220,35,A+,2026,8
5726,S0065,SUB0911,91,C,2022,1
5727,S0838,SUB0921,93,A+,2025,1
5728,S0216,SUB0384,55,A+,2026,6
5729,S0560,SUB0086,44,F,2024,7
5730,S0668,SUB0798,44,B+,2026,3
5731,S0452,SUB0033,82,C,2025,8
5732,S0609,SUB0571,89,A,2023,5
5733,S0972,SUB0486,74,A+,2025,4
5734,S0479,SUB0219,96,B,2026,7
5735,S0292,SUB0875,74,B+,2022,1
5736,S0851,SUB0847,86,C,2026,4
5737,S0402,SUB0157,73,A,2025,1
5738,S0991,SUB0969,37,D,2023,5
5739,S0904,SUB0508,37,B+,2025,8
5740,S0194,SUB0874,98,B,2023,5
5741,S0118,SUB0869,79,D,2025,1
5742,S0517,SUB0467,48,A+,2026,7
5743,S0073,SUB0084,63,C,2023,7
5744,S0268,SUB0433,53,F,2026,6
5745,S0771,SUB0721,39,B+,2022,1
5746,S0928,SUB0230,38,A+,2022,8
5747,S0218,SUB0557,58,B,2024,7
5748,S0278,SUB0728,42,B+,2025,1
5749,S0262,SUB0383,69,C,2026,2
5750,S0273,SUB0368,71,F,2025,1
5751,S0263,SUB0127,56,A,2022,1
5752,S0440,SUB0960,49,A+,2025,5
5753,S0678,SUB0744,91,F,2025,7
5754,S0326,SUB0121,77,A+,2023,5
5755,S0055,SUB0238,39,F,2026,1
5756,S0777,SUB0631,52,A+,2023,6
5757,S0076,SUB0973,97,C,2025,4
5758,S0827,SUB0075,65,F,2023,7
5759,S0017,SUB0575,61,B,2024,8
5760,S0151,SUB0965,62,A,2024,8
5761,S0225,SUB0111,75,B+,2022,3
5762,S0450,SUB0996,89,A,2024,4
5763,S0176,SUB0993,84,C,2025,4
5764,S0144,SUB0267,52,B,2024,7
5765,S0260,SUB0069,39,B+,2026,2
5766,S0131,SUB0678,93,B,2026,1
5767,S0436,SUB0161,62,A+,2022,2
5768,S0434,SUB0850,80,A,2025,7
5769,S0208,SUB0023,61,B,2022,7
5770,S0478,SUB0648,44,D,2024,6
5771,S0920,SUB0120,51,B+,2025,7
5772,S0006,SUB0209,66,C,2023,5
5773,S0757,SUB0301,38,C,2024,4
5774,S0293,SUB0712,77,B,2026,8
5775,S0368,SUB0928,80,D,2025,8
5776,S0967,SUB0391,42,B,2024,3
5777,S0127,SUB0349,46,A+,2024,6
5778,S0497,SUB0372,96,F,2026,8
5779,S0203,SUB0820,61,A+,2026,2
5780,S0821,SUB0540,43,D,2023,5
5781,S0017,SUB0704,40,B+,2023,1
5782,S0117,SUB0511,82,C,2024,3
5783,S0978,SUB0935,49,B+,2026,4
5784,S0806,SUB0328,76,F,2024,5
5785,S0603,SUB0248,37,B,2023,5
5786,S0606,SUB0470,39,B+,2024,4
5787,S0857,SUB0761,58,F,2022,8
5788,S0348,SUB0584,71,C,2022,7
5789,S0985,SUB0688,42,A+,2023,3
5790,S0371,SUB0371,73,A+,2022,1
5791,S0431,SUB0182,49,A+,2024,5
5792,S0291,SUB0601,35,A,2023,7
5793,S0890,SUB0713,96,D,2023,4
5794,S0188,SUB0595,49,A+,2024,2
5795,S0613,SUB0835,59,C,2023,4
5796,S0178,SUB0811,49,B,2025,1
5797,S0171,SUB0930,50,B+,2025,6
5798,S0824,SUB0856,66,A+,2025,4
5799,S0654,SUB0861,90,A,2023,5
5800,S0198,SUB0469,77,A+,2024,4
5801,S0394,SUB0250,70,B+,2023,6
5802,S0754,SUB0575,60,F,2023,3
5803,S0523,SUB0404,50,A,2022,1
5804,S0700,SUB0365,90,A+,2025,5
5805,S0916,SUB0004,53,F,2025,1
5806,S0447,SUB0013,57,C,2026,5
5807,S0151,SUB0636,85,B+,2022,7
5808,S0523,SUB0391,50,F,2025,5
5809,S0133,SUB0779,53,C,2023,6
5810,S0104,SUB0926,73,A,2024,4
5811,S0851,SUB0008,60,F,2026,4
5812,S0348,SUB0841,90,A+,2024,6
5813,S0435,SUB0148,72,F,2023,6
5814,S0519,SUB0401,41,D,2022,2
5815,S0334,SUB0417,82,C,2026,4
5816,S0934,SUB0611,74,C,2025,6
5817,S0563,SUB0465,63,C,2023,1
5818,S0707,SUB0905,40,B+,2023,2
5819,S0202,SUB0700,78,A,2026,3
5820,S0515,SUB0837,62,D,2026,1
5821,S0286,SUB0650,47,B,2026,2
5822,S0143,SUB0097,90,A,2023,4
5823,S0654,SUB0950,43,D,2022,7
5824,S0671,SUB0668,68,D,2026,5
5825,S0297,SUB0858,78,A+,2022,5
5826,S0384,SUB0943,98,F,2026,2
5827,S0897,SUB0980,56,C,2023,8
5828,S0963,SUB0399,81,A+,2023,5
5829,S0934,SUB0155,48,B,2026,1
5830,S0746,SUB0180,57,D,2025,8
5831,S0577,SUB0665,75,F,2025,6
5832,S0387,SUB0904,59,B,2023,5
5833,S0825,SUB0811,88,D,2023,2
5834,S0830,SUB0481,92,A,2025,3
5835,S0223,SUB0878,79,D,2022,7
5836,S0492,SUB0010,78,B+,2024,6
5837,S0014,SUB0781,100,C,2025,6
5838,S0790,SUB0373,63,F,2025,5
5839,S0555,SUB0974,73,B+,2023,2
5840,S0017,SUB0160,44,B+,2025,5
5841,S0967,SUB0993,79,C,2025,8
5842,S0874,SUB0309,74,D,2023,5
5843,S0715,SUB0341,84,B+,2026,4
5844,S0083,SUB0231,61,F,2023,8
5845,S0383,SUB0898,91,D,2023,8
5846,S0041,SUB0388,67,B+,2026,2
5847,S0754,SUB0718,57,C,2023,4
5848,S0958,SUB0472,94,A,2022,1
5849,S0248,SUB0860,82,D,2026,7
5850,S0953,SUB0585,49,D,2025,4
5851,S0372,SUB0202,70,A,2022,6
5852,S0493,SUB0670,47,B+,2023,3
5853,S0145,SUB0019,78,C,2024,4
5854,S0839,SUB0664,84,D,2026,2
5855,S0128,SUB0244,69,F,2025,8
5856,S0722,SUB0316,87,D,2022,5
5857,S0822,SUB0352,40,B+,2022,2
5858,S0495,SUB0340,62,A,2025,7
5859,S0468,SUB0128,49,D,2022,3
5860,S0616,SUB0500,39,B+,2026,7
5861,S0645,SUB0604,79,A+,2024,5
5862,S0196,SUB0847,100,F,2024,8
5863,S0721,SUB0895,82,B+,2025,1
5864,S0635,SUB0917,90,C,2023,6
5865,S0919,SUB0788,90,C,2024,1
5866,S0497,SUB0802,67,B+,2026,8
5867,S0190,SUB0251,92,A,2024,5
5868,S0925,SUB0889,94,B,2024,3
5869,S0340,SUB0717,46,D,2025,1
5870,S0690,SUB0755,67,F,2022,4
5871,S0166,SUB0031,56,C,2025,2
5872,S0769,SUB0877,67,F,2025,4
5873,S0655,SUB0149,59,D,2025,2
5874,S0557,SUB0721,98,B+,2026,5
5875,S0912,SUB0823,85,C,2026,4
5876,S0071,SUB0861,99,A+,2025,5
5877,S0057,SUB0089,66,A+,2026,8
5878,S0247,SUB0633,39,C,2025,7
5879,S0072,SUB0093,50,B+,2022,8
5880,S0098,SUB0201,92,B+,2022,3
5881,S0992,SUB0779,48,B+,2023,5
5882,S0632,SUB0485,93,F,2023,8
5883,S0532,SUB0221,47,B+,2022,4
5884,S0730,SUB0788,52,B,2026,7
5885,S0962,SUB0929,90,A+,2024,3
5886,S0085,SUB0343,60,D,2025,5
5887,S0173,SUB0581,55,F,2023,3
5888,S0874,SUB0217,80,B,2023,1
5889,S0760,SUB0034,73,B+,2024,2
5890,S0127,SUB0178,97,C,2022,5
5891,S0773,SUB0200,71,A,2024,4
5892,S0649,SUB0765,72,C,2022,3
5893,S0792,SUB0145,39,C,2023,5
5894,S0551,SUB0548,61,C,2023,6
5895,S0584,SUB0771,75,B+,2026,6
5896,S0327,SUB0441,50,A,2026,4
5897,S0920,SUB0159,92,F,2023,3
5898,S0204,SUB0667,89,D,2025,1
5899,S0967,SUB0822,96,B,2025,2
5900,S0642,SUB0676,63,A,2025,3
5901,S0372,SUB0940,77,C,2025,6
5902,S0728,SUB0369,80,B,2026,1
5903,S0283,SUB0852,76,D,2026,3
5904,S0327,SUB0351,55,F,2024,1
5905,S0511,SUB0125,41,D,2026,8
5906,S0393,SUB0372,50,C,2026,7
5907,S0706,SUB0863,48,A+,2026,7
5908,S0798,SUB0835,54,A,2023,3
5909,S0492,SUB0313,53,D,2026,4
5910,S0555,SUB0609,60,C,2023,6
5911,S0415,SUB0671,62,F,2022,2
5912,S0846,SUB0362,55,F,2024,1
5913,S0838,SUB0402,46,C,2024,4
5914,S0819,SUB0909,90,D,2022,8
5915,S0575,SUB0638,62,A+,2023,2
5916,S0110,SUB0195,95,A+,2024,6
5917,S0933,SUB0795,36,D,2022,3
5918,S0695,SUB0086,87,D,2026,5
5919,S0968,SUB0804,83,B+,2025,4
5920,S0150,SUB0614,87,B,2024,4
5921,S0085,SUB0135,60,C,2023,3
5922,S0060,SUB0541,77,B,2022,3
5923,S0667,SUB0958,50,C,2023,1
5924,S0569,SUB0902,65,B,2022,7
5925,S0380,SUB0767,69,F,2022,7
5926,S0386,SUB0269,45,D,2023,2
5927,S0893,SUB0493,53,A+,2026,3
5928,S0456,SUB0821,98,B,2022,5
5929,S0587,SUB0305,100,A,2025,8
5930,S0105,SUB0766,43,A+,2025,5
5931,S0690,SUB0570,88,C,2023,4
5932,S0740,SUB0221,80,A+,2023,7
5933,S0114,SUB0009,80,C,2022,7
5934,S0677,SUB0576,83,B+,2026,5
5935,S0594,SUB0587,61,A,2023,4
5936,S0184,SUB0918,55,B,2024,2
5937,S0149,SUB0877,64,B+,2023,1
5938,S0824,SUB0845,60,A+,2026,2
5939,S0088,SUB0273,80,A,2023,4
5940,S0999,SUB0031,89,A+,2023,4
5941,S0757,SUB0822,99,D,2026,5
5942,S0779,SUB0195,42,C,2022,6
5943,S0565,SUB0625,42,A+,2022,3
5944,S0926,SUB0305,86,A+,2025,1
5945,S0319,SUB0340,88,C,2023,5
5946,S0841,SUB0471,45,D,2024,4
5947,S0775,SUB0039,77,B+,2023,8
5948,S0369,SUB0869,97,A+,2022,7
5949,S0489,SUB0757,68,A,2025,7
5950,S0245,SUB0180,67,A,2022,7
5951,S0652,SUB0835,41,B+,2022,4
5952,S0748,SUB0431,36,A,2024,8
5953,S0216,SUB0665,46,B+,2024,8
5954,S0129,SUB0403,77,A,2026,6
5955,S0744,SUB0074,35,B,2026,7
5956,S0495,SUB0276,82,F,2025,8
5957,S0356,SUB0168,55,C,2024,1
5958,S0682,SUB0025,96,D,2022,4
5959,S0660,SUB0540,70,F,2025,6
5960,S0422,SUB0318,87,D,2022,4
5961,S0247,SUB0599,100,B+,2026,4
5962,S0497,SUB0808,52,A,2026,5
5963,S0313,SUB0384,95,B,2025,3
5964,S0590,SUB0838,89,B+,2026,8
5965,S0275,SUB0008,93,B,2026,2
5966,S0799,SUB0901,38,D,2022,5
5967,S0351,SUB0470,80,D,2026,5
5968,S0751,SUB0772,78,F,2022,3
5969,S0520,SUB0547,86,C,2022,8
5970,S0201,SUB0328,61,A+,2024,2
5971,S0945,SUB0216,70,A+,2022,8
5972,S0676,SUB0653,49,C,2025,5
5973,S0449,SUB0336,97,B,2026,3
5974,S0479,SUB0232,71,D,2024,1
5975,S0356,SUB0457,35,A,2022,7
5976,S0346,SUB0463,76,A+,2022,7
5977,S0562,SUB0626,43,F,2026,2
5978,S0929,SUB0982,74,B,2025,8
5979,S0095,SUB0411,36,A+,2023,7
5980,S0196,SUB0096,65,B,2026,8
5981,S0861,SUB0513,38,C,2026,6
5982,S0660,SUB0785,58,D,2024,3
5983,S0267,SUB0990,56,B+,2025,5
5984,S0105,SUB0257,36,C,2023,8
5985,S0197,SUB0910,39,D,2026,3
5986,S0107,SUB0419,71,B,2025,6
5987,S0868,SUB0205,35,A+,2023,8
5988,S0199,SUB0080,78,A+,2026,7
5989,S0780,SUB0344,94,B,2025,3
5990,S0254,SUB0711,58,A,2024,3
5991,S0995,SUB0545,86,D,2023,5
5992,S0390,SUB0021,44,B+,2023,7
5993,S0907,SUB0668,59,B+,2026,1
5994,S0437,SUB0293,44,F,2022,5
5995,S0106,SUB0727,39,A+,2026,8
5996,S0437,SUB0520,41,B+,2026,2
5997,S0309,SUB0291,51,A+,2025,3
5998,S0686,SUB0809,76,A+,2023,8
5999,S0619,SUB0759,49,A,2023,8
6000,S0230,SUB0476,86,A+,2026,1
6001,S0496,SUB0919,84,A,2024,6
6002,S0693,SUB0557,75,C,2026,5
6003,S0947,SUB0075,68,B,2025,7
6004,S0464,SUB0657,44,F,2022,2
6005,S0007,SUB0059,82,B,2023,4
6006,S0161,SUB0063,89,A,2024,7
6007,S0681,SUB0364,66,A,2026,3
6008,S0858,SUB0428,92,A+,2024,4
6009,S0850,SUB0237,83,D,2024,1
6010,S0856,SUB0267,63,C,2026,4
6011,S0537,SUB0474,69,B,2025,5
6012,S0104,SUB0001,90,A+,2026,7
6013,S0063,SUB0934,73,B+,2023,1
6014,S0072,SUB0903,82,A+,2022,1
6015,S0114,SUB0319,59,B,2023,6
6016,S0634,SUB0192,60,A+,2024,6
6017,S0248,SUB0759,73,F,2025,3
6018,S0567,SUB0703,54,C,2022,8
6019,S0457,SUB0782,45,A+,2025,6
6020,S0380,SUB0109,88,D,2023,1
6021,S0923,SUB0682,44,F,2024,5
6022,S0447,SUB0291,68,A+,2025,6
6023,S0911,SUB0128,57,C,2024,1
6024,S0695,SUB0789,92,D,2026,6
6025,S0124,SUB0453,36,B+,2023,8
6026,S0756,SUB0136,91,C,2026,7
6027,S0355,SUB0807,64,B,2022,2
6028,S0734,SUB0631,74,A+,2024,6
6029,S0784,SUB0977,97,A+,2023,5
6030,S0787,SUB0817,98,F,2026,3
6031,S0996,SUB0042,93,D,2025,5
6032,S0133,SUB0530,52,B+,2025,8
6033,S0950,SUB0786,92,B+,2026,1
6034,S0342,SUB0993,89,A,2023,1
6035,S0502,SUB0846,57,D,2025,5
6036,S0982,SUB0725,79,B+,2023,5
6037,S0643,SUB0038,68,D,2022,8
6038,S0497,SUB0182,57,D,2026,6
6039,S0294,SUB0519,61,D,2024,2
6040,S0351,SUB0766,59,A,2024,1
6041,S0871,SUB0223,85,D,2022,6
6042,S0043,SUB0347,50,F,2023,4
6043,S0131,SUB0875,61,D,2024,7
6044,S0876,SUB0832,51,A,2024,7
6045,S0433,SUB0155,73,A,2023,7
6046,S0318,SUB0046,83,F,2025,4
6047,S0747,SUB0591,99,C,2023,1
6048,S0734,SUB0943,41,B,2023,6
6049,S0628,SUB0712,86,A,2026,7
6050,S0760,SUB0311,76,D,2024,4
6051,S0317,SUB0147,46,A,2023,1
6052,S0450,SUB0354,75,D,2025,3
6053,S0007,SUB0734,93,B+,2022,2
6054,S0064,SUB0908,98,B,2025,1
6055,S0491,SUB0882,60,B+,2022,2
6056,S0825,SUB0167,55,B+,2026,8
6057,S0221,SUB0896,81,F,2024,8
6058,S0124,SUB0967,62,D,2024,2
6059,S0927,SUB0430,77,B,2025,5
6060,S0099,SUB0447,71,A+,2025,4
6061,S0469,SUB0801,59,F,2024,8
6062,S0081,SUB0182,46,F,2025,8
6063,S0425,SUB0137,98,F,2022,2
6064,S0808,SUB0258,98,A,2022,2
6065,S0942,SUB0146,97,A,2026,8
6066,S0809,SUB0832,98,C,2022,7
6067,S0183,SUB0765,62,C,2024,5
6068,S0796,SUB0573,86,F,2022,5
6069,S0300,SUB0473,77,B+,2023,1
6070,S0906,SUB0910,89,A+,2026,4
6071,S0759,SUB0140,74,B,2024,4
6072,S0771,SUB0007,65,D,2025,6
6073,S0067,SUB0556,67,D,2022,3
6074,S0893,SUB0396,35,C,2024,6
6075,S0807,SUB0511,79,F,2022,2
6076,S0681,SUB0642,94,B+,2026,3
6077,S0500,SUB0871,41,D,2023,7
6078,S0222,SUB0575,81,D,2025,7
6079,S0892,SUB0465,46,F,2024,2
6080,S0977,SUB0748,84,D,2024,6
6081,S0334,SUB0120,74,A,2025,2
6082,S0463,SUB0621,51,D,2026,4
6083,S0629,SUB0962,71,C,2025,5
6084,S0597,SUB0137,97,F,2025,8
6085,S0903,SUB0244,57,D,2024,2
6086,S0140,SUB0532,82,D,2026,4
6087,S0903,SUB0482,63,C,2022,6
6088,S0385,SUB0457,42,C,2024,7
6089,S0275,SUB0686,73,B+,2023,3
6090,S0321,SUB0493,54,B+,2023,8
6091,S0576,SUB0704,39,C,2022,8
6092,S0803,SUB0189,85,B+,2026,4
6093,S0770,SUB0313,53,A,2026,3
6094,S0713,SUB0187,39,B,2022,4
6095,S0047,SUB0467,52,B,2025,5
6096,S0292,SUB0713,38,A,2024,7
6097,S0618,SUB0292,85,B,2024,7
6098,S0834,SUB0049,99,D,2026,2
6099,S0718,SUB0740,82,F,2024,3
6100,S0180,SUB0799,38,B,2024,2
6101,S0767,SUB0265,89,F,2022,7
6102,S0570,SUB0169,38,D,2026,6
6103,S0983,SUB0402,48,F,2022,5
6104,S0283,SUB0971,73,A+,2024,4
6105,S0288,SUB0650,40,C,2024,3
6106,S0913,SUB0776,69,A+,2026,4
6107,S0498,SUB0276,63,C,2025,3
6108,S0545,SUB0951,89,A,2025,4
6109,S0913,SUB0757,49,A,2023,8
6110,S0275,SUB0130,59,B+,2023,8
6111,S0708,SUB0377,81,A+,2024,8
6112,S0657,SUB0437,56,C,2024,2
6113,S0413,SUB0244,100,A+,2023,1
6114,S0644,SUB0732,80,D,2025,8
6115,S0955,SUB0508,97,A+,2023,4
6116,S0047,SUB0247,52,D,2022,7
6117,S0749,SUB0059,43,A,2025,3
6118,S0270,SUB0671,92,A,2022,7
6119,S0166,SUB0283,90,C,2023,1
6120,S0275,SUB0506,91,A+,2025,8
6121,S0463,SUB0548,41,B+,2022,6
6122,S0946,SUB0775,42,A+,2022,2
6123,S0321,SUB0656,83,B,2023,5
6124,S0957,SUB0192,45,D,2026,1
6125,S0307,SUB0307,89,B+,2024,5
6126,S0643,SUB0836,42,A+,2023,4
6127,S0083,SUB0065,70,D,2024,2
6128,S0334,SUB0232,71,D,2026,1
6129,S0959,SUB0771,78,C,2023,2
6130,S0190,SUB0270,69,A,2022,1
6131,S0314,SUB0557,86,D,2025,5
6132,S0674,SUB0769,45,A,2024,6
6133,S0444,SUB0285,56,A+,2026,6
6134,S0288,SUB0669,56,F,2024,3
6135,S0629,SUB0112,75,A+,2023,1
6136,S0178,SUB0661,74,B,2022,7
6137,S0765,SUB0834,49,C,2024,6
6138,S0734,SUB0324,61,D,2022,2
6139,S0298,SUB0156,38,D,2026,4
6140,S0085,SUB0410,75,D,2026,1
6141,S0134,SUB0243,79,F,2024,2
6142,S0052,SUB0249,89,D,2025,3
6143,S0415,SUB0970,61,F,2024,3
6144,S0971,SUB0194,40,A+,2025,7
6145,S0556,SUB0373,91,C,2026,1
6146,S0584,SUB0690,82,A+,2025,5
6147,S0543,SUB0100,62,C,2026,2
6148,S0384,SUB0855,46,F,2023,7
6149,S0227,SUB0439,46,B+,2024,3
6150,S0613,SUB0109,67,A,2023,3
6151,S0968,SUB0456,96,C,2026,6
6152,S0471,SUB0659,54,F,2025,3
6153,S0063,SUB0542,53,D,2022,1
6154,S0284,SUB0946,96,B+,2026,6
6155,S0372,SUB0081,91,A,2024,7
6156,S0520,SUB0136,50,B+,2026,5
6157,S0112,SUB0731,52,F,2026,3
6158,S0449,SUB0079,68,A+,2022,8
6159,S0991,SUB0234,77,A+,2024,1
6160,S0473,SUB0286,60,D,2023,7
6161,S0700,SUB0694,39,A,2022,7
6162,S0209,SUB0206,84,A,2023,3
6163,S0146,SUB0893,68,B,2023,6
6164,S0561,SUB0390,41,D,2023,3
6165,S0806,SUB0640,63,D,2023,6
6166,S0543,SUB0133,59,A,2025,6
6167,S0263,SUB0209,98,B,2023,5
6168,S0587,SUB0147,58,A+,2022,3
6169,S0246,SUB0594,73,B+,2023,5
6170,S0517,SUB0938,84,D,2026,2
6171,S0375,SUB0444,92,C,2024,6
6172,S0704,SUB0858,70,B,2024,1
6173,S0593,SUB0790,73,A,2023,7
6174,S0742,SUB0135,51,B+,2022,4
6175,S0301,SUB0878,59,B,2024,2
6176,S0534,SUB0286,71,F,2025,2
6177,S0765,SUB0822,63,C,2023,1
6178,S0426,SUB0354,68,C,2024,7
6179,S0615,SUB0354,90,D,2024,2
6180,S0620,SUB0755,45,C,2023,2
6181,S0745,SUB0375,89,F,2026,2
6182,S0424,SUB0642,65,F,2024,4
6183,S0076,SUB0147,62,F,2024,1
6184,S0610,SUB0685,38,A,2023,4
6185,S0227,SUB0319,99,B+,2022,5
6186,S0215,SUB0026,98,B+,2026,1
6187,S0836,SUB0799,56,A,2022,4
6188,S0870,SUB0583,95,B,2022,6
6189,S0974,SUB0034,93,F,2026,1
6190,S0402,SUB0976,58,C,2023,4
6191,S0933,SUB0081,61,B,2026,7
6192,S0669,SUB0442,76,B,2025,4
6193,S0046,SUB0536,97,B+,2022,8
6194,S0073,SUB0496,59,A+,2025,3
6195,S0641,SUB0845,53,F,2024,6
6196,S0052,SUB0204,82,A+,2024,4
6197,S0579,SUB0308,60,C,2022,5
6198,S0967,SUB0114,52,C,2024,3
6199,S0976,SUB0413,58,F,2026,8
6200,S0520,SUB0678,39,B,2026,2
6201,S0873,SUB0604,97,B,2023,7
6202,S0329,SUB0428,54,C,2022,1
6203,S0465,SUB0888,59,A+,2022,3
6204,S0795,SUB0520,46,A,2025,7
6205,S0679,SUB0562,36,F,2023,7
6206,S0639,SUB0528,59,B,2024,3
6207,S0541,SUB0011,50,B,2025,8
6208,S0465,SUB0493,94,A+,2026,3
6209,S0525,SUB0169,42,A,2022,4
6210,S0492,SUB0844,83,C,2023,2
6211,S0585,SUB0446,82,A+,2022,1
6212,S0214,SUB0323,70,F,2025,2
6213,S0772,SUB0896,36,F,2022,3
6214,S0131,SUB0545,79,D,2026,4
6215,S0601,SUB0661,62,F,2022,8
6216,S0907,SUB0500,35,A+,2025,1
6217,S0435,SUB0298,97,B,2024,7
6218,S0136,SUB0443,62,C,2025,7
6219,S0402,SUB0052,68,A,2022,7
6220,S0950,SUB0442,92,A,2022,4
6221,S0738,SUB0809,63,D,2022,4
6222,S0329,SUB0882,50,A+,2022,8
6223,S0660,SUB0083,60,C,2025,5
6224,S0474,SUB0676,79,A,2026,6
6225,S0411,SUB0417,74,A,2022,7
6226,S0590,SUB0029,99,A,2023,6
6227,S0770,SUB0551,97,F,2025,2
6228,S0978,SUB0435,66,C,2025,4
6229,S0705,SUB0446,79,A+,2024,5
6230,S0992,SUB0677,58,F,2026,7
6231,S0543,SUB0620,44,B+,2026,6
6232,S0621,SUB0695,50,F,2026,4
6233,S0480,SUB0325,50,B,2024,6
6234,S0828,SUB0755,57,B,2026,6
6235,S0458,SUB0231,53,A,2025,5
6236,S0715,SUB1000,94,B+,2024,3
6237,S0972,SUB0533,63,D,2022,6
6238,S0306,SUB0171,46,B+,2025,6
6239,S0116,SUB0308,37,B+,2022,8
6240,S0860,SUB0398,81,A+,2022,7
6241,S0997,SUB0893,45,B+,2026,4
6242,S0663,SUB0645,54,A,2025,6
6243,S0775,SUB0893,75,F,2023,1
6244,S0879,SUB0278,81,B+,2023,3
6245,S0847,SUB0376,52,A+,2023,6
6246,S0266,SUB0297,87,B,2025,7
6247,S0061,SUB0794,50,B,2025,4
6248,S0636,SUB0323,78,D,2023,8
6249,S0431,SUB0607,44,B+,2024,6
6250,S0399,SUB0110,64,C,2022,3
6251,S0749,SUB0899,66,B+,2026,6
6252,S0750,SUB0522,63,C,2022,5
6253,S0938,SUB0746,92,B,2025,1
6254,S0586,SUB0420,96,D,2023,8
6255,S0351,SUB0260,59,F,2023,2
6256,S0903,SUB0479,81,B,2024,2
6257,S0529,SUB0748,62,A,2023,3
6258,S0801,SUB0948,40,C,2024,7
6259,S0749,SUB0253,78,B,2024,7
6260,S0431,SUB0357,85,F,2023,8
6261,S0375,SUB0765,45,C,2023,5
6262,S0476,SUB0621,77,F,2026,8
6263,S0815,SUB0586,68,F,2022,8
6264,S0611,SUB0948,37,F,2026,1
6265,S0873,SUB0691,93,B,2026,8
6266,S0845,SUB0279,85,A+,2026,8
6267,S0917,SUB0617,84,F,2024,8
6268,S0396,SUB0898,42,D,2023,4
6269,S0851,SUB0845,81,D,2025,1
6270,S0119,SUB0679,41,A,2022,2
6271,S0115,SUB0402,61,C,2022,2
6272,S0326,SUB0369,81,A+,2022,7
6273,S0012,SUB0329,57,F,2026,7
6274,S0960,SUB0039,99,B+,2025,2
6275,S0813,SUB0843,91,D,2025,7
6276,S0007,SUB0105,35,F,2026,4
6277,S0347,SUB0641,42,A,2025,4
6278,S0563,SUB0099,95,D,2022,6
6279,S0930,SUB0389,72,A,2022,4
6280,S0293,SUB0102,57,C,2025,5
6281,S0507,SUB0041,95,F,2023,2
6282,S0998,SUB0526,95,B+,2023,3
6283,S0927,SUB0122,68,C,2026,7
6284,S0963,SUB0706,35,F,2026,2
6285,S0688,SUB0108,58,B,2024,1
6286,S0962,SUB0493,72,A,2022,8
6287,S0751,SUB0481,50,D,2023,4
6288,S0116,SUB0087,38,A,2024,8
6289,S0820,SUB0262,38,A,2023,7
6290,S0708,SUB0920,75,A+,2026,6
6291,S0418,SUB0144,35,A+,2026,1
6292,S0291,SUB0474,92,F,2023,6
6293,S0474,SUB0517,40,D,2025,5
6294,S0433,SUB0144,56,C,2025,1
6295,S0325,SUB0766,52,B,2026,1
6296,S0067,SUB0021,78,F,2026,8
6297,S0644,SUB0129,94,B+,2024,6
6298,S0609,SUB0052,59,F,2026,5
6299,S0158,SUB0752,77,B,2024,4
6300,S0057,SUB0653,78,B+,2023,6
6301,S0479,SUB0685,71,B,2022,7
6302,S0070,SUB0554,91,A+,2025,7
6303,S0460,SUB0293,80,C,2026,5
6304,S0698,SUB0875,94,D,2026,5
6305,S0204,SUB0287,39,C,2022,6
6306,S0638,SUB0653,96,C,2024,4
6307,S0843,SUB0225,59,B+,2024,1
6308,S0256,SUB0035,45,B,2022,6
6309,S0407,SUB0807,97,A,2024,7
6310,S0396,SUB0530,63,C,2024,1
6311,S0567,SUB0384,88,C,2023,8
6312,S0998,SUB0901,57,D,2023,4
6313,S0930,SUB0422,89,A+,2024,4
6314,S0578,SUB0702,74,F,2026,6
6315,S0985,SUB0195,58,F,2025,1
6316,S0054,SUB0173,50,B,2023,6
6317,S0966,SUB0820,62,F,2026,3
6318,S0731,SUB0314,79,B+,2024,7
6319,S0136,SUB0741,65,A,2024,4
6320,S0574,SUB0321,46,A+,2022,5
6321,S0105,SUB0713,80,C,2023,4
6322,S0779,SUB0233,37,A,2022,8
6323,S0427,SUB0788,48,A+,2023,1
6324,S0895,SUB0325,52,B,2022,6
6325,S0803,SUB0576,49,F,2025,7
6326,S0312,SUB0884,89,D,2026,8
6327,S0953,SUB0311,37,C,2025,6
6328,S0515,SUB0142,76,F,2022,1
6329,S0511,SUB0311,47,A+,2023,5
6330,S0477,SUB0676,50,A,2023,6
6331,S0255,SUB0151,45,D,2024,7
6332,S0260,SUB0896,76,A+,2024,4
6333,S0114,SUB0241,88,A+,2022,6
6334,S0879,SUB0199,99,F,2022,6
6335,S0709,SUB0091,91,C,2026,6
6336,S0883,SUB0370,94,B,2022,1
6337,S0536,SUB0582,66,D,2026,3
6338,S0547,SUB0304,54,B,2022,2
6339,S0179,SUB0551,43,B+,2026,5
6340,S0918,SUB0087,77,B+,2022,4
6341,S0079,SUB0006,81,D,2024,8
6342,S0334,SUB0574,53,A+,2026,6
6343,S0331,SUB0762,37,B,2023,5
6344,S0441,SUB0211,45,C,2026,1
6345,S0735,SUB0107,92,A,2022,2
6346,S0325,SUB0007,50,F,2024,2
6347,S0494,SUB0757,93,D,2025,5
6348,S0458,SUB0041,89,F,2022,1
6349,S0344,SUB0605,94,C,2022,5
6350,S0504,SUB0426,54,F,2024,5
6351,S0990,SUB0883,89,D,2025,7
6352,S0550,SUB0272,70,B,2026,6
6353,S0128,SUB0202,56,A,2023,4
6354,S0518,SUB0449,47,C,2022,8
6355,S0644,SUB0442,74,A,2024,2
6356,S0714,SUB0328,97,B,2024,8
6357,S0551,SUB0548,97,C,2022,6
6358,S0619,SUB0258,61,F,2024,3
6359,S0610,SUB0650,78,A,2024,6
6360,S0640,SUB0032,42,A+,2023,2
6361,S0110,SUB0238,93,F,2022,7
6362,S0762,SUB0156,48,A+,2024,3
6363,S0964,SUB0594,89,B+,2025,2
6364,S0816,SUB0105,63,B,2023,8
6365,S0840,SUB0358,94,A,2026,1
6366,S0813,SUB0570,85,D,2022,6
6367,S0774,SUB0642,58,A+,2023,8
6368,S0180,SUB0086,66,C,2024,2
6369,S0117,SUB0041,100,C,2024,8
6370,S0508,SUB0655,50,B+,2022,5
6371,S0440,SUB0006,44,B+,2022,8
6372,S0730,SUB0610,57,B+,2023,5
6373,S0690,SUB0219,51,D,2022,7
6374,S0095,SUB0536,66,B+,2022,5
6375,S0420,SUB0756,78,B,2022,2
6376,S0901,SUB0746,52,A,2025,3
6377,S0209,SUB0046,98,F,2025,5
6378,S0964,SUB0592,68,A+,2024,6
6379,S0677,SUB0002,52,C,2022,7
6380,S0140,SUB0437,76,F,2026,6
6381,S0892,SUB0810,97,D,2026,5
6382,S0412,SUB0311,68,F,2024,3
6383,S0269,SUB0605,79,B+,2023,5
6384,S0474,SUB0625,53,D,2022,2
6385,S0929,SUB0311,54,C,2023,6
6386,S0316,SUB0933,52,B,2025,5
6387,S0968,SUB0911,55,B+,2025,1
6388,S0392,SUB0615,99,D,2025,3
6389,S0349,SUB0097,54,F,2023,6
6390,S0275,SUB0746,53,A+,2023,7
6391,S0773,SUB0575,58,B,2026,3
6392,S0430,SUB0773,57,C,2024,2
6393,S0961,SUB0344,44,F,2024,7
6394,S0169,SUB0819,57,A,2025,7
6395,S0701,SUB0897,74,B+,2022,2
6396,S0863,SUB0357,91,C,2023,2
6397,S0861,SUB0575,78,B,2026,8
6398,S0462,SUB0316,68,A+,2025,8
6399,S0818,SUB0875,66,C,2024,4
6400,S0753,SUB0315,91,A+,2023,3
6401,S0746,SUB0593,64,B,2022,2
6402,S0816,SUB0586,80,A+,2025,7
6403,S0875,SUB0796,72,A+,2023,7
6404,S0530,SUB0985,55,D,2023,6
6405,S0468,SUB0499,94,B,2023,2
6406,S0064,SUB0143,50,A+,2023,5
6407,S0138,SUB0536,52,B+,2025,8
6408,S0936,SUB0169,91,D,2024,2
6409,S0792,SUB0729,47,D,2025,8
6410,S0110,SUB0366,87,A,2025,4
6411,S0549,SUB0588,61,F,2022,7
6412,S0380,SUB0162,94,F,2024,8
6413,S0629,SUB0891,100,A,2025,8
6414,S0153,SUB0454,66,A,2024,4
6415,S0233,SUB0163,81,A,2025,6
6416,S0136,SUB0124,89,B+,2024,5
6417,S0708,SUB0442,82,B+,2022,3
6418,S0964,SUB0548,72,A,2025,6
6419,S0837,SUB0258,97,A,2022,7
6420,S0854,SUB0241,72,F,2023,2
6421,S0673,SUB0274,43,B+,2022,8
6422,S0172,SUB0491,85,A,2023,1
6423,S0078,SUB0221,72,F,2024,4
6424,S0957,SUB0854,100,D,2022,3
6425,S0335,SUB0191,62,B,2023,4
6426,S0541,SUB0627,69,F,2026,6
6427,S0132,SUB0260,53,A,2022,4
6428,S0785,SUB0855,69,F,2022,1
6429,S0642,SUB0478,73,B+,2022,8
6430,S0239,SUB0896,83,D,2024,2
6431,S0611,SUB0167,49,D,2026,7
6432,S0390,SUB0782,74,A+,2022,4
6433,S0039,SUB0627,36,B,2025,4
6434,S0085,SUB0732,58,A,2022,5
6435,S0439,SUB0565,86,D,2026,5
6436,S0099,SUB0898,89,B+,2022,1
6437,S0189,SUB0143,64,A+,2023,2
6438,S0368,SUB0409,78,D,2022,8
6439,S0689,SUB0628,73,C,2023,1
6440,S0620,SUB0926,97,C,2025,7
6441,S0693,SUB0911,74,A,2022,7
6442,S0447,SUB0677,88,C,2022,1
6443,S0721,SUB0625,88,C,2026,3
6444,S0021,SUB0400,99,F,2026,3
6445,S0904,SUB0627,43,C,2024,8
6446,S0699,SUB0007,72,F,2025,1
6447,S0706,SUB0003,76,D,2022,3
6448,S0713,SUB0092,66,B+,2024,5
6449,S0923,SUB0930,86,C,2022,7
6450,S0645,SUB0937,67,A+,2024,8
6451,S0593,SUB0718,46,C,2024,4
6452,S0568,SUB0865,98,D,2025,8
6453,S0525,SUB0543,55,B,2024,2
6454,S0453,SUB0544,53,A,2025,8
6455,S0249,SUB0643,38,F,2024,3
6456,S0097,SUB0358,51,C,2025,3
6457,S0446,SUB0138,47,A,2022,6
6458,S0792,SUB0767,99,D,2022,6
6459,S0252,SUB0843,58,D,2024,6
6460,S0921,SUB0318,93,D,2026,8
6461,S0426,SUB0728,60,C,2022,7
6462,S0125,SUB0056,99,F,2023,5
6463,S0538,SUB0144,90,A,2023,2
6464,S0668,SUB0316,84,B+,2025,7
6465,S0889,SUB0341,92,B,2023,2
6466,S0117,SUB0124,46,C,2022,6
6467,S0077,SUB0687,91,A+,2026,4
6468,S0758,SUB0928,100,A+,2025,8
6469,S0198,SUB0465,64,B+,2025,3
6470,S0137,SUB0292,43,A+,2026,4
6471,S0945,SUB0958,89,A,2024,3
6472,S0889,SUB0376,66,C,2024,1
6473,S0798,SUB0795,88,A,2022,7
6474,S0884,SUB0690,45,A,2022,5
6475,S0677,SUB0440,64,B+,2026,2
6476,S0889,SUB0911,58,A,2026,3
6477,S0022,SUB0876,61,B+,2026,2
6478,S0123,SUB0217,68,A+,2023,6
6479,S0063,SUB0028,86,A,2026,1
6480,S0853,SUB0794,93,A+,2024,7
6481,S0755,SUB0389,92,A+,2025,7
6482,S0724,SUB0039,49,C,2023,5
6483,S0901,SUB0822,51,D,2023,8
6484,S0751,SUB0318,41,B+,2026,3
6485,S0418,SUB0753,38,B+,2024,3
6486,S0623,SUB0475,89,C,2024,4
6487,S0472,SUB0956,73,F,2025,3
6488,S0178,SUB0619,48,C,2024,1
6489,S0004,SUB0303,77,A,2026,6
6490,S0416,SUB0245,38,F,2025,6
6491,S0658,SUB0066,45,F,2022,2
6492,S0302,SUB0498,62,F,2024,4
6493,S0530,SUB0068,90,B,2025,1
6494,S0025,SUB0074,46,C,2025,7
6495,S0104,SUB0934,60,F,2024,3
6496,S0949,SUB0318,83,A+,2025,4
6497,S0513,SUB0678,56,D,2024,7
6498,S0638,SUB0562,97,C,2023,3
6499,S0200,SUB0174,71,C,2026,3
6500,S0207,SUB0895,48,D,2025,8
6501,S0329,SUB0403,73,C,2026,3
6502,S0968,SUB0087,86,A,2025,4
6503,S0117,SUB0802,37,F,2024,1
6504,S0662,SUB0967,94,A+,2024,4
6505,S0316,SUB0073,42,F,2026,4
6506,S0049,SUB0528,61,B+,2023,3
6507,S0506,SUB0013,62,F,2024,1
6508,S0306,SUB0201,39,C,2022,2
6509,S0248,SUB0755,76,A+,2024,6
6510,S0577,SUB0248,52,F,2022,7
6511,S0273,SUB0488,49,D,2025,8
6512,S0086,SUB0557,86,C,2024,8
6513,S0134,SUB0617,44,D,2023,2
6514,S0256,SUB0092,91,A+,2026,5
6515,S0975,SUB0892,62,C,2023,3
6516,S0332,SUB0555,59,C,2024,4
6517,S0384,SUB0444,84,F,2023,7
6518,S0330,SUB0930,98,B,2025,4
6519,S0184,SUB0429,68,B+,2025,8
6520,S0540,SUB0862,45,C,2026,2
6521,S0418,SUB0028,37,A+,2022,8
6522,S0574,SUB0660,82,D,2022,6
6523,S0955,SUB0378,36,B+,2026,2
6524,S0412,SUB0710,100,D,2025,2
6525,S0413,SUB0238,67,D,2025,3
6526,S0206,SUB0987,35,F,2025,4
6527,S0784,SUB0696,67,A+,2025,3
6528,S0635,SUB0978,87,D,2022,2
6529,S0944,SUB0305,58,B,2026,5
6530,S0549,SUB0711,64,C,2025,3
6531,S0084,SUB0958,100,A,2025,4
6532,S0662,SUB0554,100,D,2022,6
6533,S0307,SUB0076,69,B+,2022,6
6534,S0531,SUB0298,82,A+,2022,8
6535,S0855,SUB0962,60,A,2022,8
6536,S0932,SUB0132,52,F,2022,4
6537,S0246,SUB0647,39,F,2025,1
6538,S0448,SUB0863,98,A,2026,3
6539,S0529,SUB0897,73,F,2024,6
6540,S0915,SUB0303,68,A,2023,2
6541,S0107,SUB0655,73,A+,2023,1
6542,S0562,SUB0922,80,B,2025,4
6543,S0068,SUB0280,69,B,2023,6
6544,S0922,SUB0327,60,A+,2022,2
6545,S0250,SUB0402,66,C,2024,4
6546,S0083,SUB0581,80,A,2025,4
6547,S0462,SUB0968,76,A+,2025,3
6548,S0716,SUB0381,63,B,2025,5
6549,S0920,SUB0879,73,D,2023,3
6550,S0010,SUB0923,57,B,2025,2
6551,S0292,SUB0266,53,B+,2024,8
6552,S0640,SUB0400,56,B+,2022,5
6553,S0212,SUB0495,54,A+,2024,1
6554,S0386,SUB0888,100,A,2023,4
6555,S0479,SUB0718,44,A,2025,8
6556,S0534,SUB0236,100,A,2025,7
6557,S0305,SUB0860,47,B+,2022,8
6558,S0948,SUB0093,64,B+,2023,6
6559,S0252,SUB0406,82,A,2025,5
6560,S0047,SUB0134,100,B,2022,3
6561,S0210,SUB0515,44,B,2025,3
6562,S0749,SUB0040,46,B+,2026,7
6563,S0799,SUB0597,81,A,2022,3
6564,S0216,SUB0052,52,F,2024,8
6565,S0746,SUB0341,51,C,2024,7
6566,S0041,SUB0719,60,F,2023,6
6567,S0827,SUB0340,66,A+,2024,4
6568,S0887,SUB0153,98,B,2022,1
6569,S0012,SUB0411,95,F,2026,8
6570,S0998,SUB0194,73,F,2024,5
6571,S0107,SUB0789,37,B,2025,6
6572,S0690,SUB0023,75,A,2022,3
6573,S0277,SUB0321,66,F,2025,5
6574,S0334,SUB0268,43,A+,2026,3
6575,S0809,SUB0181,90,D,2024,4
6576,S0532,SUB0098,82,A,2022,5
6577,S0153,SUB0755,51,A+,2024,8
6578,S0948,SUB0935,80,A+,2023,6
6579,S0290,SUB0250,53,C,2023,5
6580,S0420,SUB0226,88,B,2022,4
6581,S0255,SUB0916,82,B,2023,1
6582,S0891,SUB0097,100,D,2025,8
6583,S0279,SUB0958,95,A,2023,6
6584,S0791,SUB0022,44,F,2024,5
6585,S0377,SUB0107,40,B+,2022,1
6586,S0426,SUB0739,92,F,2022,2
6587,S0223,SUB0747,74,A,2025,6
6588,S0216,SUB0301,94,B+,2022,1
6589,S0351,SUB0739,47,D,2023,7
6590,S0876,SUB0146,75,A+,2022,8
6591,S0114,SUB0828,40,D,2024,3
6592,S0174,SUB0579,45,F,2023,6
6593,S0002,SUB0511,70,F,2026,3
6594,S0888,SUB0632,98,D,2022,4
6595,S0559,SUB0658,66,B+,2026,4
6596,S0885,SUB0710,40,A+,2022,6
6597,S0907,SUB0139,52,A+,2025,3
6598,S0325,SUB0255,50,A,2025,5
6599,S0953,SUB0229,85,B,2026,3
6600,S0288,SUB0726,96,D,2024,5
6601,S0869,SUB0912,41,A+,2025,6
6602,S0119,SUB0298,88,C,2025,6
6603,S0450,SUB0471,81,D,2022,1
6604,S0986,SUB0331,68,D,2025,3
6605,S0173,SUB0497,58,B+,2025,1
6606,S0659,SUB0022,53,B+,2025,1
6607,S0111,SUB0640,94,A,2022,7
6608,S0697,SUB0622,62,D,2023,6
6609,S0286,SUB0522,55,A,2026,8
6610,S0792,SUB0849,72,F,2022,1
6611,S0850,SUB0300,95,B+,2022,4
6612,S0353,SUB0560,96,C,2024,4
6613,S0457,SUB0632,76,D,2023,7
6614,S0997,SUB0909,83,C,2022,8
6615,S0913,SUB0071,87,A+,2023,2
6616,S0497,SUB0546,37,B,2024,8
6617,S0308,SUB0613,58,A+,2026,4
6618,S0267,SUB0747,77,C,2025,1
6619,S0304,SUB0432,56,B+,2023,8
6620,S0591,SUB0352,54,D,2024,3
6621,S0605,SUB0770,65,B,2026,3
6622,S0054,SUB0891,56,A+,2025,3
6623,S0299,SUB0880,83,A+,2024,3
6624,S0456,SUB0920,85,D,2026,3
6625,S0440,SUB0439,83,F,2023,6
6626,S0838,SUB0975,58,B,2025,7
6627,S0467,SUB0322,52,B+,2025,6
6628,S0720,SUB0567,63,A,2024,6
6629,S0186,SUB0989,59,B+,2025,6
6630,S0287,SUB0069,89,C,2024,2
6631,S0845,SUB0613,83,B+,2024,8
6632,S0308,SUB0582,69,A+,2024,2
6633,S0775,SUB0583,77,A+,2024,7
6634,S0335,SUB0863,77,A,2024,6
6635,S0506,SUB0574,49,B+,2022,6
6636,S0117,SUB0628,45,A+,2025,5
6637,S0680,SUB0469,40,D,2023,6
6638,S0158,SUB0089,55,B,2024,5
6639,S0078,SUB0559,55,F,2024,5
6640,S0610,SUB0993,35,A,2024,7
6641,S0809,SUB0887,96,A,2022,1
6642,S0913,SUB0619,52,F,2022,5
6643,S0959,SUB0710,62,A+,2025,3
6644,S0846,SUB0446,41,C,2025,6
6645,S0731,SUB0667,67,F,2024,8
6646,S0950,SUB0842,36,D,2023,2
6647,S0570,SUB0476,82,C,2022,2
6648,S0765,SUB0762,79,B,2022,6
6649,S0658,SUB0122,100,D,2026,8
6650,S0451,SUB0600,80,A+,2026,4
6651,S0563,SUB0089,37,A,2026,4
6652,S0635,SUB0677,43,B,2024,2
6653,S0546,SUB0636,85,C,2022,6
6654,S0510,SUB0031,65,B,2024,7
6655,S0232,SUB0563,57,A,2023,5
6656,S0676,SUB0496,95,C,2023,4
6657,S0237,SUB0794,98,B,2022,5
6658,S0783,SUB0874,42,A+,2025,1
6659,S0955,SUB0725,51,F,2024,7
6660,S0064,SUB0517,100,A+,2024,2
6661,S0914,SUB0986,73,C,2023,5
6662,S0226,SUB0131,68,B+,2024,3
6663,S0568,SUB0016,62,A,2022,6
6664,S0623,SUB0907,68,A,2022,5
6665,S0811,SUB0568,69,A,2025,2
6666,S0272,SUB0489,48,F,2026,5
6667,S0995,SUB0961,85,F,2022,7
6668,S0845,SUB0530,72,B,2026,1
6669,S0181,SUB0907,38,B,2023,3
6670,S0241,SUB0065,50,B+,2026,4
6671,S0592,SUB0600,49,B,2025,2
6672,S0554,SUB0925,70,B+,2023,3
6673,S0139,SUB0554,62,A,2022,2
6674,S0033,SUB0393,54,D,2025,7
6675,S0812,SUB0263,55,B,2023,6
6676,S0423,SUB0744,40,D,2026,4
6677,S0413,SUB0871,41,A+,2023,7
6678,S0312,SUB0119,83,F,2023,7
6679,S0902,SUB0640,72,A+,2024,1
6680,S0157,SUB0097,68,D,2023,7
6681,S0652,SUB0726,61,A,2026,1
6682,S0098,SUB0490,47,A+,2022,7
6683,S0489,SUB0038,89,F,2023,4
6684,S0604,SUB0329,92,D,2025,3
6685,S0913,SUB0886,56,F,2024,4
6686,S0918,SUB0132,50,B,2026,8
6687,S0740,SUB0929,35,C,2025,4
6688,S0302,SUB0661,44,C,2022,2
6689,S0267,SUB0240,77,D,2023,4
6690,S0332,SUB0267,56,D,2025,4
6691,S0666,SUB0281,59,F,2025,1
6692,S0849,SUB0575,83,B+,2022,6
6693,S0380,SUB0007,80,B,2026,2
6694,S0150,SUB0175,91,D,2023,2
6695,S0611,SUB0985,73,F,2022,5
6696,S0920,SUB0182,61,B+,2023,7
6697,S0386,SUB0046,88,B,2026,7
6698,S0562,SUB0282,64,A+,2024,6
6699,S0648,SUB0294,38,A,2022,4
6700,S0992,SUB0894,50,B,2026,1
6701,S0651,SUB0942,92,D,2023,5
6702,S0406,SUB0024,44,B+,2025,6
6703,S0543,SUB0096,44,A+,2023,4
6704,S0147,SUB0367,74,C,2026,4
6705,S0240,SUB0073,68,F,2023,7
6706,S0225,SUB0285,60,B,2023,2
6707,S0425,SUB0161,58,F,2024,7
6708,S0351,SUB0646,74,D,2024,5
6709,S0291,SUB0599,91,B+,2024,8
6710,S0687,SUB0108,40,A+,2023,2
6711,S0114,SUB0686,72,D,2024,2
6712,S0634,SUB0769,75,B+,2023,8
6713,S0406,SUB0510,83,B,2024,5
6714,S0412,SUB0714,42,B,2022,3
6715,S0967,SUB0459,58,A+,2022,3
6716,S0639,SUB0784,53,A+,2023,3
6717,S0605,SUB0439,36,B+,2026,3
6718,S0717,SUB0301,38,B+,2025,5
6719,S0748,SUB0864,60,B+,2023,1
6720,S0848,SUB0759,100,F,2022,5
6721,S0141,SUB0354,50,C,2025,2
6722,S0641,SUB0703,76,A,2024,4
6723,S0226,SUB0409,39,D,2026,2
6724,S0044,SUB0849,55,F,2024,6
6725,S0168,SUB0042,47,A,2025,8
6726,S0107,SUB0828,86,B+,2024,8
6727,S0304,SUB0964,45,B,2024,2
6728,S0583,SUB0256,42,F,2026,3
6729,S0112,SUB0522,86,C,2023,1
6730,S0551,SUB0820,94,A+,2023,6
6731,S0300,SUB0436,49,C,2024,3
6732,S0214,SUB0290,92,A,2022,4
6733,S0479,SUB0675,99,C,2025,8
6734,S0356,SUB0738,99,C,2025,7
6735,S0099,SUB0676,77,F,2022,1
6736,S0646,SUB0588,62,C,2022,6
6737,S0314,SUB0983,63,B+,2023,7
6738,S0207,SUB0976,82,A,2022,8
6739,S0245,SUB0844,92,C,2025,8
6740,S0123,SUB0984,49,D,2022,7
6741,S0670,SUB0475,56,A+,2022,4
6742,S0331,SUB0485,93,C,2024,2
6743,S0649,SUB0407,98,A,2026,2
6744,S0338,SUB0234,72,C,2022,6
6745,S0366,SUB0420,80,A,2025,5
6746,S0693,SUB0985,86,D,2025,1
6747,S0476,SUB0733,70,B+,2024,4
6748,S0110,SUB0293,59,D,2024,5
6749,S0809,SUB0680,58,A,2025,1
6750,S0277,SUB0361,52,D,2022,4
6751,S0207,SUB0120,54,B,2024,2
6752,S0606,SUB0368,43,B,2022,2
6753,S0237,SUB0466,82,A+,2022,1
6754,S0748,SUB0429,71,B+,2025,7
6755,S0324,SUB0308,96,A+,2026,4
6756,S0519,SUB0074,64,B+,2025,7
6757,S0172,SUB0979,84,D,2025,4
6758,S0928,SUB0111,48,A+,2023,3
6759,S0867,SUB0084,69,F,2024,4
6760,S0033,SUB0040,73,A+,2022,7
6761,S0832,SUB0828,71,F,2025,5
6762,S0088,SUB0514,69,F,2024,7
6763,S0864,SUB0808,36,B,2024,6
6764,S0403,SUB0833,58,A+,2022,1
6765,S0025,SUB0638,61,F,2023,6
6766,S0193,SUB0958,77,C,2026,4
6767,S0474,SUB0091,89,B,2023,6
6768,S0722,SUB0136,62,F,2024,2
6769,S0444,SUB0785,41,B+,2024,2
6770,S0269,SUB0560,96,F,2026,3
6771,S0777,SUB0514,72,F,2024,8
6772,S0197,SUB0354,86,B,2023,6
6773,S0507,SUB0841,91,A,2022,2
6774,S0012,SUB0788,59,A+,2024,5
6775,S0811,SUB0734,48,F,2025,4
6776,S0098,SUB0493,66,D,2025,2
6777,S0819,SUB0442,65,B,2024,1
6778,S0741,SUB0387,50,A+,2024,2
6779,S0790,SUB0449,90,A+,2025,2
6780,S0051,SUB0348,68,A+,2026,3
6781,S0537,SUB0470,47,A+,2023,5
6782,S0243,SUB0220,91,B+,2025,2
6783,S0225,SUB0152,99,A,2025,8
6784,S0444,SUB0158,79,A,2026,5
6785,S1000,SUB0591,38,A+,2025,8
6786,S0728,SUB0640,75,A+,2025,6
6787,S0548,SUB0770,38,D,2023,8
6788,S0860,SUB0828,99,B+,2026,3
6789,S0658,SUB0527,59,B+,2024,1
6790,S0767,SUB0330,44,C,2024,8
6791,S0948,SUB0627,40,A+,2024,8
6792,S0765,SUB0559,45,F,2024,1
6793,S0623,SUB0677,94,A,2025,2
6794,S0907,SUB0681,64,A+,2023,2
6795,S1000,SUB0767,90,A,2023,6
6796,S0893,SUB0802,53,A+,2024,2
6797,S0269,SUB0682,95,F,2026,5
6798,S0998,SUB0055,46,C,2024,4
6799,S0050,SUB0184,89,D,2025,2
6800,S0297,SUB0272,93,D,2024,2
6801,S0586,SUB0687,94,B+,2023,7
6802,S0279,SUB0927,82,B,2023,1
6803,S0067,SUB0688,47,B,2022,1
6804,S0623,SUB0522,95,B+,2023,2
6805,S0377,SUB0917,53,D,2024,4
6806,S0825,SUB0539,55,C,2024,7
6807,S0735,SUB0549,49,D,2026,1
6808,S0348,SUB0464,51,B+,2025,4
6809,S0992,SUB0881,88,A,2025,7
6810,S0770,SUB0068,76,C,2024,5
6811,S0142,SUB0657,48,B+,2022,2
6812,S0395,SUB0608,98,F,2024,4
6813,S0338,SUB0485,98,A,2022,2
6814,S0706,SUB0359,80,F,2022,4
6815,S0008,SUB0450,69,B,2023,1
6816,S0566,SUB0357,40,C,2025,1
6817,S0262,SUB0304,77,B+,2024,1
6818,S0917,SUB0552,53,B+,2026,6
6819,S0119,SUB0801,58,D,2026,8
6820,S0747,SUB0686,96,F,2022,1
6821,S0708,SUB0038,75,B+,2023,2
6822,S0063,SUB0254,61,B,2022,8
6823,S0781,SUB0098,53,D,2026,3
6824,S0303,SUB0250,76,A+,2024,5
6825,S0856,SUB0005,75,A,2024,8
6826,S0990,SUB0302,72,B,2026,7
6827,S0282,SUB0516,49,C,2024,3
6828,S0711,SUB0623,42,A,2024,2
6829,S0830,SUB0755,88,B+,2026,5
6830,S0379,SUB0642,92,C,2023,5
6831,S0553,SUB0826,77,C,2024,8
6832,S0758,SUB0723,60,C,2022,8
6833,S0357,SUB0341,65,C,2023,4
6834,S0066,SUB0544,88,B+,2022,4
6835,S0502,SUB0588,100,B+,2023,7
6836,S0236,SUB0674,57,B,2022,6
6837,S0003,SUB0318,89,D,2022,6
6838,S0692,SUB0318,81,A,2022,3
6839,S0393,SUB0021,93,D,2026,5
6840,S0088,SUB0024,97,F,2024,2
6841,S0996,SUB0986,74,A,2023,7
6842,S0514,SUB0023,43,D,2026,4
6843,S0910,SUB0972,80,A+,2025,7
6844,S0522,SUB0540,60,B,2025,4
6845,S0230,SUB0851,87,A,2024,1
6846,S0289,SUB0313,78,A+,2022,3
6847,S0829,SUB0774,95,B,2026,6
6848,S0374,SUB0402,62,B+,2025,7
6849,S0277,SUB0005,55,A+,2025,1
6850,S0470,SUB0620,35,D,2025,2
6851,S0547,SUB0485,50,C,2025,7
6852,S0760,SUB0744,83,A,2022,1
6853,S0747,SUB0097,54,B+,2022,5
6854,S0279,SUB0171,39,B,2023,5
6855,S0198,SUB0355,95,D,2024,4
6856,S0452,SUB0636,89,F,2025,4
6857,S0726,SUB0363,41,A+,2025,6
6858,S0520,SUB0208,97,A,2026,1
6859,S0434,SUB0814,40,A+,2022,5
6860,S0575,SUB0441,75,A,2023,7
6861,S0990,SUB0999,81,F,2022,7
6862,S0647,SUB0862,72,B+,2024,7
6863,S0640,SUB0419,52,D,2025,4
6864,S0909,SUB0354,62,A+,2024,4
6865,S0183,SUB0399,73,F,2026,8
6866,S0736,SUB0399,45,D,2023,2
6867,S0259,SUB0172,88,A,2026,5
6868,S0069,SUB0648,80,F,2023,1
6869,S0817,SUB0919,97,F,2025,8
6870,S0886,SUB0871,57,F,2024,4
6871,S0452,SUB0273,65,A,2025,6
6872,S0754,SUB0302,95,A+,2023,1
6873,S0647,SUB0138,45,A+,2024,3
6874,S0151,SUB0001,38,B+,2025,3
6875,S0115,SUB0234,99,A+,2022,3
6876,S0390,SUB0418,37,D,2023,4
6877,S0496,SUB0001,99,A+,2022,1
6878,S0886,SUB0468,100,F,2025,7
6879,S0991,SUB0287,84,C,2022,4
6880,S0456,SUB0112,53,D,2023,3
6881,S0488,SUB0545,35,D,2022,5
6882,S0349,SUB0923,89,F,2026,3
6883,S0985,SUB0313,47,A,2025,4
6884,S0656,SUB0004,47,A,2023,3
6885,S0816,SUB0663,70,F,2022,3
6886,S0499,SUB0158,81,F,2023,6
6887,S0056,SUB0844,73,A,2026,2
6888,S0893,SUB0278,76,B+,2022,8
6889,S0032,SUB0839,42,B+,2026,7
6890,S0096,SUB0493,42,F,2023,8
6891,S0766,SUB0416,70,A+,2026,8
6892,S0917,SUB0857,57,B,2026,7
6893,S0019,SUB0596,81,A,2026,6
6894,S0727,SUB0638,67,A,2023,1
6895,S0190,SUB0482,57,D,2023,1
6896,S0695,SUB0286,94,B+,2025,5
6897,S0627,SUB0396,47,D,2025,3
6898,S0700,SUB0401,81,B+,2022,2
6899,S0740,SUB0879,74,F,2025,5
6900,S0461,SUB0616,84,F,2023,4
6901,S0118,SUB0167,83,F,2025,6
6902,S0735,SUB0535,64,D,2025,8
6903,S0650,SUB0536,86,A,2025,3
6904,S0690,SUB0962,70,B,2023,6
6905,S0609,SUB0702,50,B+,2022,6
6906,S0732,SUB0268,42,B,2022,6
6907,S0814,SUB0992,43,A,2024,2
6908,S0116,SUB0046,38,C,2024,1
6909,S0337,SUB0482,49,D,2026,1
6910,S0145,SUB0752,91,F,2025,4
6911,S0584,SUB0865,67,F,2025,4
6912,S0541,SUB0949,73,B,2026,1
6913,S0165,SUB0018,45,D,2023,1
6914,S0581,SUB0522,78,D,2026,7
6915,S0592,SUB0596,40,F,2023,7
6916,S0220,SUB0155,68,F,2026,2
6917,S0979,SUB0397,49,C,2025,7
6918,S0661,SUB0844,98,A+,2022,1
6919,S0733,SUB0696,95,A+,2023,6
6920,S0165,SUB0622,77,B+,2022,4
6921,S0823,SUB0389,89,D,2026,6
6922,S0727,SUB0767,36,F,2025,7
6923,S0936,SUB0386,58,B,2023,2
6924,S0240,SUB0951,49,A,2026,3
6925,S0902,SUB0618,69,A+,2025,5
6926,S0986,SUB0960,51,D,2026,1
6927,S0744,SUB0854,62,F,2024,1
6928,S0532,SUB0941,38,A,2025,4
6929,S0797,SUB0815,97,F,2024,3
6930,S0545,SUB0477,73,A+,2022,2
6931,S0644,SUB0563,61,B+,2026,3
6932,S0928,SUB0559,43,B,2022,7
6933,S0860,SUB0174,52,B+,2025,6
6934,S0539,SUB0942,58,A,2023,1
6935,S0173,SUB0713,100,D,2025,8
6936,S0506,SUB0074,39,A+,2025,7
6937,S0646,SUB0040,72,C,2023,8
6938,S0012,SUB0342,69,A,2026,8
6939,S0690,SUB0686,44,D,2026,2
6940,S0580,SUB0654,82,B,2026,1
6941,S0544,SUB0614,42,A+,2022,5
6942,S0515,SUB0205,63,A+,2023,4
6943,S0323,SUB0963,100,A+,2025,3
6944,S0963,SUB0403,54,B+,2023,8
6945,S0246,SUB0972,70,A+,2026,3
6946,S0892,SUB0246,76,A,2026,7
6947,S0047,SUB0774,96,A+,2024,2
6948,S0215,SUB0591,82,B,2023,3
6949,S0085,SUB0168,84,A,2024,4
6950,S0992,SUB0263,42,F,2025,8
6951,S0703,SUB0486,42,C,2023,6
6952,S0755,SUB0810,58,F,2025,5
6953,S0223,SUB0808,80,B+,2026,2
6954,S0812,SUB0459,73,F,2023,4
6955,S0466,SUB0645,39,A,2026,2
6956,S0642,SUB0685,99,B,2025,3
6957,S0832,SUB0623,46,F,2023,8
6958,S0207,SUB0523,52,D,2023,8
6959,S0772,SUB0022,44,F,2025,4
6960,S0583,SUB0387,67,A,2024,6
6961,S0935,SUB0201,65,D,2025,6
6962,S0762,SUB0903,61,F,2022,4
6963,S0483,SUB0825,39,A,2025,8
6964,S0448,SUB0887,73,F,2025,7
6965,S0184,SUB0253,75,B,2024,2
6966,S0241,SUB0135,42,B+,2023,2
6967,S0101,SUB0942,78,C,2024,4
6968,S0316,SUB0979,75,A,2024,1
6969,S0589,SUB0542,67,C,2026,8
6970,S0546,SUB0850,93,B,2023,6
6971,S0064,SUB0323,61,D,2026,8
6972,S0296,SUB0537,49,B,2022,5
6973,S0774,SUB0604,61,D,2024,6
6974,S0569,SUB0572,56,C,2025,1
6975,S0985,SUB0950,56,B,2026,5
6976,S0327,SUB0508,86,B,2023,4
6977,S0424,SUB0675,52,A,2025,7
6978,S0463,SUB0987,56,A,2023,6
6979,S0065,SUB0747,43,B+,2024,8
6980,S0995,SUB0124,94,A,2023,8
6981,S0231,SUB0117,60,B+,2024,5
6982,S0209,SUB0333,96,F,2022,6
6983,S0149,SUB0487,100,A,2025,4
6984,S0934,SUB0596,62,B,2023,5
6985,S0385,SUB0012,68,B,2026,6
6986,S0899,SUB0508,60,A+,2026,7
6987,S0248,SUB0104,84,B,2024,6
6988,S0001,SUB0566,78,C,2023,5
6989,S0058,SUB0128,58,B+,2024,1
6990,S0703,SUB0208,41,A+,2025,2
6991,S0583,SUB0718,64,F,2025,3
6992,S0200,SUB0826,69,A+,2024,6
6993,S0145,SUB0405,85,A+,2024,5
6994,S0741,SUB0029,88,F,2026,2
6995,S0099,SUB0972,56,A+,2025,4
6996,S0708,SUB0055,65,A,2025,3
6997,S0016,SUB0233,90,C,2025,3
6998,S0991,SUB0305,59,F,2022,1
6999,S0129,SUB0812,99,A+,2024,4
7000,S0735,SUB0144,63,A,2026,3
7001,S0691,SUB0227,73,F,2024,8
7002,S0291,SUB0120,96,F,2026,1
7003,S0610,SUB0522,88,A,2026,1
7004,S0052,SUB0995,60,A,2023,3
7005,S0111,SUB0825,93,F,2023,8
7006,S0861,SUB0549,65,C,2023,7
7007,S0917,SUB0685,52,A+,2023,6
7008,S0537,SUB0263,80,F,2026,2
7009,S0451,SUB0070,94,D,2024,5
7010,S0315,SUB0679,42,A+,2026,4
7011,S0537,SUB0685,62,B+,2023,2
7012,S0038,SUB0292,98,C,2026,6
7013,S0994,SUB0970,44,D,2022,6
7014,S0023,SUB0343,42,A+,2025,8
7015,S0454,SUB0947,43,A+,2022,7
7016,S0500,SUB0756,45,D,2025,5
7017,S0188,SUB0599,68,A,2023,8
7018,S0536,SUB0936,58,A,2022,7
7019,S0645,SUB0788,63,A+,2024,2
7020,S0552,SUB0759,61,A+,2025,2
7021,S0703,SUB0371,100,F,2025,1
7022,S0293,SUB0457,79,F,2026,6
7023,S0656,SUB0697,49,B,2024,3
7024,S0614,SUB0700,46,A+,2024,3
7025,S0177,SUB0905,62,B,2025,8
7026,S0282,SUB0412,81,A+,2025,8
7027,S0814,SUB0301,51,B,2023,3
7028,S0406,SUB0915,85,C,2023,7
7029,S0932,SUB0798,38,B,2022,7
7030,S0808,SUB0970,45,D,2026,4
7031,S0332,SUB0279,43,C,2024,8
7032,S0514,SUB0183,79,A+,2026,2
7033,S0123,SUB0541,72,F,2022,7
7034,S0675,SUB0769,93,A,2023,1
7035,S0917,SUB0634,35,C,2022,3
7036,S0476,SUB0507,62,B,2024,3
7037,S0792,SUB0668,69,A+,2023,4
7038,S0784,SUB0327,50,D,2022,4
7039,S0012,SUB0669,58,F,2026,7
7040,S0043,SUB0794,63,B+,2024,8
7041,S0580,SUB0436,41,D,2022,4
7042,S0234,SUB1000,82,B,2025,1
7043,S0870,SUB0186,64,A,2026,7
7044,S0997,SUB0650,57,A,2026,6
7045,S0112,SUB0133,51,A,2026,4
7046,S0198,SUB0924,79,D,2024,4
7047,S0441,SUB0699,85,A+,2025,6
7048,S0711,SUB0591,56,B+,2022,6
7049,S0833,SUB0297,53,A+,2023,1
7050,S0713,SUB0802,55,A+,2025,6
7051,S0139,SUB0418,59,D,2023,1
7052,S0026,SUB0322,41,B,2025,2
7053,S0279,SUB0975,40,B,2026,8
7054,S0409,SUB0414,91,A+,2025,6
7055,S0560,SUB0720,44,F,2024,3
7056,S0479,SUB0872,36,D,2024,2
7057,S0747,SUB0894,39,C,2025,8
7058,S0935,SUB0328,73,D,2025,5
7059,S0177,SUB0484,88,A,2026,7
7060,S0351,SUB0435,72,D,2023,6
7061,S0231,SUB0538,98,B+,2022,7
7062,S0219,SUB0719,93,C,2022,4
7063,S0012,SUB0928,73,B,2022,1
7064,S0557,SUB0501,62,D,2026,2
7065,S0610,SUB0816,45,B+,2023,8
7066,S0589,SUB0308,71,C,2022,5
7067,S0587,SUB0489,92,A,2023,1
7068,S0176,SUB0457,45,A+,2025,1
7069,S0834,SUB0160,75,A,2023,4
7070,S0814,SUB0739,45,B+,2026,4
7071,S0630,SUB0449,72,F,2022,3
7072,S0007,SUB0082,71,A+,2025,5
7073,S0193,SUB0301,56,B,2026,2
7074,S0348,SUB0972,48,D,2026,8
7075,S0058,SUB0431,87,B,2024,2
7076,S0618,SUB0338,94,B+,2023,2
7077,S0128,SUB0433,38,C,2026,1
7078,S0434,SUB0449,83,B,2026,8
7079,S0063,SUB0659,41,A+,2023,1
7080,S0530,SUB0029,95,D,2026,1
7081,S0768,SUB0788,35,B,2026,8
7082,S0702,SUB0006,42,C,2022,8
7083,S0324,SUB0853,41,B,2022,4
7084,S0952,SUB0265,54,B,2024,5
7085,S0141,SUB0089,38,A,2022,5
7086,S0868,SUB0040,43,F,2022,6
7087,S0766,SUB0903,72,B+,2024,2
7088,S0787,SUB0879,75,B,2023,3
7089,S0587,SUB0416,67,C,2023,2
7090,S0615,SUB0755,45,A+,2024,6
7091,S0061,SUB0174,93,F,2026,4
7092,S0965,SUB0068,83,B+,2026,4
7093,S0355,SUB0345,41,A+,2025,8
7094,S0800,SUB0152,100,F,2026,4
7095,S0332,SUB0952,55,C,2024,3
7096,S0958,SUB0805,85,C,2023,2
7097,S0652,SUB0718,85,D,2025,1
7098,S0213,SUB0812,62,D,2024,4
7099,S0223,SUB0700,60,B,2025,8
7100,S0792,SUB0155,71,C,2026,2
7101,S0307,SUB0708,48,B+,2026,4
7102,S0415,SUB0875,82,A,2022,3
7103,S0468,SUB0169,100,A+,2026,3
7104,S0015,SUB0657,86,D,2023,4
7105,S0666,SUB0089,61,A,2026,8
7106,S0709,SUB0570,66,B+,2022,3
7107,S0749,SUB0347,92,D,2025,5
7108,S0946,SUB0109,85,C,2024,4
7109,S0544,SUB0605,58,B+,2024,3
7110,S0592,SUB0144,63,F,2023,2
7111,S0071,SUB0637,62,D,2025,3
7112,S0137,SUB0215,62,F,2026,6
7113,S0069,SUB0506,68,B,2022,3
7114,S0776,SUB0113,71,A+,2025,7
7115,S0465,SUB0008,53,D,2024,8
7116,S0944,SUB0934,71,A+,2022,4
7117,S0075,SUB0523,43,C,2026,6
7118,S0223,SUB0435,40,A+,2025,3
7119,S0193,SUB0530,44,B,2025,4
7120,S0615,SUB0227,52,B+,2026,1
7121,S0798,SUB0141,54,B+,2023,3
7122,S0869,SUB0860,52,B+,2026,4
7123,S0990,SUB0112,50,A,2025,2
7124,S0556,SUB0534,44,B+,2026,4
7125,S0603,SUB0203,39,D,2022,1
7126,S0770,SUB0471,66,C,2022,5
7127,S0328,SUB0523,87,F,2026,8
7128,S0583,SUB0004,73,B,2025,6
7129,S0350,SUB0519,38,C,2024,3
7130,S0637,SUB0374,48,A,2024,3
7131,S0566,SUB0925,39,D,2025,7
7132,S0875,SUB0294,73,D,2022,5
7133,S0613,SUB0332,75,B+,2022,4
7134,S0438,SUB0786,41,A,2023,8
7135,S0120,SUB0668,79,D,2025,6
7136,S0176,SUB0069,85,B,2022,1
7137,S0116,SUB0320,61,B,2024,2
7138,S0104,SUB0142,98,B,2024,8
7139,S0222,SUB0896,37,A+,2023,4
7140,S0620,SUB0381,52,F,2024,5
7141,S0463,SUB0077,35,D,2022,4
7142,S0804,SUB0110,99,B,2025,4
7143,S0479,SUB0287,100,B+,2024,4
7144,S0007,SUB0244,43,F,2026,6
7145,S0735,SUB0948,96,B+,2024,4
7146,S0096,SUB0117,88,B,2024,7
7147,S0706,SUB0550,99,A,2024,3
7148,S0024,SUB0690,83,F,2023,3
7149,S0688,SUB0043,78,B,2026,5
7150,S0041,SUB0623,85,D,2026,8
7151,S0299,SUB0448,89,D,2026,4
7152,S0951,SUB0467,77,C,2025,5
7153,S0547,SUB0433,89,B+,2025,1
7154,S0222,SUB0821,49,A,2022,8
7155,S0417,SUB0155,41,C,2026,8
7156,S0078,SUB0396,66,C,2026,6
7157,S0192,SUB0882,94,D,2025,5
7158,S0162,SUB0122,92,B+,2023,5
7159,S0141,SUB0249,41,C,2022,7
7160,S0405,SUB0610,55,B,2025,1
7161,S0535,SUB0175,54,A+,2022,1
7162,S0018,SUB0391,53,B+,2025,2
7163,S0768,SUB0055,53,F,2026,3
7164,S0835,SUB0619,70,A+,2022,2
7165,S0038,SUB0507,48,D,2026,1
7166,S0684,SUB0027,35,D,2023,4
7167,S0793,SUB0396,55,B+,2025,6
7168,S0548,SUB0913,86,F,2022,3
7169,S0063,SUB0430,62,C,2025,6
7170,S0166,SUB0691,54,B+,2026,4
7171,S0731,SUB0788,51,B,2023,6
7172,S0784,SUB0222,48,B,2022,2
7173,S0103,SUB0600,40,A,2026,7
7174,S0323,SUB0073,94,C,2026,6
7175,S0193,SUB0215,69,A,2026,1
7176,S0824,SUB0492,61,A,2024,2
7177,S0491,SUB0750,59,F,2022,8
7178,S0105,SUB0489,37,A,2022,1
7179,S0057,SUB0315,50,A,2022,8
7180,S0821,SUB0477,51,B+,2022,8
7181,S0042,SUB0322,59,C,2026,3
7182,S0795,SUB0617,46,A,2022,3
7183,S0854,SUB0362,70,F,2024,5
7184,S0902,SUB0919,61,A+,2023,8
7185,S0691,SUB0366,83,A,2023,1
7186,S0681,SUB0501,70,C,2025,4
7187,S0882,SUB0350,37,C,2023,5
7188,S0584,SUB0045,87,F,2026,1
7189,S0145,SUB0967,64,A,2026,5
7190,S0447,SUB0848,48,A,2025,4
7191,S0302,SUB0475,67,B+,2024,4
7192,S0670,SUB0069,75,F,2026,4
7193,S0690,SUB0364,82,F,2023,2
7194,S0540,SUB0608,100,B,2025,2
7195,S0912,SUB0256,88,B,2025,3
7196,S0976,SUB0480,35,D,2024,2
7197,S0748,SUB0320,59,B,2026,1
7198,S0603,SUB0499,44,C,2022,7
7199,S0774,SUB0542,55,C,2022,4
7200,S0984,SUB0126,46,F,2026,4
7201,S0427,SUB0010,65,F,2024,2
7202,S0304,SUB0770,71,C,2025,6
7203,S0960,SUB0183,81,A+,2024,1
7204,S0546,SUB0226,75,B,2022,7
7205,S0833,SUB0668,73,A+,2026,3
7206,S0824,SUB0210,61,A+,2023,8
7207,S0732,SUB0456,94,C,2022,7
7208,S0107,SUB0196,60,D,2026,1
7209,S0512,SUB0359,67,A+,2026,2
7210,S0035,SUB0737,66,C,2022,8
7211,S0835,SUB0623,60,A+,2025,7
7212,S0408,SUB0318,100,A+,2026,1
7213,S0252,SUB0743,89,B,2023,6
7214,S0927,SUB0480,92,B+,2022,4
7215,S0053,SUB0988,96,B+,2026,7
7216,S0868,SUB0274,62,A+,2026,8
7217,S0052,SUB0159,51,B+,2022,4
7218,S0044,SUB0663,72,B+,2026,8
7219,S0853,SUB0499,84,F,2025,1
7220,S0319,SUB0531,90,C,2026,1
7221,S0367,SUB0445,95,D,2025,8
7222,S0766,SUB0940,76,D,2025,1
7223,S0804,SUB0639,48,F,2023,7
7224,S0392,SUB0136,79,A,2025,1
7225,S0534,SUB0034,82,D,2022,3
7226,S0884,SUB0703,75,F,2022,5
7227,S0571,SUB0483,86,F,2025,4
7228,S0822,SUB0694,90,B+,2022,4
7229,S0779,SUB0918,79,A,2023,7
7230,S0928,SUB0048,87,A+,2023,3
7231,S0941,SUB0806,65,F,2026,1
7232,S0381,SUB0869,96,D,2024,3
7233,S0581,SUB0906,57,D,2026,1
7234,S0082,SUB0344,89,B+,2022,8
7235,S0609,SUB0329,55,C,2025,4
7236,S0838,SUB0607,80,B,2026,5
7237,S0172,SUB0766,37,A+,2024,5
7238,S0979,SUB0895,63,A+,2022,7
7239,S0042,SUB0154,38,C,2022,2
7240,S0345,SUB0877,87,D,2025,3
7241,S0573,SUB0210,76,D,2023,5
7242,S0535,SUB0968,44,D,2023,3
7243,S0438,SUB0715,80,B+,2025,4
7244,S0300,SUB0864,76,F,2024,5
7245,S0189,SUB0288,51,D,2024,7
7246,S0903,SUB0475,50,A,2022,6
7247,S0569,SUB0633,94,A,2025,4
7248,S0325,SUB0171,52,B+,2024,1
7249,S0213,SUB0846,56,F,2025,1
7250,S0367,SUB0850,53,C,2025,8
7251,S0753,SUB0361,38,F,2025,5
7252,S0954,SUB0828,87,A+,2023,3
7253,S0192,SUB0618,96,B,2025,8
7254,S0904,SUB0596,91,B+,2024,8
7255,S0582,SUB0849,73,F,2022,2
7256,S0431,SUB0322,79,B+,2022,8
7257,S0505,SUB0593,73,D,2026,1
7258,S0970,SUB0752,71,B+,2025,3
7259,S0965,SUB0223,97,A+,2026,2
7260,S0556,SUB0296,99,B+,2024,2
7261,S0668,SUB0823,75,C,2023,8
7262,S0330,SUB0181,100,B+,2024,7
7263,S0304,SUB0086,51,C,2023,3
7264,S0748,SUB0620,41,C,2026,3
7265,S0877,SUB0791,63,C,2022,6
7266,S0838,SUB1000,80,F,2024,8
7267,S0089,SUB0561,94,D,2025,5
7268,S0981,SUB0644,96,F,2026,1
7269,S0784,SUB0820,70,A+,2022,3
7270,S0675,SUB0534,90,A+,2026,8
7271,S0245,SUB0831,65,F,2024,6
7272,S0115,SUB0099,70,A,2024,6
7273,S0155,SUB0069,70,A+,2026,8
7274,S0437,SUB0792,46,D,2022,7
7275,S0821,SUB0835,95,A+,2024,2
7276,S0106,SUB0812,45,C,2024,8
7277,S0771,SUB0245,86,C,2022,2
7278,S0672,SUB0796,90,D,2025,4
7279,S0364,SUB0733,84,A+,2023,8
7280,S0818,SUB0546,98,B+,2024,1
7281,S0696,SUB0485,45,B+,2022,3
7282,S0482,SUB0996,57,A,2023,4
7283,S0793,SUB0033,48,B,2023,2
7284,S0667,SUB0285,89,F,2022,6
7285,S0179,SUB0760,84,F,2025,6
7286,S0223,SUB0353,86,C,2024,1
7287,S0142,SUB0813,88,F,2025,2
7288,S0992,SUB0330,62,D,2022,4
7289,S0778,SUB0871,94,D,2026,3
7290,S0296,SUB0483,90,D,2023,2
7291,S0850,SUB0218,77,C,2024,7
7292,S0310,SUB0920,87,F,2023,1
7293,S0746,SUB0139,80,B,2024,6
7294,S0027,SUB0789,80,B+,2022,8
7295,S0508,SUB0889,63,B+,2024,6
7296,S0537,SUB0761,69,C,2024,1
7297,S0823,SUB0022,56,D,2022,4
7298,S0349,SUB0816,48,B+,2024,8
7299,S0843,SUB0123,41,F,2026,4
7300,S0265,SUB0108,63,B+,2022,5
7301,S0873,SUB0715,82,A,2022,2
7302,S0315,SUB0202,37,A+,2024,6
7303,S0023,SUB0447,72,A,2024,7
7304,S0618,SUB0504,75,F,2022,3
7305,S0515,SUB0409,62,B,2023,8
7306,S0464,SUB0034,62,A+,2024,1
7307,S0525,SUB0866,96,F,2026,8
7308,S0939,SUB0722,58,A,2022,1
7309,S0283,SUB1000,88,F,2025,1
7310,S0032,SUB0575,72,B,2022,6
7311,S0063,SUB0610,67,A+,2024,6
7312,S0356,SUB0266,48,A+,2025,4
7313,S0617,SUB0938,70,D,2026,5
7314,S0780,SUB0980,37,F,2025,7
7315,S0019,SUB0025,99,C,2026,1
7316,S0031,SUB0865,92,C,2023,8
7317,S0806,SUB0718,80,C,2026,5
7318,S0921,SUB0317,39,C,2026,4
7319,S0217,SUB0987,54,C,2023,3
7320,S0416,SUB0990,66,B,2025,7
7321,S0402,SUB0835,83,A,2022,5
7322,S0211,SUB0387,48,A+,2024,2
7323,S0964,SUB0983,38,A+,2025,5
7324,S0557,SUB0957,40,F,2025,5
7325,S0467,SUB0529,66,D,2026,6
7326,S0939,SUB0087,47,B,2022,5
7327,S0962,SUB0455,91,D,2024,6
7328,S0037,SUB0739,87,A,2023,5
7329,S0452,SUB0817,90,A,2022,7
7330,S0827,SUB0171,98,D,2025,3
7331,S0849,SUB0395,88,A+,2022,8
7332,S0938,SUB0417,94,A,2025,3
7333,S0867,SUB0622,68,A,2024,5
7334,S0884,SUB0575,74,C,2023,5
7335,S0723,SUB0261,64,D,2026,5
7336,S0728,SUB0807,64,C,2023,6
7337,S0610,SUB0205,38,A,2024,6
7338,S0745,SUB0254,76,B+,2026,6
7339,S0594,SUB0786,49,D,2026,4
7340,S0018,SUB0367,92,B+,2022,5
7341,S0541,SUB0505,92,D,2025,1
7342,S0475,SUB0151,88,B,2025,7
7343,S0979,SUB0624,81,A,2025,8
7344,S0589,SUB0468,73,B+,2025,1
7345,S0612,SUB0339,76,B+,2026,6
7346,S0475,SUB0518,42,B,2026,2
7347,S0667,SUB0338,45,B,2022,8
7348,S0549,SUB0974,74,A+,2023,6
7349,S0160,SUB0080,51,D,2026,1
7350,S0964,SUB0936,94,A+,2025,3
7351,S0682,SUB0792,98,A+,2023,3
7352,S0830,SUB0971,46,B,2026,8
7353,S0630,SUB0640,97,F,2024,4
7354,S0158,SUB0543,91,D,2025,6
7355,S0101,SUB0857,76,A,2023,4
7356,S0946,SUB0948,52,A+,2025,3
7357,S0889,SUB0644,41,F,2025,2
7358,S0724,SUB0600,86,D,2023,7
7359,S0186,SUB0424,65,B+,2024,3
7360,S0264,SUB0109,89,A,2026,4
7361,S0981,SUB0666,64,D,2026,2
7362,S0362,SUB0485,86,F,2022,8
7363,S0653,SUB0421,53,B+,2024,1
7364,S0275,SUB0111,80,B,2022,6
7365,S0643,SUB0434,100,B,2024,3
7366,S0799,SUB0561,96,A,2022,7
7367,S0705,SUB0323,62,D,2022,1
7368,S0075,SUB0079,65,F,2022,7
7369,S0847,SUB0187,37,D,2024,2
7370,S0023,SUB0388,49,B,2022,2
7371,S0426,SUB0543,100,F,2026,1
7372,S0976,SUB0332,47,F,2023,2
7373,S0264,SUB0138,54,B,2024,5
7374,S0123,SUB0083,47,D,2024,2
7375,S0074,SUB0700,84,A+,2023,8
7376,S0126,SUB0247,75,A,2023,6
7377,S0258,SUB0552,66,D,2022,6
7378,S0986,SUB0738,38,B,2024,4
7379,S0917,SUB0228,50,D,2022,4
7380,S0488,SUB0007,88,D,2026,5
7381,S0423,SUB0406,80,B+,2025,6
7382,S0384,SUB0394,93,D,2023,8
7383,S0806,SUB0232,45,A,2025,5
7384,S0376,SUB0096,48,A+,2023,1
7385,S0685,SUB0386,94,B+,2026,3
7386,S0309,SUB0416,72,A,2024,8
7387,S0508,SUB0447,63,A+,2024,2
7388,S0244,SUB0113,64,D,2024,3
7389,S0120,SUB0704,41,D,2023,5
7390,S0431,SUB0125,79,F,2026,8
7391,S0992,SUB0758,94,B,2024,7
7392,S0131,SUB0384,71,F,2025,5
7393,S0512,SUB0146,43,D,2023,5
7394,S0702,SUB0257,73,B+,2025,6
7395,S0070,SUB0183,62,F,2022,1
7396,S0592,SUB0521,76,A+,2026,7
7397,S0604,SUB0348,97,C,2024,8
7398,S0536,SUB0076,84,B+,2022,5
7399,S0282,SUB0700,73,F,2026,2
7400,S0943,SUB0278,38,A,2026,5
7401,S0313,SUB0432,66,B,2022,7
7402,S0218,SUB0891,87,B+,2024,8
7403,S0454,SUB0985,84,A,2022,4
7404,S0274,SUB0399,67,D,2023,1
7405,S0632,SUB0602,95,D,2024,4
7406,S0642,SUB0547,62,B+,2022,7
7407,S0275,SUB0204,57,C,2023,8
7408,S0022,SUB0490,41,D,2025,8
7409,S0033,SUB0436,79,B+,2026,2
7410,S0747,SUB0251,48,B+,2026,2
7411,S0097,SUB0368,70,C,2026,1
7412,S0977,SUB0700,86,C,2022,7
7413,S0610,SUB0111,66,C,2024,1
7414,S0548,SUB0779,56,D,2023,3
7415,S0577,SUB0455,94,C,2023,1
7416,S0152,SUB0968,67,B,2026,5
7417,S0077,SUB0444,82,C,2025,7
7418,S0108,SUB0248,59,F,2022,4
7419,S0617,SUB0372,62,A,2024,5
7420,S0308,SUB0380,75,A,2023,5
7421,S0007,SUB0833,97,A+,2022,1
7422,S0520,SUB0511,41,A,2023,8
7423,S0368,SUB0549,51,A,2025,7
7424,S0463,SUB0344,50,A+,2026,1
7425,S0111,SUB0379,86,D,2024,3
7426,S0427,SUB0083,82,A+,2023,2
7427,S0536,SUB0007,38,A+,2024,5
7428,S0246,SUB0089,78,B,2024,6
7429,S0944,SUB0604,71,B+,2024,4
7430,S0576,SUB0649,54,A+,2023,3
7431,S0358,SUB0530,75,B,2023,5
7432,S0094,SUB0192,95,F,2024,2
7433,S0030,SUB0850,98,C,2026,1
7434,S0106,SUB0634,72,A,2024,6
7435,S0156,SUB0705,40,D,2025,4
7436,S0450,SUB0229,82,F,2026,8
7437,S0332,SUB0977,37,B+,2025,4
7438,S0153,SUB0177,80,C,2026,6
7439,S0522,SUB0142,96,A+,2025,7
7440,S0626,SUB0329,77,C,2025,1
7441,S0055,SUB0489,46,D,2024,3
7442,S0992,SUB0374,66,C,2022,1
7443,S0023,SUB0205,40,B,2025,3
7444,S0585,SUB0472,78,F,2024,5
7445,S0585,SUB0899,93,B+,2024,8
7446,S0239,SUB0939,62,A,2025,5
7447,S0673,SUB0188,43,F,2023,4
7448,S0278,SUB0445,52,F,2024,3
7449,S0625,SUB0382,77,B,2024,6
7450,S0344,SUB0109,96,A+,2024,6
7451,S0870,SUB0424,47,D,2023,1
7452,S0689,SUB0193,93,B+,2022,7
7453,S0676,SUB0276,75,F,2022,8
7454,S0908,SUB0735,91,A,2022,5
7455,S0880,SUB0442,40,A+,2026,1
7456,S0648,SUB0081,81,B+,2024,5
7457,S0763,SUB0452,89,D,2025,4
7458,S0086,SUB0677,84,F,2024,1
7459,S0461,SUB0932,49,B,2025,7
7460,S0514,SUB0080,42,A+,2024,3
7461,S0633,SUB0983,75,F,2023,1
7462,S0009,SUB0551,91,B,2024,6
7463,S0579,SUB0338,97,F,2025,3
7464,S0529,SUB0685,38,B+,2026,7
7465,S0261,SUB0368,40,C,2022,7
7466,S0818,SUB0240,62,B+,2025,1
7467,S0088,SUB0452,79,A+,2022,6
7468,S0528,SUB0883,89,B,2025,5
7469,S0138,SUB0087,41,B+,2022,4
7470,S0683,SUB0336,42,A,2022,4
7471,S0808,SUB0828,41,C,2026,6
7472,S0947,SUB0092,36,F,2022,6
7473,S0553,SUB0029,44,C,2022,2
7474,S0614,SUB0855,97,A+,2023,8
7475,S0377,SUB0711,46,D,2022,5
7476,S0600,SUB0042,64,D,2023,5
7477,S0649,SUB0515,89,B+,2023,5
7478,S0692,SUB0600,73,B,2024,5
7479,S0013,SUB0642,69,B+,2022,1
7480,S0733,SUB0649,83,D,2023,8
7481,S0481,SUB0033,65,B,2026,4
7482,S0367,SUB0668,99,F,2022,3
7483,S0297,SUB0057,36,D,2025,8
7484,S0083,SUB0691,42,B,2026,3
7485,S0286,SUB0811,51,B,2022,1
7486,S0405,SUB0751,80,B,2026,8
7487,S0114,SUB0438,52,B+,2024,1
7488,S0099,SUB0951,68,A,2025,7
7489,S0908,SUB0202,70,C,2023,8
7490,S0356,SUB0043,84,B,2024,7
7491,S0212,SUB0910,85,A+,2023,1
7492,S0408,SUB0800,44,F,2022,4
7493,S0024,SUB0590,60,B+,2022,2
7494,S0395,SUB0604,67,F,2024,4
7495,S0927,SUB0451,60,C,2025,5
7496,S0655,SUB0195,44,B+,2023,1
7497,S0377,SUB0580,78,A+,2025,6
7498,S0967,SUB0100,59,B,2026,4
7499,S0112,SUB0167,99,A,2024,6
7500,S0516,SUB0933,44,F,2023,5
7501,S0225,SUB0937,43,D,2023,3
7502,S0942,SUB0501,48,F,2022,6
7503,S1000,SUB0336,50,A,2024,3
7504,S0689,SUB0589,64,A,2024,2
7505,S0592,SUB0617,36,F,2022,5
7506,S0715,SUB0821,39,C,2024,6
7507,S0411,SUB0551,60,C,2024,8
7508,S0948,SUB0249,86,B+,2024,5
7509,S0043,SUB0668,59,A+,2023,3
7510,S0766,SUB0127,55,A+,2022,8
7511,S0583,SUB0985,38,A,2023,8
7512,S0530,SUB0313,66,B+,2022,3
7513,S0303,SUB0059,59,A,2025,8
7514,S0636,SUB0735,65,B,2025,4
7515,S0512,SUB0468,55,F,2026,7
7516,S0256,SUB0244,47,D,2024,1
7517,S0445,SUB0349,61,D,2024,3
7518,S0543,SUB0872,43,B+,2023,1
7519,S0694,SUB0826,64,A,2025,4
7520,S0121,SUB0015,97,B,2023,8
7521,S0737,SUB0416,53,B+,2025,7
7522,S0965,SUB0081,54,B+,2025,6
7523,S0933,SUB0069,46,F,2024,3
7524,S0710,SUB0685,91,D,2025,4
7525,S0263,SUB0582,52,A+,2024,6
7526,S0009,SUB0324,82,B,2022,4
7527,S0968,SUB0917,61,F,2023,6
7528,S0792,SUB0623,62,F,2025,1
7529,S0566,SUB0067,89,D,2023,7
7530,S0712,SUB0603,79,A+,2022,5
7531,S0696,SUB0647,60,D,2023,6
7532,S0121,SUB0978,47,C,2026,1
7533,S0407,SUB0911,71,B+,2026,2
7534,S0678,SUB0221,100,C,2025,5
7535,S0383,SUB0874,83,B+,2026,2
7536,S0442,SUB0737,62,A,2025,8
7537,S0685,SUB0675,68,A+,2024,8
7538,S0770,SUB0233,71,C,2025,6
7539,S0284,SUB0409,94,B+,2023,3
7540,S0240,SUB0708,35,D,2022,8
7541,S0592,SUB0211,70,A+,2023,8
7542,S0811,SUB0225,35,C,2024,6
7543,S0996,SUB0610,53,F,2023,4
7544,S0944,SUB0446,77,D,2025,5
7545,S0370,SUB0497,72,B+,2025,8
7546,S0532,SUB0109,91,F,2022,2
7547,S0140,SUB0779,54,D,2022,7
7548,S0073,SUB0119,87,D,2026,8
7549,S0924,SUB0129,51,B+,2026,7
7550,S0168,SUB0476,68,A+,2023,8
7551,S0321,SUB0679,56,D,2022,2
7552,S0088,SUB0045,35,C,2023,4
7553,S0462,SUB0399,67,B+,2026,8
7554,S0021,SUB0977,71,B,2026,8
7555,S0487,SUB0909,49,F,2024,6
7556,S0589,SUB0034,57,B+,2024,3
7557,S0536,SUB0984,58,C,2022,2
7558,S0512,SUB0022,53,D,2024,4
7559,S0472,SUB0833,86,D,2022,3
7560,S0262,SUB0003,87,A,2024,4
7561,S0650,SUB0313,56,B,2023,4
7562,S0419,SUB0917,78,C,2022,8
7563,S0432,SUB0133,62,B+,2026,3
7564,S0778,SUB0411,61,B,2022,8
7565,S0558,SUB0179,85,B+,2026,5
7566,S0845,SUB0067,64,C,2026,8
7567,S0063,SUB0860,46,A+,2022,6
7568,S0373,SUB0984,63,F,2023,2
7569,S0342,SUB0974,94,D,2023,8
7570,S0048,SUB0098,64,F,2023,4
7571,S0643,SUB0701,91,B+,2023,3
7572,S0028,SUB0364,40,A+,2025,1
7573,S0261,SUB0693,72,A,2023,3
7574,S0159,SUB0188,50,A+,2026,7
7575,S0600,SUB0076,76,B,2024,4
7576,S0661,SUB0450,55,A+,2024,5
7577,S0177,SUB0256,35,A+,2023,8
7578,S0660,SUB0445,67,A+,2022,4
7579,S0264,SUB0953,89,F,2026,6
7580,S0582,SUB0541,82,C,2025,1
7581,S0004,SUB0304,84,C,2024,1
7582,S0094,SUB0119,51,A+,2023,5
7583,S0988,SUB0186,52,D,2026,8
7584,S0975,SUB0493,88,A,2024,8
7585,S0449,SUB0485,77,B,2024,1
7586,S0059,SUB0274,49,C,2022,5
7587,S0300,SUB0225,99,A+,2024,4
7588,S0825,SUB0188,91,A,2024,6
7589,S0876,SUB0458,100,B+,2026,3
7590,S0691,SUB0912,85,F,2026,3
7591,S0007,SUB0835,52,F,2025,2
7592,S0841,SUB0115,51,B,2025,1
7593,S1000,SUB0352,69,B,2025,1
7594,S0326,SUB0902,60,B,2022,6
7595,S0959,SUB0069,87,A,2023,3
7596,S0846,SUB0583,85,B+,2022,2
7597,S0120,SUB0025,53,C,2026,2
7598,S0728,SUB0824,99,C,2025,3
7599,S0958,SUB0765,82,A+,2024,5
7600,S0149,SUB0455,53,A+,2024,6
7601,S0618,SUB0810,46,A,2025,2
7602,S0131,SUB0319,58,C,2022,7
7603,S0677,SUB0051,67,B+,2025,6
7604,S0717,SUB0197,74,B+,2025,6
7605,S0727,SUB0049,70,A,2024,7
7606,S0203,SUB0007,65,A+,2022,7
7607,S0385,SUB0398,65,F,2025,5
7608,S0080,SUB0826,83,F,2022,8
7609,S0240,SUB0369,96,A,2024,2
7610,S0909,SUB0280,44,D,2022,8
7611,S0067,SUB0720,66,D,2023,6
7612,S0429,SUB0291,37,C,2024,4
7613,S0889,SUB0561,71,B,2025,1
7614,S0197,SUB0600,44,D,2026,1
7615,S0378,SUB0868,94,B,2024,2
7616,S0630,SUB0229,54,C,2024,4
7617,S0224,SUB0139,81,A,2023,2
7618,S0666,SUB0858,94,B,2025,4
7619,S0206,SUB0506,63,A+,2022,3
7620,S0443,SUB0393,42,A+,2023,6
7621,S0678,SUB0475,37,F,2023,5
7622,S0382,SUB0789,42,C,2025,4
7623,S0720,SUB0505,73,B+,2025,2
7624,S0838,SUB0664,88,C,2026,6
7625,S0791,SUB0048,61,B+,2025,8
7626,S0483,SUB0602,38,A,2023,3
7627,S0918,SUB0656,74,B+,2026,3
7628,S0681,SUB0073,52,A,2026,4
7629,S0318,SUB0939,86,C,2022,7
7630,S0583,SUB0172,76,D,2026,4
7631,S0059,SUB0495,35,A+,2023,7
7632,S0610,SUB0626,73,A,2024,8
7633,S0889,SUB0122,48,C,2025,1
7634,S0366,SUB0673,98,A,2023,1
7635,S0907,SUB0749,36,C,2026,6
7636,S0135,SUB0599,73,C,2022,5
7637,S0541,SUB0612,93,D,2024,6
7638,S0226,SUB0995,48,B,2023,5
7639,S0803,SUB0339,41,D,2022,6
7640,S0701,SUB0839,95,F,2023,6
7641,S0416,SUB0413,43,A+,2024,2
7642,S0228,SUB0479,61,A+,2026,2
7643,S0200,SUB0900,38,D,2026,1
7644,S0617,SUB0642,77,B,2022,1
7645,S0229,SUB0165,92,C,2023,5
7646,S0928,SUB0344,83,C,2024,3
7647,S0292,SUB0495,38,B+,2022,6
7648,S0470,SUB0629,59,B,2026,8
7649,S0730,SUB0351,66,A,2022,6
7650,S0417,SUB0348,92,C,2025,4
7651,S0361,SUB0524,83,C,2022,3
7652,S0515,SUB0341,46,A+,2026,4
7653,S0481,SUB0496,100,C,2023,2
7654,S0426,SUB0507,58,A,2022,7
7655,S0846,SUB0981,36,B+,2024,8
7656,S0878,SUB0577,65,F,2026,3
7657,S0046,SUB0790,51,F,2024,5
7658,S0184,SUB0579,91,A,2024,6
7659,S0998,SUB0779,53,F,2025,5
7660,S0749,SUB0292,49,C,2024,2
7661,S0888,SUB0952,48,A,2025,5
7662,S0859,SUB0319,68,A,2023,2
7663,S0075,SUB0313,65,C,2025,3
7664,S0251,SUB0871,92,B,2024,1
7665,S0682,SUB0999,35,A+,2026,6
7666,S0931,SUB0966,58,D,2025,4
7667,S0634,SUB0652,62,F,2025,6
7668,S0267,SUB0475,95,A+,2024,3
7669,S0707,SUB0514,36,F,2023,1
7670,S0691,SUB0456,45,D,2024,1
7671,S0584,SUB0670,49,B+,2022,7
7672,S0001,SUB0448,97,C,2025,5
7673,S0765,SUB0516,42,B+,2023,6
7674,S0691,SUB0576,83,B+,2024,1
7675,S0621,SUB0026,77,B+,2024,1
7676,S0821,SUB0389,81,B+,2026,3
7677,S0071,SUB0745,98,C,2023,2
7678,S0507,SUB0075,84,B,2022,7
7679,S0339,SUB0391,51,A,2022,1
7680,S0227,SUB0927,61,F,2026,4
7681,S0627,SUB0452,68,B,2026,6
7682,S0899,SUB0240,88,A,2025,4
7683,S0240,SUB0703,63,D,2023,1
7684,S0616,SUB0229,37,B,2025,1
7685,S0506,SUB0752,44,B,2022,7
7686,S0279,SUB0332,68,A,2026,3
7687,S0056,SUB0451,40,B,2024,1
7688,S0392,SUB0380,40,B,2023,3
7689,S0257,SUB0695,82,B,2022,6
7690,S0825,SUB0614,80,B+,2026,7
7691,S0709,SUB0754,99,B+,2023,4
7692,S0395,SUB0896,79,A+,2025,6
7693,S0217,SUB0734,37,F,2024,8
7694,S0460,SUB0314,45,D,2024,5
7695,S0553,SUB0863,72,F,2025,6
7696,S0487,SUB0193,71,A,2025,8
7697,S0845,SUB0566,79,B+,2026,2
7698,S0872,SUB0924,66,B,2025,8
7699,S0755,SUB0019,45,F,2022,3
7700,S0045,SUB0229,39,A+,2026,6
7701,S0838,SUB0219,83,C,2022,4
7702,S0861,SUB0174,63,B+,2023,2
7703,S0503,SUB0947,82,D,2023,2
7704,S0714,SUB0370,65,D,2026,8
7705,S0535,SUB0159,89,F,2023,6
7706,S0099,SUB0676,86,A+,2025,1
7707,S0930,SUB0072,46,A,2023,4
7708,S0641,SUB0333,47,A+,2024,8
7709,S0915,SUB0870,91,C,2026,1
7710,S0088,SUB0813,75,F,2024,5
7711,S0602,SUB0593,64,A+,2022,5
7712,S0641,SUB0632,100,F,2025,8
7713,S0785,SUB0740,37,A+,2026,4
7714,S0556,SUB0162,66,F,2022,2
7715,S0703,SUB0684,40,D,2025,2
7716,S0366,SUB0228,45,B,2024,8
7717,S0610,SUB0068,76,F,2026,4
7718,S0663,SUB0661,63,D,2026,1
7719,S0107,SUB0805,97,F,2026,6
7720,S0814,SUB0328,89,F,2023,2
7721,S0838,SUB0134,49,B,2022,7
7722,S0037,SUB0622,52,A,2026,8
7723,S0072,SUB0405,46,D,2026,5
7724,S0020,SUB0257,77,F,2024,6
7725,S0237,SUB0612,44,B,2022,2
7726,S0220,SUB0284,63,A,2022,4
7727,S0456,SUB0180,75,B,2023,3
7728,S0361,SUB0515,65,F,2023,8
7729,S0888,SUB0589,55,C,2022,5
7730,S0414,SUB0845,62,F,2026,6
7731,S0177,SUB0241,80,D,2025,6
7732,S0594,SUB0459,42,F,2023,7
7733,S0730,SUB0068,38,F,2024,2
7734,S0581,SUB0604,40,B+,2023,8
7735,S0382,SUB0437,99,F,2024,5
7736,S0503,SUB0466,47,D,2022,4
7737,S0316,SUB0664,86,F,2026,3
7738,S0324,SUB0366,63,A+,2026,6
7739,S0499,SUB0086,38,B+,2026,3
7740,S0864,SUB0689,86,B,2025,4
7741,S0430,SUB0692,87,A+,2022,6
7742,S0632,SUB0718,45,F,2026,4
7743,S0676,SUB0592,47,B+,2023,4
7744,S0940,SUB0558,81,A+,2026,3
7745,S0285,SUB0070,74,B+,2022,6
7746,S0515,SUB0200,63,F,2024,4
7747,S0244,SUB0781,89,B+,2022,5
7748,S0297,SUB0581,51,B,2026,7
7749,S0965,SUB0537,99,A,2024,3
7750,S0681,SUB0817,95,A,2024,8
7751,S0734,SUB0129,67,C,2026,8
7752,S0252,SUB0585,37,C,2024,7
7753,S0388,SUB0630,36,D,2022,5
7754,S0274,SUB0454,66,B,2026,8
7755,S0324,SUB0256,68,B,2023,1
7756,S0671,SUB0531,96,A,2022,3
7757,S0424,SUB0777,74,A+,2022,4
7758,S0477,SUB0394,71,C,2024,5
7759,S0333,SUB0429,43,D,2023,1
7760,S0749,SUB0231,89,F,2025,4
7761,S0362,SUB0646,66,A+,2025,7
7762,S0951,SUB0038,63,C,2025,8
7763,S0644,SUB0760,80,B+,2025,7
7764,S0314,SUB0121,88,B,2026,6
7765,S0906,SUB0546,46,F,2025,3
7766,S0854,SUB0941,50,B+,2026,2
7767,S0319,SUB0906,94,D,2023,3
7768,S0293,SUB0416,52,A,2024,6
7769,S0769,SUB0615,58,A,2023,4
7770,S0199,SUB0256,72,A,2026,5
7771,S0428,SUB0374,60,C,2025,3
7772,S0476,SUB0286,55,A,2024,2
7773,S0756,SUB0102,91,D,2022,5
7774,S0072,SUB0080,86,F,2026,3
7775,S0418,SUB0122,57,B,2024,6
7776,S0545,SUB0405,38,D,2024,6
7777,S0924,SUB0147,35,F,2022,5
7778,S0093,SUB0716,71,F,2022,4
7779,S0401,SUB0582,76,A+,2022,2
7780,S0713,SUB0389,100,A+,2024,1
7781,S0739,SUB0993,96,A+,2024,7
7782,S0363,SUB0922,35,B,2023,8
7783,S0366,SUB0842,45,A,2025,4
7784,S0660,SUB0086,70,D,2023,7
7785,S0853,SUB0104,77,C,2026,5
7786,S0668,SUB0377,93,B+,2023,6
7787,S0044,SUB0236,71,C,2024,2
7788,S0458,SUB0949,57,B,2024,1
7789,S0024,SUB0057,76,F,2024,7
7790,S0969,SUB0451,88,A,2022,4
7791,S0361,SUB0813,78,C,2022,3
7792,S0491,SUB0692,69,C,2024,4
7793,S0246,SUB0494,49,D,2024,4
7794,S0399,SUB0342,72,A,2023,7
7795,S0150,SUB0393,58,D,2026,8
7796,S0815,SUB0979,88,D,2026,3
7797,S0353,SUB0499,76,B+,2022,8
7798,S0601,SUB0257,51,B+,2024,1
7799,S0133,SUB0068,84,C,2022,8
7800,S0584,SUB0556,43,A+,2026,7
7801,S0544,SUB0389,37,D,2026,4
7802,S0910,SUB0911,50,A+,2022,6
7803,S0726,SUB0179,50,B+,2023,5
7804,S0628,SUB0380,84,B,2025,7
7805,S0712,SUB0624,77,B+,2026,8
7806,S0672,SUB0906,77,B+,2023,4
7807,S0092,SUB0698,50,B,2022,4
7808,S0287,SUB0871,87,A,2022,1
7809,S0475,SUB0501,97,A+,2024,1
7810,S0321,SUB0650,92,F,2024,2
7811,S0930,SUB0946,70,B,2022,1
7812,S0571,SUB0304,36,C,2025,5
7813,S0504,SUB0002,44,C,2026,2
7814,S0474,SUB0470,90,B+,2025,5
7815,S0008,SUB0218,86,B+,2024,2
7816,S0986,SUB0659,54,B+,2025,3
7817,S0663,SUB0962,51,F,2026,3
7818,S0256,SUB0430,37,B+,2024,5
7819,S0746,SUB0465,73,A+,2026,4
7820,S0869,SUB0256,40,F,2023,1
7821,S0750,SUB0715,44,B,2023,1
7822,S0712,SUB0598,95,F,2026,3
7823,S0815,SUB0066,77,F,2023,6
7824,S0716,SUB0365,84,A,2026,4
7825,S0398,SUB0928,85,F,2022,4
7826,S0551,SUB0356,92,A,2025,6
7827,S0063,SUB0001,77,B+,2024,2
7828,S0041,SUB0982,55,B+,2025,5
7829,S0520,SUB0157,96,B,2024,4
7830,S0790,SUB0063,85,B+,2026,5
7831,S0221,SUB0841,75,A+,2024,8
7832,S0093,SUB0891,76,B,2022,4
7833,S0113,SUB0033,37,B+,2025,2
7834,S0646,SUB0265,63,C,2022,2
7835,S0175,SUB0478,69,B+,2022,8
7836,S0428,SUB0552,88,A,2026,7
7837,S0623,SUB0115,58,A+,2022,4
7838,S0072,SUB0820,61,D,2023,8
7839,S0147,SUB0756,66,B+,2026,4
7840,S0482,SUB0710,80,C,2023,4
7841,S0233,SUB0030,96,A,2024,4
7842,S0045,SUB0621,79,B,2025,8
7843,S0391,SUB0402,38,D,2024,6
7844,S0459,SUB0153,54,B+,2023,4
7845,S0377,SUB0603,94,A,2025,7
7846,S0523,SUB0394,41,B+,2026,2
7847,S0918,SUB0628,56,B,2023,4
7848,S0722,SUB0032,75,B,2023,6
7849,S0528,SUB0486,47,C,2025,5
7850,S0572,SUB0747,41,D,2022,5
7851,S0972,SUB0853,88,F,2022,3
7852,S0414,SUB0915,67,F,2024,4
7853,S0334,SUB0348,93,A,2026,7
7854,S0555,SUB0403,57,A+,2023,8
7855,S0953,SUB0769,97,B,2024,4
7856,S0610,SUB0675,73,A+,2026,1
7857,S0315,SUB0258,59,A+,2023,2
7858,S0018,SUB0600,89,D,2022,5
7859,S0861,SUB0704,97,A+,2026,4
7860,S0224,SUB0289,42,A+,2026,7
7861,S0163,SUB0210,64,F,2023,5
7862,S0117,SUB0703,82,B,2023,1
7863,S0092,SUB0257,80,B,2026,4
7864,S0870,SUB0089,53,C,2026,2
7865,S0086,SUB0247,79,F,2026,4
7866,S0373,SUB0311,72,B+,2026,6
7867,S0782,SUB0050,88,B,2023,3
7868,S0822,SUB0134,80,C,2024,7
7869,S0812,SUB0701,63,A+,2023,1
7870,S0484,SUB0144,49,F,2022,6
7871,S0485,SUB0725,42,B,2026,4
7872,S0282,SUB0514,69,F,2022,6
7873,S0938,SUB0634,62,B+,2025,7
7874,S0484,SUB0621,72,A+,2023,7
7875,S0752,SUB0106,94,A+,2025,8
7876,S0965,SUB0637,77,B,2023,3
7877,S0378,SUB0920,100,B,2026,6
7878,S0094,SUB0326,64,A+,2025,7
7879,S0157,SUB0354,84,C,2024,7
7880,S0524,SUB0158,38,A,2025,5
7881,S0250,SUB0284,67,F,2024,6
7882,S0586,SUB0860,79,C,2025,7
7883,S0853,SUB0630,42,B+,2023,4
7884,S0820,SUB0273,62,F,2022,4
7885,S0434,SUB0071,57,C,2023,4
7886,S0378,SUB0284,62,B,2026,3
7887,S0352,SUB0279,70,C,2022,5
7888,S0320,SUB0174,65,B,2025,6
7889,S0166,SUB0449,78,D,2022,7
7890,S0606,SUB0864,80,D,2025,2
7891,S0974,SUB0225,90,F,2023,4
7892,S0525,SUB0696,88,D,2025,8
7893,S0123,SUB0800,86,A,2023,5
7894,S0731,SUB0188,54,B+,2022,8
7895,S0702,SUB0406,81,B+,2024,1
7896,S0756,SUB0087,37,B,2024,3
7897,S0265,SUB0795,43,A+,2023,6
7898,S0717,SUB0076,64,B+,2022,2
7899,S0125,SUB0635,57,A,2024,4
7900,S0825,SUB0019,71,C,2026,7
7901,S0568,SUB0895,71,A+,2026,6
7902,S0986,SUB0557,44,C,2024,6
7903,S0157,SUB0463,87,A+,2023,5
7904,S0377,SUB0630,89,D,2023,1
7905,S0955,SUB0935,38,A+,2024,5
7906,S0446,SUB0081,45,C,2024,2
7907,S0597,SUB0056,36,A+,2025,7
7908,S0185,SUB0042,41,B,2024,7
7909,S0684,SUB0661,81,D,2023,7
7910,S0124,SUB0957,93,C,2024,1
7911,S0275,SUB0926,84,B,2025,2
7912,S0049,SUB0739,45,D,2022,7
7913,S0561,SUB0407,40,B,2024,6
7914,S0061,SUB0699,47,B,2022,1
7915,S0408,SUB0497,99,B,2022,6
7916,S0708,SUB0967,53,B,2025,7
7917,S0650,SUB0336,36,B,2025,3
7918,S0814,SUB0792,55,D,2026,1
7919,S0086,SUB0137,95,F,2022,2
7920,S0297,SUB0829,75,A+,2022,7
7921,S0527,SUB0594,53,A,2022,7
7922,S0670,SUB0710,72,F,2025,7
7923,S0489,SUB0828,50,C,2024,7
7924,S0673,SUB0500,42,A,2022,4
7925,S0885,SUB0539,92,B,2022,5
7926,S0405,SUB0245,73,B,2024,5
7927,S0737,SUB0911,41,F,2025,4
7928,S0756,SUB0069,90,D,2025,8
7929,S0062,SUB0493,89,F,2024,2
7930,S0211,SUB0744,54,A,2023,2
7931,S0093,SUB0961,95,D,2024,4
7932,S0548,SUB0016,66,C,2026,6
7933,S0737,SUB0194,58,B,2023,5
7934,S0993,SUB0001,46,F,2023,6
7935,S0152,SUB0151,80,A,2026,4
7936,S0983,SUB0408,53,A+,2025,7
7937,S0978,SUB0344,83,F,2024,3
7938,S0300,SUB0947,63,A,2022,5
7939,S0382,SUB0069,53,A+,2025,8
7940,S0703,SUB0773,84,B+,2026,5
7941,S0599,SUB0782,78,B+,2023,8
7942,S0548,SUB0421,83,F,2024,8
7943,S0029,SUB0912,93,C,2026,8
7944,S0652,SUB0464,49,D,2025,6
7945,S0145,SUB0652,36,B,2025,7
7946,S0903,SUB0603,36,F,2024,2
7947,S0382,SUB0412,57,D,2025,3
7948,S0120,SUB0184,89,A,2026,8
7949,S0073,SUB0467,44,A,2024,5
7950,S0975,SUB0617,69,B+,2023,4
7951,S0891,SUB0506,70,F,2024,4
7952,S0589,SUB0080,61,B,2023,6
7953,S0982,SUB0465,89,F,2023,8
7954,S0680,SUB0279,45,C,2026,2
7955,S0335,SUB0974,99,B+,2025,2
7956,S0502,SUB0553,49,A,2023,8
7957,S0460,SUB0271,86,A,2025,7
7958,S0002,SUB0585,41,B+,2025,6
7959,S0153,SUB0694,93,A+,2025,6
7960,S0164,SUB0173,97,B,2022,1
7961,S0226,SUB0327,37,D,2026,3
7962,S0957,SUB0311,61,B+,2022,6
7963,S0796,SUB0241,94,B+,2026,4
7964,S0750,SUB0574,70,D,2024,3
7965,S0788,SUB0106,91,F,2023,3
7966,S0227,SUB0199,61,F,2024,8
7967,S0720,SUB0066,88,A+,2026,1
7968,S0983,SUB0205,90,A+,2025,7
7969,S0691,SUB0244,59,C,2024,1
7970,S0773,SUB0008,86,B+,2023,3
7971,S0841,SUB0223,63,D,2023,3
7972,S0385,SUB0206,82,B,2022,7
7973,S0669,SUB0498,56,B+,2026,6
7974,S0552,SUB0753,40,A,2023,1
7975,S0382,SUB0221,39,A,2025,2
7976,S0803,SUB0243,42,A+,2025,4
7977,S0959,SUB0614,89,A,2023,4
7978,S0385,SUB0486,89,A+,2022,4
7979,S0289,SUB0577,82,C,2026,5
7980,S0620,SUB0773,67,C,2026,7
7981,S0905,SUB0345,82,B,2026,5
7982,S0836,SUB0572,46,D,2023,6
7983,S0298,SUB0431,69,A,2022,4
7984,S0947,SUB0759,35,F,2024,8
7985,S0011,SUB0783,45,A,2022,1
7986,S0213,SUB0690,62,A+,2025,3
7987,S0949,SUB0589,88,B,2022,6
7988,S0433,SUB0920,69,B+,2026,6
7989,S0974,SUB0248,86,B,2025,1
7990,S0568,SUB0983,50,B+,2026,3
7991,S0638,SUB0720,79,A+,2023,7
7992,S0969,SUB0465,86,A,2022,6
7993,S0318,SUB0023,54,D,2024,5
7994,S0095,SUB0852,62,C,2022,4
7995,S0544,SUB0988,60,F,2023,2
7996,S0561,SUB0010,81,F,2024,3
7997,S0253,SUB0337,70,A,2024,3
7998,S0527,SUB0518,74,B+,2023,7
7999,S0379,SUB0848,97,D,2022,7
8000,S0475,SUB0552,68,A+,2022,4
8001,S0792,SUB0991,56,B+,2022,3
8002,S0459,SUB0468,51,D,2022,3
8003,S0186,SUB0993,65,B+,2022,1
8004,S0764,SUB0920,77,C,2022,8
8005,S0165,SUB0715,75,D,2024,4
8006,S0435,SUB0475,58,D,2023,4
8007,S0982,SUB0252,70,C,2025,4
8008,S0468,SUB0890,96,F,2023,2
8009,S0980,SUB0924,78,C,2026,5
8010,S0333,SUB0402,89,B,2024,1
8011,S0358,SUB0590,39,B+,2026,4
8012,S0478,SUB0206,78,A,2022,3
8013,S0637,SUB0425,41,A,2025,6
8014,S0322,SUB0585,50,B,2024,1
8015,S0321,SUB0520,91,A+,2026,6
8016,S0932,SUB0306,83,D,2022,4
8017,S0440,SUB0258,60,C,2026,5
8018,S0760,SUB0683,94,B+,2025,5
8019,S0777,SUB0093,73,D,2023,5
8020,S0152,SUB0371,89,D,2023,7
8021,S0958,SUB0264,100,A,2024,7
8022,S0590,SUB0350,70,D,2025,5
8023,S0158,SUB1000,48,B,2025,8
8024,S0482,SUB0778,38,C,2022,1
8025,S0400,SUB0154,96,B+,2022,5
8026,S0374,SUB0609,37,C,2023,8
8027,S0878,SUB0671,85,F,2025,4
8028,S0588,SUB0526,100,B,2022,1
8029,S0929,SUB0543,81,A,2023,2
8030,S0639,SUB0651,80,A,2024,1
8031,S0911,SUB0624,55,B+,2024,5
8032,S0359,SUB0047,56,F,2025,8
8033,S0437,SUB0392,73,C,2022,8
8034,S0826,SUB0330,56,A,2023,3
8035,S0586,SUB0607,74,C,2025,2
8036,S0071,SUB0886,90,B,2023,1
8037,S0981,SUB0879,85,B,2023,8
8038,S0419,SUB0950,38,A,2023,5
8039,S0372,SUB0041,73,A,2024,5
8040,S0431,SUB0953,90,D,2025,4
8041,S0980,SUB0317,73,A,2022,6
8042,S0270,SUB0715,64,C,2026,3
8043,S0813,SUB0629,81,F,2023,6
8044,S0367,SUB0845,51,C,2022,3
8045,S0427,SUB0313,72,D,2024,7
8046,S0556,SUB0145,50,C,2023,7
8047,S0435,SUB0192,79,C,2022,4
8048,S0225,SUB0342,62,B+,2024,3
8049,S0394,SUB0107,56,B,2025,2
8050,S0618,SUB0263,90,F,2026,4
8051,S0467,SUB0682,66,D,2026,2
8052,S0971,SUB0854,97,B+,2026,8
8053,S0097,SUB0751,65,B,2024,6
8054,S0699,SUB0360,49,B+,2022,7
8055,S0181,SUB0006,69,D,2025,4
8056,S0556,SUB0108,94,A,2024,2
8057,S0174,SUB0627,76,A,2026,4
8058,S0873,SUB0751,40,A,2025,8
8059,S0223,SUB0240,38,F,2026,5
8060,S0124,SUB0470,35,C,2024,4
8061,S0186,SUB0785,81,A+,2023,5
8062,S0472,SUB0766,70,B,2023,7
8063,S0115,SUB0288,73,B+,2024,6
8064,S0700,SUB0757,69,A,2023,7
8065,S0818,SUB0780,92,C,2024,2
8066,S0198,SUB0556,43,B,2025,8
8067,S0389,SUB0094,75,A+,2024,3
8068,S0526,SUB0784,44,F,2023,7
8069,S0935,SUB0587,71,B+,2025,3
8070,S0958,SUB0627,39,A,2022,2
8071,S0995,SUB0800,100,B+,2026,5
8072,S0844,SUB0936,74,B,2026,4
8073,S0979,SUB0938,69,C,2025,4
8074,S0490,SUB0468,96,F,2024,6
8075,S0807,SUB0563,72,A,2026,4
8076,S0370,SUB0830,81,C,2024,5
8077,S0327,SUB0442,86,A+,2025,2
8078,S0585,SUB0703,39,B+,2025,6
8079,S0711,SUB0220,60,B+,2023,2
8080,S0715,SUB0913,38,C,2026,3
8081,S0633,SUB0293,56,B+,2024,2
8082,S0861,SUB0764,71,A+,2023,4
8083,S0512,SUB0241,82,A,2026,7
8084,S0985,SUB0160,75,F,2026,3
8085,S0165,SUB0557,45,A,2025,6
8086,S0750,SUB0741,87,B+,2022,2
8087,S0366,SUB0127,86,C,2022,4
8088,S0112,SUB0689,68,C,2025,3
8089,S0348,SUB0475,83,B+,2023,8
8090,S0463,SUB0323,71,F,2025,3
8091,S0796,SUB0122,100,B,2023,4
8092,S0121,SUB0636,66,A+,2022,5
8093,S0421,SUB0256,57,D,2026,7
8094,S0133,SUB0022,80,C,2022,8
8095,S0532,SUB0809,92,D,2023,2
8096,S0393,SUB0943,66,F,2026,4
8097,S0384,SUB0472,59,B+,2024,7
8098,S0962,SUB0937,69,C,2025,4
8099,S0569,SUB0327,85,B,2023,1
8100,S0896,SUB0175,65,A,2022,7
8101,S0874,SUB0821,52,D,2026,7
8102,S0931,SUB0568,44,C,2023,7
8103,S0744,SUB0533,48,F,2022,3
8104,S0299,SUB0467,78,C,2026,7
8105,S0517,SUB0642,75,D,2025,7
8106,S0172,SUB0855,51,D,2025,4
8107,S0581,SUB0408,40,D,2025,5
8108,S0929,SUB0561,71,B,2022,1
8109,S0725,SUB0449,68,D,2023,6
8110,S0010,SUB0193,65,D,2026,3
8111,S0666,SUB0201,52,F,2025,8
8112,S0387,SUB0882,53,A+,2023,5
8113,S0416,SUB0295,66,B+,2025,3
8114,S0213,SUB0393,81,A+,2024,1
8115,S0795,SUB0074,66,F,2025,7
8116,S0918,SUB0733,69,B,2023,3
8117,S0974,SUB0032,90,D,2023,2
8118,S0284,SUB0400,42,B+,2025,6
8119,S0258,SUB0305,72,C,2022,8
8120,S0778,SUB0589,51,D,2024,2
8121,S0813,SUB0348,81,A,2022,7
8122,S0704,SUB0070,77,C,2023,1
8123,S0083,SUB0097,47,A+,2026,1
8124,S0714,SUB0108,70,B+,2023,5
8125,S0649,SUB0561,70,C,2022,1
8126,S0687,SUB0270,45,A+,2025,4
8127,S0843,SUB0189,87,A,2022,1
8128,S0851,SUB0864,77,C,2026,2
8129,S0283,SUB0501,99,B+,2025,6
8130,S0615,SUB0452,37,F,2024,6
8131,S0976,SUB0860,47,D,2024,8
8132,S0204,SUB0149,48,C,2024,1
8133,S0506,SUB0709,96,B,2023,6
8134,S0615,SUB0825,62,D,2022,4
8135,S0901,SUB0039,53,A+,2026,7
8136,S0252,SUB0103,84,D,2025,7
8137,S0017,SUB0566,50,C,2025,4
8138,S0591,SUB0779,73,C,2022,4
8139,S0989,SUB0784,49,D,2025,2
8140,S0905,SUB0334,55,A+,2024,1
8141,S0716,SUB0396,80,B+,2024,6
8142,S0728,SUB0414,46,B,2024,1
8143,S0679,SUB0677,72,B+,2023,5
8144,S0247,SUB0461,100,C,2022,7
8145,S0806,SUB0883,56,A,2025,7
8146,S0090,SUB0481,65,F,2022,4
8147,S0566,SUB0881,48,A,2025,1
8148,S0125,SUB0785,73,F,2023,2
8149,S0264,SUB0004,90,D,2023,6
8150,S0490,SUB0194,90,C,2026,2
8151,S0259,SUB0954,70,B,2025,4
8152,S0758,SUB0930,59,F,2026,8
8153,S0876,SUB0283,55,A+,2026,1
8154,S0072,SUB0672,46,B+,2026,5
8155,S0069,SUB0871,53,A,2023,3
8156,S0280,SUB0031,39,B,2025,1
8157,S0128,SUB0537,66,F,2023,2
8158,S0309,SUB0905,87,F,2022,8
8159,S0995,SUB0852,54,F,2024,7
8160,S0858,SUB0964,77,B,2022,2
8161,S0744,SUB0593,79,B,2025,7
8162,S0514,SUB0918,86,A,2024,7
8163,S0539,SUB0664,59,D,2022,3
8164,S0752,SUB0254,61,D,2025,3
8165,S0674,SUB0188,70,C,2022,4
8166,S0902,SUB0026,80,F,2022,5
8167,S0731,SUB0285,84,B,2025,3
8168,S0663,SUB0803,97,A,2026,3
8169,S0795,SUB0867,75,D,2022,8
8170,S0040,SUB0818,55,A,2023,4
8171,S0038,SUB0321,38,B+,2026,6
8172,S0545,SUB0902,59,A+,2022,6
8173,S0052,SUB0916,98,B,2022,3
8174,S0823,SUB0604,36,A+,2022,7
8175,S0031,SUB0677,78,F,2025,6
8176,S0677,SUB0721,38,B,2022,6
8177,S0597,SUB0025,89,B,2022,2
8178,S0464,SUB0306,77,A+,2022,4
8179,S0567,SUB0960,83,B,2024,7
8180,S0819,SUB0541,69,B,2026,2
8181,S0225,SUB0290,43,F,2024,1
8182,S0492,SUB0960,67,A,2026,1
8183,S0156,SUB0497,39,C,2026,5
8184,S0971,SUB0199,64,A+,2022,2
8185,S0253,SUB0382,73,B,2022,5
8186,S0783,SUB0305,76,C,2026,6
8187,S0396,SUB0888,67,F,2024,6
8188,S0522,SUB0174,72,B+,2025,8
8189,S0728,SUB0200,99,A+,2024,3
8190,S0311,SUB0009,91,F,2024,2
8191,S0693,SUB0940,74,F,2023,4
8192,S0114,SUB0460,79,D,2026,4
8193,S0616,SUB0704,91,B,2024,3
8194,S0518,SUB0210,35,C,2024,2
8195,S0726,SUB0176,87,D,2026,8
8196,S0598,SUB0701,93,B+,2022,5
8197,S0175,SUB0497,62,C,2022,4
8198,S0351,SUB0071,49,B,2026,7
8199,S0216,SUB0932,47,F,2023,4
8200,S0927,SUB0168,98,A+,2022,4
8201,S0362,SUB0871,78,A,2023,6
8202,S0681,SUB0952,62,C,2023,6
8203,S0684,SUB0089,74,A,2024,2
8204,S0519,SUB0650,79,A+,2023,7
8205,S0893,SUB0568,43,F,2024,5
8206,S0923,SUB0519,52,D,2026,6
8207,S0903,SUB0998,93,B+,2025,3
8208,S0447,SUB0924,58,C,2024,4
8209,S0358,SUB0997,90,B,2023,4
8210,S0178,SUB0332,74,A+,2022,3
8211,S0145,SUB0173,40,A+,2026,3
8212,S0297,SUB0911,93,C,2022,1
8213,S0359,SUB0435,98,F,2022,8
8214,S0303,SUB0814,82,A+,2023,2
8215,S0595,SUB0302,58,F,2022,1
8216,S0472,SUB0452,65,D,2022,8
8217,S0507,SUB0815,91,F,2024,8
8218,S0283,SUB0088,97,B+,2024,6
8219,S0486,SUB0395,42,F,2023,7
8220,S0930,SUB0706,41,B+,2022,5
8221,S0750,SUB0324,81,A,2025,6
8222,S0005,SUB0650,59,B+,2024,2
8223,S0999,SUB0207,81,B,2025,8
8224,S0691,SUB0767,49,B+,2022,7
8225,S0713,SUB0423,45,B+,2022,4
8226,S0058,SUB0466,43,A+,2024,1
8227,S0591,SUB0323,87,A+,2025,4
8228,S0866,SUB0387,90,B+,2022,6
8229,S0266,SUB0815,83,A+,2023,2
8230,S0765,SUB0583,43,A,2022,1
8231,S0436,SUB0400,48,B+,2025,1
8232,S0844,SUB0943,70,A+,2026,1
8233,S0404,SUB0322,51,B,2024,7
8234,S0948,SUB0633,87,B,2025,5
8235,S0166,SUB0356,49,B+,2025,5
8236,S0309,SUB0459,42,D,2026,4
8237,S0709,SUB0615,85,F,2022,5
8238,S0839,SUB0561,100,A+,2024,6
8239,S0937,SUB0277,44,C,2023,1
8240,S0672,SUB0783,96,B+,2022,6
8241,S0279,SUB0639,97,A+,2025,7
8242,S0600,SUB0842,44,B,2023,7
8243,S0587,SUB0606,99,B+,2026,7
8244,S0264,SUB0800,36,D,2025,2
8245,S0958,SUB0567,39,B,2026,1
8246,S0622,SUB0603,52,B+,2026,5
8247,S0213,SUB0015,43,A+,2024,5
8248,S0782,SUB0985,52,D,2022,3
8249,S0423,SUB0268,54,B,2025,3
8250,S0298,SUB0095,78,B,2026,8
8251,S0694,SUB0382,64,A,2024,4
8252,S0378,SUB0401,43,B+,2026,5
8253,S0650,SUB0221,95,B+,2023,1
8254,S0918,SUB0046,58,F,2026,7
8255,S0875,SUB0370,86,C,2026,8
8256,S0641,SUB0381,65,C,2025,6
8257,S0777,SUB0276,92,D,2025,3
8258,S0801,SUB0881,56,D,2024,3
8259,S0931,SUB0168,80,F,2023,5
8260,S0567,SUB0663,49,D,2023,2
8261,S0241,SUB0445,45,D,2026,5
8262,S0806,SUB0561,45,F,2022,7
8263,S0311,SUB0648,91,A+,2026,7
8264,S0297,SUB0242,84,D,2024,7
8265,S0780,SUB0978,36,A+,2024,4
8266,S0216,SUB0041,54,A,2023,7
8267,S0894,SUB0997,93,B+,2024,4
8268,S0158,SUB0048,51,A+,2025,1
8269,S0985,SUB0503,69,C,2023,3
8270,S0408,SUB0390,83,B,2023,3
8271,S0791,SUB0871,58,A,2022,7
8272,S0719,SUB0398,97,A+,2026,2
8273,S0201,SUB0304,42,B+,2025,7
8274,S0599,SUB0795,59,B,2022,6
8275,S0636,SUB0079,66,A+,2023,7
8276,S0033,SUB0727,78,A+,2023,7
8277,S0101,SUB0378,74,B+,2022,3
8278,S0029,SUB0223,65,B+,2024,8
8279,S0568,SUB0971,45,B,2025,6
8280,S0279,SUB0062,85,A,2024,5
8281,S0607,SUB0963,60,D,2023,7
8282,S0447,SUB0040,51,F,2022,1
8283,S0250,SUB0204,43,B+,2023,6
8284,S0143,SUB0395,68,C,2026,1
8285,S0716,SUB0823,50,D,2025,6
8286,S0857,SUB0374,86,A+,2025,8
8287,S0449,SUB0004,65,D,2024,5
8288,S0715,SUB0047,69,B+,2023,2
8289,S0520,SUB0536,97,A+,2022,6
8290,S0616,SUB0321,47,A+,2025,3
8291,S0566,SUB0257,65,D,2022,5
8292,S0647,SUB0781,70,B+,2022,2
8293,S0365,SUB0312,52,B,2026,8
8294,S0018,SUB0094,69,D,2023,1
8295,S0781,SUB0047,52,A+,2024,8
8296,S0852,SUB0079,43,B,2026,1
8297,S0541,SUB0613,38,B,2024,8
8298,S0563,SUB0016,69,C,2022,2
8299,S0761,SUB0600,79,A,2022,3
8300,S0693,SUB0084,77,A+,2025,3
8301,S0969,SUB0156,55,A+,2025,3
8302,S0573,SUB0333,88,F,2026,1
8303,S0610,SUB0296,88,A,2025,7
8304,S0288,SUB0916,82,F,2023,7
8305,S0509,SUB0023,55,F,2024,6
8306,S0949,SUB0282,73,B+,2023,3
8307,S0808,SUB0175,43,B+,2026,5
8308,S0763,SUB0996,59,A,2024,1
8309,S0690,SUB0935,89,F,2024,8
8310,S0098,SUB0155,40,A,2022,6
8311,S0925,SUB0023,58,F,2022,1
8312,S0885,SUB0323,96,A+,2025,2
8313,S0588,SUB0739,69,A,2024,3
8314,S0610,SUB0730,50,B,2025,6
8315,S0700,SUB0659,36,A+,2022,5
8316,S0132,SUB0955,36,B,2023,6
8317,S0670,SUB0100,61,B+,2022,3
8318,S0351,SUB0970,68,D,2025,5
8319,S0700,SUB0086,67,D,2022,8
8320,S0983,SUB0594,66,F,2022,7
8321,S0947,SUB0998,80,B+,2022,3
8322,S0444,SUB0117,82,F,2024,1
8323,S0596,SUB0777,86,A+,2024,7
8324,S0316,SUB0281,63,C,2026,6
8325,S0393,SUB0953,56,D,2024,2
8326,S0086,SUB0104,45,B+,2025,1
8327,S0389,SUB0867,46,C,2023,4
8328,S0757,SUB0100,96,B,2024,7
8329,S0894,SUB0244,48,B,2023,6
8330,S0428,SUB0475,89,A+,2023,4
8331,S0404,SUB0298,73,F,2023,5
8332,S0255,SUB0834,86,A+,2026,8
8333,S0701,SUB0674,75,A,2024,8
8334,S0236,SUB0342,61,B+,2023,3
8335,S0872,SUB1000,75,B,2026,2
8336,S0440,SUB0397,88,D,2026,2
8337,S0250,SUB0193,70,A+,2025,3
8338,S0143,SUB0289,59,F,2024,5
8339,S0789,SUB0050,66,B,2026,2
8340,S0828,SUB0958,65,C,2022,3
8341,S0047,SUB0545,39,B+,2024,6
8342,S0713,SUB0394,90,A,2022,2
8343,S0468,SUB0601,76,A+,2026,2
8344,S0450,SUB0368,99,F,2023,2
8345,S0553,SUB0666,48,B+,2022,8
8346,S0646,SUB0120,83,D,2023,4
8347,S0414,SUB0067,46,F,2022,4
8348,S0167,SUB0839,71,F,2026,5
8349,S0684,SUB0641,52,C,2022,5
8350,S0865,SUB0304,81,A+,2023,2
8351,S0898,SUB0232,60,C,2024,8
8352,S0580,SUB0354,76,A+,2024,1
8353,S0546,SUB0497,57,D,2022,1
8354,S0804,SUB0865,59,B+,2022,6
8355,S0035,SUB0305,79,B+,2024,3
8356,S0650,SUB0772,60,C,2022,3
8357,S0029,SUB0740,73,A+,2024,1
8358,S0037,SUB0863,50,F,2026,6
8359,S0813,SUB0867,98,B+,2025,5
8360,S0284,SUB0169,56,C,2023,4
8361,S0364,SUB0055,53,A,2026,7
8362,S0182,SUB0050,47,B+,2022,3
8363,S0561,SUB0202,43,A+,2026,7
8364,S0824,SUB0202,90,C,2026,7
8365,S0941,SUB0874,88,C,2025,1
8366,S0222,SUB0617,64,B,2025,4
8367,S0143,SUB0041,35,C,2023,4
8368,S0233,SUB0141,95,F,2025,3
8369,S0429,SUB0821,56,B,2024,6
8370,S0682,SUB0122,100,D,2022,3
8371,S0445,SUB0149,97,A+,2023,8
8372,S0882,SUB0320,70,A+,2026,7
8373,S0994,SUB0122,81,D,2022,3
8374,S0623,SUB0761,97,A+,2024,6
8375,S0778,SUB0599,84,B+,2025,8
8376,S0072,SUB0843,41,F,2023,7
8377,S0488,SUB0754,50,A+,2026,8
8378,S0067,SUB0193,42,C,2022,6
8379,S0448,SUB0345,64,B+,2023,8
8380,S0445,SUB0768,68,A+,2026,4
8381,S0415,SUB0166,41,B,2024,4
8382,S0410,SUB0739,94,B,2025,7
8383,S0389,SUB0951,79,F,2026,1
8384,S0034,SUB0105,88,B+,2024,2
8385,S0878,SUB0147,77,A+,2024,6
8386,S0767,SUB0115,54,A+,2023,7
8387,S0869,SUB0129,92,C,2022,5
8388,S0402,SUB0872,97,B,2025,4
8389,S0042,SUB0981,98,C,2023,8
8390,S0913,SUB0601,53,A,2022,5
8391,S0033,SUB0860,76,C,2026,6
8392,S0918,SUB0525,53,B+,2024,3
8393,S0919,SUB0181,75,D,2026,3
8394,S0820,SUB0203,75,C,2023,4
8395,S0738,SUB0670,63,F,2022,6
8396,S0143,SUB0848,55,B,2025,7
8397,S0162,SUB0312,58,B+,2025,4
8398,S0837,SUB0202,98,C,2026,6
8399,S0602,SUB0450,90,B+,2026,7
8400,S0332,SUB0888,48,D,2025,3
8401,S0367,SUB0192,49,D,2022,8
8402,S0624,SUB0795,77,F,2023,8
8403,S0801,SUB0361,66,A+,2023,8
8404,S0052,SUB0834,91,C,2023,3
8405,S0123,SUB0153,62,A+,2024,7
8406,S0632,SUB0670,80,F,2024,6
8407,S0249,SUB0587,67,A+,2025,8
8408,S0406,SUB0208,96,C,2024,2
8409,S0409,SUB0551,51,B,2024,6
8410,S0190,SUB0227,99,C,2026,6
8411,S0789,SUB0586,56,C,2023,2
8412,S0146,SUB0677,76,A,2022,6
8413,S0550,SUB0778,70,B,2024,2
8414,S0600,SUB0401,67,A+,2023,7
8415,S0402,SUB0352,91,B+,2025,5
8416,S0695,SUB0317,49,C,2022,4
8417,S0617,SUB0330,55,F,2024,7
8418,S0033,SUB0691,66,D,2023,7
8419,S0100,SUB0750,68,D,2022,3
8420,S0633,SUB0373,66,A+,2022,1
8421,S0397,SUB0186,93,B+,2026,1
8422,S0695,SUB0174,49,C,2025,7
8423,S0178,SUB0691,66,A+,2024,3
8424,S0689,SUB0350,67,B+,2025,3
8425,S0757,SUB0801,77,F,2024,8
8426,S0732,SUB0899,85,F,2026,4
8427,S0486,SUB0603,53,A,2026,6
8428,S0549,SUB0386,70,A,2025,1
8429,S0317,SUB0393,67,B+,2026,2
8430,S0979,SUB0002,79,C,2022,1
8431,S0822,SUB0580,85,D,2024,3
8432,S0816,SUB0248,70,A+,2024,2
8433,S0992,SUB0514,71,D,2025,7
8434,S0424,SUB0999,43,B,2025,4
8435,S0572,SUB0918,51,B+,2022,5
8436,S0943,SUB0304,87,A+,2023,2
8437,S0391,SUB0640,59,F,2022,5
8438,S0596,SUB0360,61,B+,2024,8
8439,S0804,SUB0244,43,C,2025,2
8440,S0553,SUB0344,89,C,2023,2
8441,S0287,SUB0699,50,C,2025,8
8442,S0663,SUB0208,66,A+,2025,6
8443,S0215,SUB0613,81,B,2025,8
8444,S0912,SUB0583,50,A,2025,4
8445,S0424,SUB0668,98,B,2022,1
8446,S0844,SUB0406,75,A,2025,7
8447,S0293,SUB0998,83,A,2022,7
8448,S0993,SUB0645,61,F,2022,3
8449,S0831,SUB0428,64,D,2023,4
8450,S0995,SUB0643,65,C,2025,2
8451,S0459,SUB0276,41,D,2024,8
8452,S0706,SUB0176,50,F,2024,1
8453,S0707,SUB0112,43,D,2024,7
8454,S0968,SUB0424,40,A,2023,5
8455,S0636,SUB0135,71,A,2022,3
8456,S0670,SUB0807,45,D,2024,1
8457,S0233,SUB0636,86,A+,2026,4
8458,S0826,SUB0925,55,A,2025,2
8459,S0030,SUB0886,69,B+,2025,3
8460,S0141,SUB0421,75,B,2022,1
8461,S0080,SUB0034,56,A,2026,6
8462,S0099,SUB0164,65,A,2022,8
8463,S0037,SUB0790,49,B,2024,6
8464,S0354,SUB0904,90,B,2023,1
8465,S0053,SUB0135,73,C,2024,8
8466,S0196,SUB0872,82,A,2026,7
8467,S0345,SUB0552,75,B+,2024,6
8468,S0675,SUB0324,84,A+,2025,6
8469,S0468,SUB0182,100,B,2025,6
8470,S0496,SUB0921,56,A+,2023,5
8471,S0799,SUB0282,56,A+,2026,3
8472,S0338,SUB0890,87,F,2026,5
8473,S0837,SUB0880,95,A+,2023,7
8474,S0069,SUB0796,38,A,2023,7
8475,S0663,SUB0752,79,F,2024,8
8476,S0336,SUB0064,45,C,2022,8
8477,S0474,SUB0415,63,F,2026,3
8478,S0308,SUB0309,91,B+,2025,7
8479,S0112,SUB0558,73,A,2025,7
8480,S0585,SUB0446,81,C,2022,1
8481,S0942,SUB0766,38,B,2022,1
8482,S0316,SUB0620,84,B,2026,3
8483,S0671,SUB0946,84,F,2024,7
8484,S0375,SUB0268,69,D,2026,2
8485,S0287,SUB0605,50,B,2023,3
8486,S0299,SUB0865,92,B,2022,6
8487,S0844,SUB0158,40,C,2025,4
8488,S0850,SUB0507,87,B,2025,7
8489,S0801,SUB0694,60,B+,2026,5
8490,S0219,SUB0278,86,D,2025,2
8491,S0176,SUB0661,82,B+,2026,4
8492,S0029,SUB0239,45,F,2024,2
8493,S0729,SUB0253,85,A,2022,7
8494,S0205,SUB0589,49,F,2026,4
8495,S0290,SUB0894,44,A,2022,6
8496,S0668,SUB0819,98,B,2025,6
8497,S0962,SUB0254,91,B+,2023,4
8498,S0200,SUB0796,57,C,2026,7
8499,S0040,SUB0660,42,F,2026,3
8500,S0859,SUB0384,49,A+,2024,3
8501,S0954,SUB0460,85,B+,2023,8
8502,S0747,SUB0517,50,B+,2022,6
8503,S0731,SUB0091,71,B+,2024,1
8504,S0774,SUB0162,67,F,2026,8
8505,S0362,SUB0466,48,A,2022,5
8506,S0033,SUB0336,37,B,2024,4
8507,S0972,SUB0401,83,A,2023,7
8508,S0082,SUB0597,82,B,2024,4
8509,S0419,SUB0760,43,D,2024,3
8510,S0334,SUB0746,46,B,2024,7
8511,S0350,SUB0552,88,A+,2023,3
8512,S0133,SUB0889,71,B,2026,5
8513,S0170,SUB0319,64,D,2024,8
8514,S0731,SUB0598,98,B+,2024,5
8515,S0360,SUB0454,44,D,2025,5
8516,S0235,SUB0147,37,A,2023,2
8517,S0868,SUB0851,82,A,2023,1
8518,S0297,SUB0634,48,C,2026,2
8519,S0265,SUB0962,58,A+,2023,8
8520,S0117,SUB0905,94,C,2022,7
8521,S0317,SUB0416,62,C,2022,1
8522,S0042,SUB0485,77,A,2024,6
8523,S0340,SUB0094,59,A,2022,6
8524,S0515,SUB0675,70,B,2024,6
8525,S0154,SUB0227,65,F,2023,1
8526,S0360,SUB0759,97,B+,2024,1
8527,S0445,SUB0296,51,B+,2024,8
8528,S0322,SUB0612,75,B+,2024,1
8529,S0601,SUB0487,57,A+,2022,8
8530,S0379,SUB0785,43,D,2023,1
8531,S0103,SUB0181,86,C,2022,7
8532,S0741,SUB0429,65,C,2024,2
8533,S0858,SUB0932,55,F,2024,3
8534,S0363,SUB0583,52,B,2026,1
8535,S0205,SUB0801,43,C,2023,3
8536,S0638,SUB0632,65,D,2025,8
8537,S0927,SUB0327,35,B,2025,2
8538,S0721,SUB0927,86,A+,2026,5
8539,S0875,SUB0854,72,F,2025,7
8540,S0961,SUB0945,55,D,2026,8
8541,S0860,SUB0712,85,D,2022,8
8542,S0173,SUB0680,85,B+,2026,3
8543,S0651,SUB0328,51,C,2022,8
8544,S0545,SUB0631,46,F,2026,2
8545,S0789,SUB0234,77,C,2022,4
8546,S0664,SUB0456,68,B+,2022,8
8547,S0865,SUB0857,80,F,2023,8
8548,S0253,SUB0156,43,B,2024,4
8549,S0281,SUB0825,71,A+,2026,3
8550,S0589,SUB0108,55,D,2024,8
8551,S0195,SUB0634,42,B+,2023,8
8552,S0555,SUB0400,86,B+,2022,1
8553,S0094,SUB0546,35,A+,2024,7
8554,S0032,SUB0009,36,B+,2023,7
8555,S0924,SUB0390,75,D,2025,8
8556,S0004,SUB0528,70,D,2023,3
8557,S0565,SUB0105,93,C,2026,3
8558,S0821,SUB0527,60,B,2023,8
8559,S0092,SUB0814,72,B+,2023,2
8560,S0176,SUB0962,82,A+,2023,7
8561,S0061,SUB0400,53,D,2026,8
8562,S0786,SUB0408,73,B,2023,8
8563,S0856,SUB0937,49,B,2023,8
8564,S0321,SUB0764,78,D,2024,8
8565,S0912,SUB0066,59,B,2023,2
8566,S0482,SUB0864,51,F,2024,7
8567,S0576,SUB0371,63,B,2025,2
8568,S0298,SUB0436,67,D,2024,5
8569,S0599,SUB0263,79,D,2026,1
8570,S0620,SUB0812,67,A,2024,6
8571,S0628,SUB0380,42,C,2025,6
8572,S0069,SUB0950,94,A,2024,5
8573,S0867,SUB0778,93,C,2024,4
8574,S0062,SUB0210,80,C,2024,2
8575,S0647,SUB0426,58,F,2022,2
8576,S0823,SUB0655,42,A,2022,1
8577,S0855,SUB0968,78,D,2022,2
8578,S0642,SUB0284,49,D,2026,7
8579,S0852,SUB0218,77,B,2022,2
8580,S0227,SUB0761,91,D,2025,1
8581,S0813,SUB0083,56,D,2022,2
8582,S0050,SUB0539,58,A,2022,2
8583,S0181,SUB0277,66,A+,2026,8
8584,S0973,SUB0022,62,A,2026,8
8585,S0471,SUB0965,53,D,2025,8
8586,S0585,SUB0494,92,F,2022,4
8587,S0496,SUB0342,41,D,2022,4
8588,S0745,SUB0490,44,A+,2025,2
8589,S0867,SUB0991,91,C,2025,7
8590,S0006,SUB0895,92,C,2022,2
8591,S0960,SUB0210,49,F,2025,3
8592,S0822,SUB0998,82,C,2024,4
8593,S0336,SUB0013,48,B+,2024,8
8594,S0927,SUB0307,78,D,2025,4
8595,S0765,SUB0449,94,D,2022,6
8596,S0715,SUB0741,61,D,2022,8
8597,S0710,SUB0174,44,C,2024,1
8598,S0595,SUB0916,61,F,2026,4
8599,S0262,SUB0085,100,F,2022,8
8600,S0926,SUB0557,98,A+,2025,1
8601,S0809,SUB0699,66,F,2026,6
8602,S0508,SUB0039,72,B,2025,2
8603,S0386,SUB0344,98,A,2023,5
8604,S0351,SUB0882,83,B,2023,3
8605,S0291,SUB0672,36,A,2025,6
8606,S0632,SUB0842,73,F,2026,4
8607,S0237,SUB0466,44,A+,2025,2
8608,S0723,SUB0886,80,F,2024,8
8609,S0333,SUB0065,73,A+,2024,7
8610,S0781,SUB0551,41,A+,2023,8
8611,S0299,SUB0597,39,A+,2025,4
8612,S0796,SUB0672,53,C,2025,3
8613,S0764,SUB0540,62,D,2025,7
8614,S0071,SUB0760,74,A+,2022,3
8615,S0867,SUB0636,53,A,2026,6
8616,S0766,SUB0527,52,C,2026,5
8617,S0899,SUB0768,74,B,2024,2
8618,S0644,SUB0294,92,A,2023,1
8619,S0660,SUB0984,81,B,2023,3
8620,S0290,SUB0782,39,D,2022,8
8621,S0096,SUB0618,72,D,2023,6
8622,S0544,SUB0804,68,A,2026,6
8623,S0862,SUB0482,37,A+,2026,3
8624,S0997,SUB0535,94,F,2022,3
8625,S0873,SUB0182,81,C,2024,5
8626,S0287,SUB0863,94,F,2025,2
8627,S0652,SUB0476,59,C,2024,2
8628,S0346,SUB0832,71,D,2023,6
8629,S0667,SUB0515,60,D,2025,3
8630,S0460,SUB0021,95,B,2026,6
8631,S0291,SUB0449,97,C,2026,1
8632,S0098,SUB0561,98,C,2024,6
8633,S0961,SUB0120,56,F,2023,8
8634,S0252,SUB0929,49,B+,2023,3
8635,S0337,SUB0807,35,F,2022,7
8636,S0447,SUB0470,80,C,2025,5
8637,S0372,SUB0169,38,D,2023,6
8638,S0093,SUB0975,87,A,2025,6
8639,S0128,SUB0347,87,A,2025,4
8640,S0138,SUB0868,88,B+,2023,6
8641,S0892,SUB0358,47,D,2022,3
8642,S0788,SUB0327,93,B+,2025,3
8643,S0045,SUB0551,46,B,2024,6
8644,S0933,SUB0542,60,A,2025,8
8645,S0975,SUB0862,77,B+,2026,5
8646,S0353,SUB0187,61,B+,2025,8
8647,S0984,SUB0693,50,F,2026,1
8648,S0357,SUB0215,58,F,2026,2
8649,S0218,SUB0968,94,A,2026,7
8650,S0582,SUB0036,68,A,2024,3
8651,S0107,SUB0052,70,A,2023,2
8652,S0693,SUB0619,76,B+,2023,1
8653,S0905,SUB0193,80,C,2023,6
8654,S0516,SUB1000,60,F,2023,4
8655,S0325,SUB0870,54,B,2024,1
8656,S0627,SUB0054,99,C,2024,7
8657,S0403,SUB0169,79,A,2022,7
8658,S0641,SUB0093,74,F,2026,1
8659,S0320,SUB0961,86,B+,2026,4
8660,S0951,SUB0678,99,A,2022,6
8661,S0951,SUB0339,85,D,2024,6
8662,S0980,SUB0896,93,A+,2025,5
8663,S0446,SUB0876,65,B,2023,5
8664,S0415,SUB0097,44,C,2023,4
8665,S0559,SUB0331,91,A+,2024,2
8666,S0751,SUB0578,51,B,2022,5
8667,S0099,SUB0810,87,A+,2025,1
8668,S0396,SUB0102,42,F,2026,1
8669,S0125,SUB0877,39,A,2026,2
8670,S0553,SUB0127,39,A+,2023,2
8671,S0395,SUB0897,52,B+,2024,2
8672,S0126,SUB0381,98,B+,2025,5
8673,S0010,SUB1000,35,C,2022,7
8674,S0146,SUB0926,98,A,2023,1
8675,S0021,SUB0543,81,B+,2023,2
8676,S0005,SUB0715,35,A,2025,2
8677,S0494,SUB0761,72,B+,2025,1
8678,S0611,SUB0954,63,A+,2024,2
8679,S0232,SUB0039,77,D,2026,1
8680,S0860,SUB0962,73,C,2026,6
8681,S0883,SUB0629,73,B+,2025,6
8682,S0899,SUB0674,66,F,2022,3
8683,S0630,SUB0304,63,B,2026,5
8684,S0366,SUB0181,99,D,2023,8
8685,S0177,SUB0669,66,B,2024,5
8686,S0707,SUB0114,95,C,2026,5
8687,S0716,SUB0747,89,F,2025,2
8688,S0631,SUB0354,97,B,2022,1
8689,S0448,SUB0871,57,A+,2025,5
8690,S0809,SUB0607,42,A,2026,4
8691,S0955,SUB0508,97,C,2023,7
8692,S0291,SUB0854,90,B,2023,4
8693,S0835,SUB0846,54,B+,2026,8
8694,S0458,SUB0752,64,B,2024,3
8695,S0979,SUB0239,61,B,2025,1
8696,S0964,SUB0567,86,D,2022,2
8697,S0183,SUB0363,37,D,2025,4
8698,S0479,SUB0699,55,B,2026,2
8699,S0636,SUB0643,91,F,2022,6
8700,S0508,SUB0627,76,B+,2024,6
8701,S0415,SUB0507,65,B,2024,3
8702,S0256,SUB0706,85,A,2022,5
8703,S0968,SUB0390,82,A+,2026,4
8704,S0785,SUB0576,49,D,2023,6
8705,S0270,SUB0168,68,F,2022,1
8706,S0788,SUB0697,45,B+,2023,2
8707,S0216,SUB0770,39,A,2026,2
8708,S0496,SUB0053,98,B+,2023,8
8709,S0285,SUB0662,41,C,2023,4
8710,S0615,SUB0558,36,C,2025,8
8711,S0710,SUB0344,67,A+,2024,5
8712,S0424,SUB0948,73,F,2022,8
8713,S0828,SUB0768,98,B,2022,3
8714,S0527,SUB0643,68,B,2026,7
8715,S0066,SUB0333,38,D,2023,8
8716,S0763,SUB0561,55,C,2024,5
8717,S0626,SUB0323,51,D,2022,4
8718,S0828,SUB0632,81,D,2025,6
8719,S0002,SUB0203,72,B,2024,1
8720,S0971,SUB0617,77,B,2023,7
8721,S0656,SUB0273,84,C,2025,7
8722,S0617,SUB0703,46,A,2022,6
8723,S0346,SUB0375,76,F,2024,3
8724,S0451,SUB0028,62,A+,2022,8
8725,S0461,SUB0972,96,A,2022,7
8726,S0651,SUB0211,48,A,2023,8
8727,S0909,SUB0098,82,B,2022,5
8728,S0369,SUB0816,71,F,2025,5
8729,S0061,SUB0542,99,F,2025,7
8730,S0569,SUB0511,41,A,2024,7
8731,S0415,SUB0778,63,B+,2026,8
8732,S0054,SUB0134,40,F,2025,7
8733,S0627,SUB0799,75,B,2022,4
8734,S0904,SUB0382,50,C,2022,7
8735,S0692,SUB0024,73,A+,2022,2
8736,S0948,SUB0005,54,A,2026,6
8737,S0093,SUB0568,45,B+,2023,3
8738,S0214,SUB0700,37,B+,2023,6
8739,S0560,SUB0945,46,C,2023,2
8740,S0890,SUB0874,69,A,2025,1
8741,S0278,SUB0874,56,B,2023,8
8742,S0565,SUB0111,72,A,2023,4
8743,S0324,SUB0364,55,F,2022,3
8744,S0192,SUB0082,74,C,2022,1
8745,S0322,SUB0898,82,A,2022,6
8746,S0079,SUB0111,99,D,2025,4
8747,S0914,SUB0466,83,B,2022,5
8748,S0550,SUB0172,75,B+,2025,2
8749,S0782,SUB0787,95,C,2024,6
8750,S0138,SUB0932,67,F,2023,8
8751,S0340,SUB0074,73,D,2025,3
8752,S0710,SUB0051,52,C,2023,3
8753,S0308,SUB0623,68,C,2023,2
8754,S0990,SUB0702,71,F,2024,4
8755,S0580,SUB0936,36,C,2025,4
8756,S0066,SUB0067,80,D,2022,4
8757,S0506,SUB0576,67,F,2026,2
8758,S0332,SUB0144,41,B,2023,3
8759,S0001,SUB0740,79,B+,2024,5
8760,S0631,SUB0748,49,D,2025,3
8761,S0696,SUB0245,65,F,2022,1
8762,S0279,SUB0371,85,D,2025,2
8763,S0437,SUB0878,61,C,2026,8
8764,S0575,SUB0082,82,F,2025,7
8765,S0224,SUB0402,44,F,2025,2
8766,S0140,SUB0511,71,D,2026,8
8767,S0039,SUB0635,71,C,2023,8
8768,S0380,SUB0282,63,A+,2023,5
8769,S0688,SUB0045,53,D,2023,7
8770,S0271,SUB0272,38,B+,2024,8
8771,S0003,SUB0455,70,A+,2024,1
8772,S0524,SUB0955,61,C,2022,1
8773,S0099,SUB0132,95,B,2024,8
8774,S0858,SUB0533,55,B+,2024,2
8775,S0011,SUB0993,61,A+,2022,8
8776,S0354,SUB0483,81,A+,2022,1
8777,S0388,SUB0015,73,F,2026,4
8778,S0169,SUB0149,79,B+,2026,2
8779,S0051,SUB0068,54,A,2023,2
8780,S0737,SUB0097,64,B+,2025,7
8781,S0630,SUB0368,98,B,2022,7
8782,S0374,SUB0916,88,F,2025,4
8783,S0519,SUB0914,47,A+,2023,5
8784,S0706,SUB0316,99,A,2025,7
8785,S0987,SUB0542,77,B+,2022,6
8786,S0614,SUB0329,80,C,2025,7
8787,S0127,SUB0480,58,D,2022,3
8788,S0962,SUB0632,97,B+,2026,7
8789,S0812,SUB0918,40,D,2026,2
8790,S0061,SUB0658,99,B,2026,6
8791,S0522,SUB0823,45,D,2026,3
8792,S0028,SUB0222,35,D,2022,8
8793,S0684,SUB0874,48,B,2026,5
8794,S0121,SUB0208,71,A,2026,8
8795,S0463,SUB0574,84,C,2025,5
8796,S0438,SUB0218,76,B+,2025,8
8797,S0582,SUB0299,80,C,2025,6
8798,S0973,SUB0399,46,F,2025,7
8799,S0166,SUB0506,53,F,2023,2
8800,S0912,SUB0404,90,F,2022,5
8801,S0767,SUB0415,71,A+,2023,6
8802,S0014,SUB0964,83,B+,2022,2
8803,S0815,SUB0016,77,B+,2024,3
8804,S0512,SUB0336,44,F,2025,1
8805,S0865,SUB0965,51,C,2024,8
8806,S0308,SUB0480,71,B+,2026,6
8807,S0768,SUB0904,59,B,2023,3
8808,S0070,SUB0124,53,A,2025,8
8809,S0112,SUB0796,53,F,2024,2
8810,S0985,SUB0727,64,D,2026,4
8811,S0631,SUB0739,74,A+,2024,7
8812,S0125,SUB0312,57,A+,2023,1
8813,S0788,SUB0344,45,C,2025,6
8814,S0715,SUB0974,77,C,2022,2
8815,S0205,SUB0369,69,F,2025,7
8816,S0250,SUB0896,98,B,2026,7
8817,S0806,SUB0585,40,A,2026,4
8818,S0231,SUB0978,75,B+,2026,8
8819,S0318,SUB0983,94,A,2026,8
8820,S0563,SUB0448,82,B,2024,1
8821,S0252,SUB0117,76,A+,2022,7
8822,S0931,SUB0855,37,F,2024,1
8823,S0589,SUB0903,71,A,2024,6
8824,S0869,SUB0207,84,B+,2024,1
8825,S0900,SUB0177,47,A+,2024,7
8826,S0209,SUB0412,42,C,2025,1
8827,S0884,SUB0229,80,D,2026,8
8828,S0131,SUB0220,68,B,2025,2
8829,S0457,SUB0280,37,C,2024,6
8830,S0306,SUB0754,76,A,2025,1
8831,S0653,SUB0287,51,D,2023,3
8832,S0304,SUB0236,98,A+,2025,7
8833,S0893,SUB0722,95,B,2022,4
8834,S0706,SUB0782,93,B+,2026,5
8835,S0760,SUB0565,84,A+,2023,3
8836,S0106,SUB0800,50,B,2022,4
8837,S0585,SUB0495,92,A+,2022,7
8838,S0024,SUB0110,40,C,2023,5
8839,S0376,SUB0637,62,F,2025,1
8840,S0882,SUB0977,63,A+,2025,2
8841,S0697,SUB0474,73,C,2026,5
8842,S0882,SUB0633,86,D,2026,8
8843,S0080,SUB0068,78,B+,2026,3
8844,S0558,SUB0361,87,C,2023,8
8845,S0496,SUB0596,80,F,2022,3
8846,S0746,SUB0837,80,D,2022,5
8847,S0903,SUB0856,63,F,2024,8
8848,S0103,SUB0875,43,F,2022,1
8849,S0649,SUB0718,90,F,2025,3
8850,S0984,SUB0682,88,B+,2022,8
8851,S0765,SUB0552,77,B,2025,8
8852,S0337,SUB0960,73,D,2025,5
8853,S0747,SUB0116,62,A+,2025,4
8854,S0052,SUB0546,60,F,2024,1
8855,S0651,SUB0917,88,D,2022,2
8856,S0428,SUB0960,54,C,2022,3
8857,S0527,SUB0472,71,B,2025,4
8858,S0386,SUB0875,49,B,2024,6
8859,S0444,SUB0804,77,A,2023,8
8860,S0304,SUB0070,62,B,2023,8
8861,S0852,SUB0277,96,A+,2026,3
8862,S0009,SUB0363,94,C,2026,6
8863,S0365,SUB0736,87,D,2023,6
8864,S0057,SUB0243,56,A,2024,5
8865,S0827,SUB0046,87,C,2026,8
8866,S0292,SUB0964,70,A,2022,4
8867,S0430,SUB0413,60,F,2023,2
8868,S0187,SUB0988,75,C,2025,7
8869,S0164,SUB0331,91,A,2026,2
8870,S0843,SUB0917,66,C,2024,2
8871,S0338,SUB0041,52,C,2023,4
8872,S0508,SUB0521,99,A+,2022,7
8873,S0740,SUB0934,62,B,2026,1
8874,S0521,SUB0662,99,A,2022,3
8875,S0007,SUB0291,65,A,2024,5
8876,S0484,SUB0650,59,C,2023,1
8877,S0810,SUB0959,56,B,2023,8
8878,S0452,SUB0354,99,F,2024,7
8879,S0344,SUB0176,44,A,2024,6
8880,S0561,SUB0726,56,D,2024,7
8881,S0380,SUB0838,67,D,2026,4
8882,S0451,SUB0402,96,F,2022,4
8883,S0953,SUB0270,92,D,2022,6
8884,S0132,SUB0646,85,B,2026,1
8885,S0292,SUB0723,94,F,2026,1
8886,S0196,SUB0490,61,F,2024,3
8887,S0567,SUB0167,76,D,2022,6
8888,S0931,SUB0419,95,A+,2026,8
8889,S0168,SUB0269,87,C,2022,5
8890,S0765,SUB0769,52,F,2023,5
8891,S0082,SUB0088,94,A,2026,1
8892,S0813,SUB0731,90,A,2025,8
8893,S0043,SUB0012,74,B+,2023,5
8894,S0341,SUB0952,42,A+,2023,2
8895,S0092,SUB0873,59,F,2022,7
8896,S0694,SUB0848,82,A+,2024,7
8897,S0669,SUB0704,59,C,2024,3
8898,S0682,SUB0379,54,F,2025,5
8899,S0255,SUB0449,54,F,2023,1
8900,S0646,SUB0187,54,A,2024,2
8901,S0002,SUB0779,96,A+,2023,1
8902,S0201,SUB0650,46,B,2026,1
8903,S0912,SUB0680,93,A,2022,5
8904,S0356,SUB0018,74,A,2023,8
8905,S0966,SUB0153,58,C,2022,7
8906,S0670,SUB0728,60,A+,2025,6
8907,S0969,SUB0407,44,F,2024,6
8908,S0873,SUB0469,80,F,2026,5
8909,S0133,SUB0625,61,D,2024,6
8910,S0208,SUB0262,80,D,2024,5
8911,S0594,SUB0792,53,C,2025,6
8912,S0938,SUB0510,93,A,2022,1
8913,S0587,SUB0294,46,D,2025,2
8914,S0808,SUB0429,49,B+,2025,1
8915,S0982,SUB0186,76,D,2022,1
8916,S0696,SUB0224,67,A+,2023,6
8917,S0489,SUB0346,89,A,2024,5
8918,S0132,SUB0278,68,C,2024,1
8919,S0418,SUB0180,39,C,2026,1
8920,S0670,SUB0807,86,D,2024,2
8921,S0898,SUB0194,55,C,2022,1
8922,S0508,SUB0016,63,B,2025,8
8923,S0018,SUB0482,100,B+,2024,8
8924,S0528,SUB0005,82,A,2022,6
8925,S0353,SUB0104,91,A+,2023,8
8926,S0217,SUB0672,94,B+,2024,2
8927,S0654,SUB0822,95,F,2022,1
8928,S0903,SUB0782,92,A+,2025,3
8929,S0644,SUB0431,48,C,2025,7
8930,S0615,SUB0706,37,F,2023,7
8931,S0200,SUB0769,40,A+,2023,8
8932,S0608,SUB0740,66,A,2026,1
8933,S0429,SUB0543,54,C,2023,8
8934,S0350,SUB0876,35,B+,2024,2
8935,S0756,SUB0384,67,A,2025,6
8936,S0561,SUB0400,62,A,2025,2
8937,S0355,SUB0937,82,F,2023,3
8938,S0187,SUB0592,78,F,2024,8
8939,S0940,SUB0346,88,A,2025,8
8940,S0375,SUB0489,48,B,2025,5
8941,S0203,SUB0287,85,A+,2024,2
8942,S0321,SUB0301,70,B,2026,8
8943,S0766,SUB0858,45,B+,2023,7
8944,S0222,SUB0649,60,A+,2022,7
8945,S0739,SUB0184,87,C,2024,3
8946,S0506,SUB0270,56,D,2023,2
8947,S0162,SUB0397,40,C,2025,8
8948,S0866,SUB0859,43,C,2023,3
8949,S0305,SUB0486,96,A+,2025,4
8950,S0822,SUB0351,78,F,2022,6
8951,S0528,SUB0820,89,B+,2026,5
8952,S0220,SUB0356,45,A+,2025,1
8953,S0641,SUB0925,68,A+,2023,4
8954,S0330,SUB0021,57,F,2024,5
8955,S0611,SUB0705,87,B,2023,3
8956,S0245,SUB0490,56,A+,2023,1
8957,S0199,SUB0214,74,C,2024,4
8958,S0363,SUB0711,62,F,2026,7
8959,S0842,SUB0209,96,D,2024,4
8960,S0967,SUB0411,44,A+,2022,8
8961,S0375,SUB0902,88,D,2024,6
8962,S0136,SUB0914,66,B,2026,8
8963,S0379,SUB0266,73,B,2026,6
8964,S0015,SUB0689,60,F,2023,5
8965,S0929,SUB0008,38,B,2026,4
8966,S0437,SUB0607,55,A+,2025,8
8967,S0284,SUB0993,50,D,2024,3
8968,S0489,SUB0875,84,F,2026,1
8969,S0466,SUB0300,56,A,2026,1
8970,S0370,SUB0182,46,D,2025,6
8971,S0430,SUB0817,72,D,2022,6
8972,S0385,SUB0178,79,F,2026,5
8973,S0485,SUB0742,76,C,2024,8
8974,S0340,SUB0280,69,F,2025,5
8975,S0897,SUB0740,35,B,2026,1
8976,S0974,SUB0227,93,B,2024,1
8977,S0672,SUB0306,69,D,2022,1
8978,S0226,SUB0907,79,A,2023,6
8979,S0754,SUB0324,99,B+,2022,3
8980,S0859,SUB0465,70,C,2025,3
8981,S0386,SUB0078,77,A,2025,1
8982,S0353,SUB0686,88,F,2023,6
8983,S0425,SUB0961,44,D,2023,1
8984,S0236,SUB0839,49,C,2022,4
8985,S0106,SUB0556,57,A,2026,6
8986,S0410,SUB0807,89,C,2023,8
8987,S0293,SUB0646,92,B+,2025,1
8988,S0396,SUB0474,48,B,2023,2
8989,S0062,SUB0859,38,A,2024,8
8990,S0948,SUB0448,50,A,2026,8
8991,S0072,SUB0295,77,B,2022,6
8992,S0724,SUB0757,68,D,2023,7
8993,S0412,SUB0437,46,A+,2022,1
8994,S0675,SUB0104,96,D,2022,4
8995,S0795,SUB0304,74,D,2026,6
8996,S0981,SUB0695,94,F,2025,4
8997,S0222,SUB0374,91,B+,2026,8
8998,S0803,SUB0264,74,F,2026,4
8999,S0932,SUB0737,86,B+,2024,8
9000,S0334,SUB0463,89,C,2025,2
9001,S0618,SUB0237,54,A,2026,2
9002,S0424,SUB0039,54,B,2025,6
9003,S0305,SUB0959,88,C,2026,8
9004,S0923,SUB0571,50,D,2025,7
9005,S0184,SUB0726,42,D,2022,4
9006,S0014,SUB0125,70,D,2022,1
9007,S0485,SUB0531,96,A,2025,2
9008,S0351,SUB0490,38,B,2025,5
9009,S0567,SUB0107,63,D,2023,1
9010,S0729,SUB0706,93,D,2025,3
9011,S0658,SUB0651,72,A,2022,6
9012,S0305,SUB0980,74,A,2026,4
9013,S0343,SUB0438,66,B+,2025,8
9014,S0908,SUB0161,91,A+,2022,8
9015,S0555,SUB0882,88,D,2024,5
9016,S0717,SUB0064,94,B+,2023,7
9017,S0455,SUB0396,48,A+,2025,8
9018,S0385,SUB0159,55,F,2024,3
9019,S0624,SUB0326,45,F,2024,6
9020,S0335,SUB0514,90,D,2026,7
9021,S0553,SUB0340,93,B+,2024,8
9022,S0542,SUB0036,96,C,2025,1
9023,S0967,SUB0480,73,B,2022,2
9024,S0304,SUB0931,76,B+,2022,4
9025,S0328,SUB0800,63,A,2023,1
9026,S0513,SUB0209,52,F,2023,3
9027,S0259,SUB0025,75,B,2023,7
9028,S0120,SUB0096,52,B,2023,3
9029,S0542,SUB0212,39,F,2023,3
9030,S0951,SUB0319,83,B,2022,8
9031,S0920,SUB0936,78,B+,2025,6
9032,S0217,SUB0054,72,B,2022,3
9033,S0409,SUB0966,62,B+,2025,2
9034,S0500,SUB0095,73,D,2023,1
9035,S0407,SUB0359,61,F,2025,8
9036,S0131,SUB0485,98,C,2022,6
9037,S0290,SUB0464,36,B+,2023,2
9038,S0128,SUB0692,91,D,2026,6
9039,S0699,SUB0808,74,A+,2023,8
9040,S0926,SUB0008,53,B+,2025,3
9041,S0188,SUB0383,76,D,2024,2
9042,S0591,SUB0607,40,B+,2023,4
9043,S0476,SUB0348,93,D,2022,6
9044,S0569,SUB0511,60,A+,2023,2
9045,S0358,SUB0765,94,C,2022,1
9046,S0709,SUB0086,54,A,2025,1
9047,S0892,SUB0520,71,A,2023,5
9048,S0582,SUB0286,65,B,2026,4
9049,S0110,SUB0326,53,B+,2025,7
9050,S0607,SUB0614,35,B+,2026,4
9051,S0174,SUB0766,64,B,2024,3
9052,S0857,SUB0253,77,F,2024,6
9053,S0130,SUB0170,80,A+,2026,2
9054,S0125,SUB0588,36,B+,2022,5
9055,S0542,SUB0175,74,D,2025,7
9056,S0304,SUB0796,50,A,2026,8
9057,S0086,SUB0127,67,A+,2022,8
9058,S0729,SUB0646,91,A+,2025,1
9059,S0171,SUB0910,85,A,2025,7
9060,S0832,SUB0645,40,B,2026,5
9061,S0345,SUB0884,100,A,2026,3
9062,S0711,SUB0476,94,A+,2022,6
9063,S0388,SUB0370,65,B,2022,3
9064,S0953,SUB0164,42,B,2024,5
9065,S0046,SUB0824,47,A+,2024,6
9066,S0925,SUB0601,61,D,2022,6
9067,S0478,SUB0585,88,A,2024,5
9068,S0727,SUB0171,95,D,2024,3
9069,S0918,SUB0258,100,C,2023,1
9070,S0226,SUB0399,59,B+,2025,8
9071,S0436,SUB0664,65,B,2022,7
9072,S0454,SUB0958,58,A,2025,5
9073,S0739,SUB0942,99,B,2024,7
9074,S0137,SUB0657,56,F,2026,1
9075,S0917,SUB0505,69,A,2022,3
9076,S0472,SUB0599,66,F,2026,6
9077,S0618,SUB0205,37,B,2024,8
9078,S0643,SUB0884,71,A,2025,4
9079,S0221,SUB0985,81,D,2024,5
9080,S0856,SUB0729,81,A,2024,3
9081,S0087,SUB0558,78,A+,2022,1
9082,S0913,SUB0177,45,C,2023,6
9083,S0650,SUB0377,54,B,2022,2
9084,S0402,SUB0942,35,C,2025,7
9085,S0226,SUB0643,61,B+,2025,8
9086,S0231,SUB0039,45,D,2023,6
9087,S0800,SUB0061,74,A+,2022,4
9088,S0872,SUB0060,59,A+,2025,5
9089,S0595,SUB0396,60,F,2025,1
9090,S0003,SUB0604,48,C,2024,4
9091,S0199,SUB0989,87,A+,2024,8
9092,S0756,SUB0903,87,A+,2023,8
9093,S0678,SUB0130,94,B,2024,6
9094,S0824,SUB0812,39,C,2025,6
9095,S0555,SUB0598,64,A,2022,4
9096,S0665,SUB0865,58,A,2023,8
9097,S0752,SUB0890,38,F,2024,3
9098,S0264,SUB0888,79,A,2025,2
9099,S0829,SUB0556,42,C,2024,7
9100,S0281,SUB0859,88,B+,2022,4
9101,S0506,SUB0452,97,F,2026,2
9102,S0062,SUB0681,49,A+,2024,2
9103,S0423,SUB0808,73,F,2024,6
9104,S0520,SUB0993,38,B+,2022,4
9105,S0635,SUB0210,55,A+,2025,6
9106,S0221,SUB0431,67,C,2024,2
9107,S0687,SUB0647,92,D,2026,6
9108,S0865,SUB0320,47,F,2026,4
9109,S0583,SUB0994,50,F,2025,7
9110,S0549,SUB0064,93,B,2026,4
9111,S0064,SUB0635,78,D,2025,8
9112,S0035,SUB0245,44,C,2024,7
9113,S0681,SUB0409,97,D,2022,6
9114,S0558,SUB0818,64,B+,2026,4
9115,S0417,SUB0038,68,C,2023,7
9116,S0474,SUB0460,46,A+,2026,8
9117,S0851,SUB0315,41,A,2023,1
9118,S0380,SUB0789,42,F,2025,8
9119,S0422,SUB0196,87,C,2023,4
9120,S0364,SUB0697,57,B+,2025,8
9121,S0681,SUB0301,58,C,2025,1
9122,S0603,SUB0236,90,A,2025,1
9123,S0601,SUB0076,48,C,2025,2
9124,S0114,SUB0096,64,F,2024,1
9125,S0166,SUB0203,75,B+,2024,1
9126,S0542,SUB0642,65,B+,2026,5
9127,S0440,SUB0589,55,A+,2026,8
9128,S0585,SUB0048,54,A,2022,3
9129,S0663,SUB0194,48,D,2022,2
9130,S0505,SUB0708,38,B,2024,5
9131,S0616,SUB0376,62,C,2025,4
9132,S0477,SUB0182,95,C,2026,2
9133,S0747,SUB0526,93,A+,2022,5
9134,S0266,SUB0240,66,A,2026,1
9135,S0739,SUB0010,77,D,2026,3
9136,S0937,SUB0108,54,D,2026,6
9137,S0107,SUB0307,86,B+,2026,4
9138,S0230,SUB0976,69,C,2025,7
9139,S0270,SUB0216,64,C,2026,5
9140,S0653,SUB0470,76,A+,2025,8
9141,S0649,SUB0643,40,B,2025,7
9142,S0683,SUB0001,45,D,2022,6
9143,S0122,SUB0228,53,B+,2022,2
9144,S0071,SUB0943,61,B+,2023,1
9145,S0631,SUB0394,42,D,2023,1
9146,S0828,SUB0093,86,A+,2023,6
9147,S0376,SUB0465,66,D,2024,6
9148,S0549,SUB0124,76,A,2022,7
9149,S0576,SUB0901,36,B,2024,4
9150,S0681,SUB0994,89,A,2023,6
9151,S0402,SUB0596,47,C,2025,6
9152,S0131,SUB0709,49,B,2023,3
9153,S0309,SUB0760,46,C,2026,2
9154,S0738,SUB0881,84,C,2024,8
9155,S0318,SUB0087,81,B+,2024,6
9156,S0856,SUB0947,64,C,2026,1
9157,S0385,SUB0144,82,A+,2024,2
9158,S0193,SUB0656,47,F,2026,2
9159,S0887,SUB0798,67,B+,2024,5
9160,S0559,SUB0907,80,B+,2025,7
9161,S0811,SUB0556,36,A,2026,7
9162,S0812,SUB0276,50,A,2022,6
9163,S0382,SUB0716,54,B,2025,3
9164,S0602,SUB0314,39,B+,2024,1
9165,S0457,SUB0077,65,B+,2023,4
9166,S0244,SUB0615,45,B,2026,5
9167,S0996,SUB0933,39,D,2023,7
9168,S0362,SUB0135,65,A+,2025,3
9169,S0489,SUB0119,43,A+,2022,3
9170,S0179,SUB0177,82,A+,2026,3
9171,S0531,SUB0146,99,C,2022,1
9172,S0046,SUB0237,44,B+,2025,7
9173,S0955,SUB0368,88,F,2025,8
9174,S0659,SUB0893,66,B+,2024,6
9175,S0857,SUB0192,35,F,2026,3
9176,S0311,SUB0758,62,F,2022,5
9177,S0692,SUB0992,94,A,2026,1
9178,S0496,SUB0359,52,C,2025,6
9179,S0858,SUB0192,44,D,2022,8
9180,S0089,SUB0910,41,B,2024,4
9181,S0547,SUB0114,85,B,2026,7
9182,S0439,SUB0978,85,A+,2022,2
9183,S0221,SUB0336,77,B+,2023,4
9184,S0671,SUB0007,61,C,2022,6
9185,S0537,SUB0558,77,A+,2024,3
9186,S0822,SUB0262,51,D,2024,6
9187,S0667,SUB0662,72,F,2025,5
9188,S0071,SUB0558,53,F,2022,6
9189,S0568,SUB0740,65,D,2022,1
9190,S0392,SUB0743,81,D,2025,7
9191,S0647,SUB0003,39,A,2023,8
9192,S0564,SUB0785,84,A,2023,6
9193,S0542,SUB0685,46,C,2024,4
9194,S0574,SUB0840,75,A+,2024,7
9195,S0110,SUB0263,52,F,2025,8
9196,S0329,SUB0614,90,A+,2022,2
9197,S0771,SUB0081,76,C,2026,7
9198,S0317,SUB0853,92,A+,2025,5
9199,S0429,SUB0477,87,C,2023,4
9200,S0021,SUB0845,79,B+,2025,6
9201,S0039,SUB0705,87,B+,2024,8
9202,S0793,SUB0846,89,A+,2023,6
9203,S0420,SUB0253,83,B,2024,1
9204,S0687,SUB0582,86,B+,2026,4
9205,S0704,SUB0190,90,B+,2022,3
9206,S0473,SUB0494,96,F,2025,6
9207,S0941,SUB0733,46,D,2026,8
9208,S0100,SUB0354,99,A,2025,4
9209,S0698,SUB0118,87,A,2022,8
9210,S0004,SUB0901,90,B+,2024,8
9211,S0539,SUB0411,37,F,2026,4
9212,S0797,SUB0104,74,C,2025,3
9213,S0006,SUB0345,64,C,2026,4
9214,S0971,SUB0899,45,D,2026,1
9215,S0122,SUB0801,86,F,2024,4
9216,S0138,SUB0284,50,B+,2022,8
9217,S0464,SUB0526,83,B,2023,4
9218,S0597,SUB0372,73,F,2024,7
9219,S0899,SUB0706,62,A+,2026,5
9220,S0053,SUB0934,63,B+,2022,3
9221,S0497,SUB0419,69,B+,2024,5
9222,S0141,SUB0909,69,C,2023,6
9223,S0057,SUB0076,41,D,2025,3
9224,S0252,SUB0634,53,C,2023,1
9225,S0479,SUB0316,97,B+,2022,6
9226,S0888,SUB0471,90,F,2022,1
9227,S0890,SUB0512,62,C,2025,5
9228,S0662,SUB0552,61,C,2026,7
9229,S0848,SUB0659,65,C,2023,2
9230,S0835,SUB0327,55,F,2022,4
9231,S0770,SUB0128,92,B,2023,6
9232,S0806,SUB0865,36,F,2023,5
9233,S0212,SUB0460,37,A,2023,8
9234,S0721,SUB0637,38,A+,2026,4
9235,S0065,SUB0764,76,D,2023,6
9236,S0919,SUB0232,42,C,2023,7
9237,S0703,SUB0809,53,F,2024,7
9238,S0244,SUB0180,40,C,2026,4
9239,S0040,SUB0792,94,D,2024,7
9240,S0404,SUB0406,50,B+,2023,8
9241,S0188,SUB0866,52,F,2025,1
9242,S0175,SUB0596,52,C,2022,4
9243,S0669,SUB0042,75,A+,2023,4
9244,S0259,SUB0801,69,F,2022,5
9245,S0029,SUB0845,91,B+,2022,7
9246,S0015,SUB0531,86,C,2023,5
9247,S0688,SUB0848,63,A+,2026,7
9248,S0013,SUB0851,39,B+,2024,8
9249,S0332,SUB0591,59,C,2022,6
9250,S0106,SUB0651,87,C,2024,7
9251,S0505,SUB0416,37,B,2023,1
9252,S0486,SUB0768,37,D,2026,1
9253,S0197,SUB0470,37,A+,2024,8
9254,S0596,SUB0912,48,A+,2024,3
9255,S0366,SUB0250,56,F,2023,4
9256,S0143,SUB0145,95,A,2025,2
9257,S0860,SUB0466,61,B,2025,3
9258,S0218,SUB0789,36,B,2022,7
9259,S0981,SUB0451,48,B,2023,7
9260,S0394,SUB0238,97,A,2023,5
9261,S0591,SUB0698,37,F,2023,6
9262,S0034,SUB0479,95,F,2022,2
9263,S0281,SUB0419,37,A+,2022,6
9264,S0612,SUB0047,43,A+,2025,1
9265,S0627,SUB0416,90,A+,2024,8
9266,S0124,SUB0892,91,C,2025,2
9267,S0903,SUB0400,51,F,2024,2
9268,S0673,SUB0911,59,A,2024,2
9269,S0798,SUB0270,64,A,2023,1
9270,S0362,SUB0484,38,B+,2026,4
9271,S0861,SUB0969,80,B+,2023,8
9272,S0067,SUB0181,67,A+,2022,3
9273,S0111,SUB0603,68,F,2024,7
9274,S0742,SUB0845,68,A,2023,6
9275,S0823,SUB0180,85,A+,2025,5
9276,S0605,SUB0004,85,A+,2026,6
9277,S0771,SUB0400,96,C,2026,6
9278,S0057,SUB0208,50,D,2026,3
9279,S0139,SUB0981,91,A,2022,8
9280,S0318,SUB0880,48,A+,2023,5
9281,S0478,SUB0476,84,D,2025,7
9282,S0821,SUB0757,39,A+,2024,1
9283,S0476,SUB0996,41,D,2026,2
9284,S0213,SUB0983,56,F,2022,5
9285,S0620,SUB0941,97,F,2023,3
9286,S0013,SUB0841,60,A,2025,4
9287,S0320,SUB0982,80,A+,2026,4
9288,S0905,SUB0921,40,D,2024,4
9289,S0402,SUB0067,99,F,2025,6
9290,S0435,SUB0088,61,A,2024,2
9291,S0336,SUB0236,51,B+,2025,5
9292,S0753,SUB0107,53,D,2024,2
9293,S0708,SUB0782,54,B,2022,5
9294,S0993,SUB0667,72,C,2024,1
9295,S0534,SUB0470,56,B,2026,2
9296,S0044,SUB0224,91,D,2022,5
9297,S0038,SUB0795,53,B+,2024,3
9298,S0497,SUB0706,70,F,2026,1
9299,S0035,SUB0349,44,A+,2022,8
9300,S0156,SUB0959,78,C,2025,6
9301,S0913,SUB0965,59,A+,2025,1
9302,S0606,SUB0579,56,A,2023,5
9303,S0546,SUB0139,68,D,2023,4
9304,S0134,SUB0652,94,A,2023,6
9305,S0753,SUB0183,59,D,2022,5
9306,S0700,SUB0323,93,B+,2025,8
9307,S0184,SUB0194,84,F,2024,6
9308,S0026,SUB0863,99,C,2024,7
9309,S0437,SUB0375,81,B,2023,7
9310,S0845,SUB0652,78,A+,2025,2
9311,S0331,SUB0224,76,F,2022,3
9312,S0967,SUB0417,40,B+,2023,4
9313,S0654,SUB0491,62,D,2026,7
9314,S0134,SUB0243,68,C,2023,7
9315,S0575,SUB0461,57,F,2024,1
9316,S0766,SUB0105,60,A+,2025,1
9317,S0962,SUB0572,60,D,2023,7
9318,S0491,SUB0911,88,A,2025,7
9319,S0375,SUB0328,38,C,2022,5
9320,S0548,SUB0039,69,C,2023,2
9321,S0861,SUB0635,72,A+,2026,1
9322,S0385,SUB0364,50,D,2026,5
9323,S0891,SUB0856,95,F,2025,3
9324,S0958,SUB0098,35,A,2025,7
9325,S0852,SUB0832,69,D,2022,3
9326,S0854,SUB0074,70,B,2024,4
9327,S0415,SUB0891,59,D,2025,3
9328,S0936,SUB0601,62,F,2022,5
9329,S0649,SUB0619,73,C,2026,4
9330,S0068,SUB0438,76,F,2024,8
9331,S0912,SUB0795,89,C,2023,5
9332,S0559,SUB0159,89,A,2023,8
9333,S0272,SUB0131,64,F,2022,4
9334,S0416,SUB0525,82,B,2024,5
9335,S0720,SUB0364,71,D,2025,8
9336,S0044,SUB0457,73,A+,2024,8
9337,S0989,SUB0374,78,F,2026,3
9338,S0264,SUB0451,46,D,2025,2
9339,S0154,SUB0231,84,D,2024,4
9340,S0467,SUB0441,54,B+,2026,1
9341,S0288,SUB0740,66,B+,2022,6
9342,S0281,SUB0611,98,C,2023,5
9343,S0929,SUB0520,87,A,2026,6
9344,S0795,SUB0583,76,B+,2026,2
9345,S0255,SUB0439,74,B,2025,2
9346,S0122,SUB0702,84,B+,2024,3
9347,S0356,SUB0610,49,C,2022,8
9348,S0944,SUB0131,78,F,2023,2
9349,S0275,SUB0566,79,A+,2023,4
9350,S0670,SUB0219,71,D,2023,5
9351,S0781,SUB0304,59,D,2026,8
9352,S0604,SUB0445,71,B+,2024,6
9353,S0734,SUB0323,46,F,2022,6
9354,S0310,SUB0815,59,A+,2026,2
9355,S0389,SUB0017,51,D,2022,1
9356,S0839,SUB0522,75,B,2025,5
9357,S0285,SUB0487,95,A+,2023,2
9358,S0744,SUB0964,99,B,2022,1
9359,S0016,SUB0364,77,B,2025,3
9360,S0958,SUB0968,95,A,2024,7
9361,S0034,SUB0348,42,B+,2024,3
9362,S0843,SUB0443,58,C,2026,2
9363,S0725,SUB0859,53,C,2025,3
9364,S0419,SUB0097,48,C,2023,5
9365,S0686,SUB0092,99,C,2026,1
9366,S0269,SUB0202,39,B,2026,1
9367,S0267,SUB0134,69,B,2022,8
9368,S0752,SUB0239,60,C,2026,8
9369,S0191,SUB0909,92,F,2022,8
9370,S0730,SUB0120,90,C,2024,4
9371,S0328,SUB0471,69,B,2023,8
9372,S0562,SUB0180,85,A+,2022,6
9373,S0761,SUB0741,73,B,2026,7
9374,S0593,SUB0528,65,A,2022,4
9375,S0805,SUB0774,56,A,2023,2
9376,S0766,SUB0219,55,F,2026,6
9377,S0560,SUB0614,86,B+,2023,4
9378,S0584,SUB0318,92,A+,2026,4
9379,S0922,SUB0805,85,A+,2024,3
9380,S0983,SUB0250,62,B,2023,6
9381,S0512,SUB0857,80,F,2024,3
9382,S0416,SUB0558,81,F,2024,8
9383,S0199,SUB0914,44,C,2025,2
9384,S0409,SUB0293,52,D,2024,5
9385,S0133,SUB0588,59,B,2024,3
9386,S0767,SUB0158,79,D,2025,6
9387,S0677,SUB0032,50,F,2023,3
9388,S0878,SUB0804,75,A,2025,6
9389,S0418,SUB0120,52,C,2022,3
9390,S0051,SUB0673,88,B,2023,1
9391,S0603,SUB0340,76,A,2024,4
9392,S0802,SUB0144,44,F,2022,2
9393,S0794,SUB0503,60,B,2024,8
9394,S0633,SUB0672,43,B,2024,8
9395,S0097,SUB0277,48,C,2022,4
9396,S0022,SUB0044,91,C,2026,7
9397,S0672,SUB0272,75,A,2026,1
9398,S0991,SUB0090,69,B+,2022,4
9399,S0786,SUB0274,89,B,2026,7
9400,S0692,SUB0458,54,A+,2022,8
9401,S0345,SUB0596,59,D,2022,3
9402,S0879,SUB0434,66,C,2022,7
9403,S0880,SUB0201,77,C,2023,7
9404,S0765,SUB0066,88,C,2026,8
9405,S0095,SUB0310,44,B,2025,8
9406,S0383,SUB0048,84,F,2022,8
9407,S0486,SUB0352,49,F,2026,5
9408,S0634,SUB0410,61,A,2023,4
9409,S0314,SUB0046,96,F,2024,8
9410,S0419,SUB0736,36,B+,2026,5
9411,S0889,SUB0677,56,B,2026,4
9412,S0546,SUB0974,89,C,2024,7
9413,S0524,SUB0957,72,F,2023,5
9414,S0219,SUB0334,65,A+,2023,8
9415,S0179,SUB0370,78,C,2024,8
9416,S0732,SUB0365,41,B+,2025,6
9417,S0851,SUB0273,53,C,2023,7
9418,S0671,SUB0014,84,A+,2023,1
9419,S0391,SUB0644,57,F,2025,4
9420,S0122,SUB0012,41,A+,2022,1
9421,S0060,SUB0093,59,D,2023,3
9422,S0019,SUB0732,55,D,2024,8
9423,S0357,SUB0256,38,A+,2022,6
9424,S0003,SUB0064,72,A,2024,1
9425,S0545,SUB0122,49,C,2024,3
9426,S0217,SUB0595,98,B+,2022,6
9427,S0478,SUB0957,53,B,2026,3
9428,S0080,SUB0408,82,D,2022,4
9429,S0433,SUB0268,43,B,2025,6
9430,S0644,SUB0059,68,C,2025,2
9431,S0798,SUB0584,39,F,2022,4
9432,S0538,SUB0440,98,C,2025,8
9433,S0153,SUB0794,39,A,2022,2
9434,S0398,SUB0964,55,A+,2024,3
9435,S0740,SUB0417,100,B,2026,3
9436,S0692,SUB0363,39,A,2023,2
9437,S0394,SUB0331,67,B,2022,8
9438,S0415,SUB0744,41,F,2024,5
9439,S0150,SUB0750,46,F,2023,5
9440,S0493,SUB0901,62,F,2025,7
9441,S0135,SUB0252,98,D,2025,1
9442,S0183,SUB0067,37,D,2025,8
9443,S0685,SUB0749,81,A+,2026,7
9444,S0663,SUB0121,88,B+,2026,5
9445,S0819,SUB0416,81,B+,2025,7
9446,S0759,SUB0419,45,A,2022,6
9447,S0406,SUB0362,37,A+,2025,7
9448,S0718,SUB0946,37,D,2025,2
9449,S0473,SUB0614,96,B+,2026,6
9450,S0138,SUB0689,37,B,2026,6
9451,S0947,SUB0949,74,C,2026,8
9452,S0788,SUB0647,84,B+,2022,6
9453,S0356,SUB0029,40,C,2023,3
9454,S0279,SUB0618,80,C,2025,6
9455,S0819,SUB0698,45,B+,2025,2
9456,S0558,SUB0208,44,B,2025,8
9457,S0681,SUB0814,41,A,2026,2
9458,S0531,SUB0749,73,D,2023,5
9459,S0673,SUB0879,90,A+,2025,7
9460,S0415,SUB0562,61,F,2022,4
9461,S0134,SUB0283,67,B,2023,1
9462,S0474,SUB0786,94,B,2025,4
9463,S0924,SUB0753,37,B+,2025,3
9464,S0183,SUB0739,72,A+,2026,7
9465,S1000,SUB0292,92,D,2022,8
9466,S0788,SUB0956,38,B,2026,2
9467,S0620,SUB0428,63,B+,2024,5
9468,S0033,SUB0193,38,B,2023,6
9469,S0935,SUB0723,89,A,2026,8
9470,S1000,SUB0494,93,A+,2026,2
9471,S0732,SUB0702,70,F,2022,8
9472,S0680,SUB0800,69,B,2026,8
9473,S0317,SUB0773,65,D,2022,2
9474,S0578,SUB0768,52,C,2024,5
9475,S0779,SUB0081,87,D,2022,1
9476,S0678,SUB0937,92,D,2023,4
9477,S0534,SUB0659,36,B+,2026,5
9478,S0098,SUB0725,81,C,2022,2
9479,S0839,SUB0046,73,C,2025,8
9480,S0278,SUB0087,51,A+,2023,5
9481,S0122,SUB0671,96,D,2023,5
9482,S0395,SUB0056,68,A+,2025,8
9483,S0899,SUB0877,53,B+,2023,1
9484,S0586,SUB0967,54,A+,2023,4
9485,S0404,SUB0120,85,C,2023,8
9486,S0382,SUB0242,40,F,2026,3
9487,S0158,SUB0658,73,B+,2022,4
9488,S0036,SUB0329,60,B+,2023,2
9489,S0357,SUB0787,41,C,2023,7
9490,S0032,SUB0029,97,F,2024,8
9491,S0804,SUB0909,43,B,2026,4
9492,S0957,SUB0400,48,F,2026,8
9493,S0228,SUB0628,86,A+,2026,8
9494,S0454,SUB0759,62,D,2026,7
9495,S0413,SUB0853,58,A,2023,4
9496,S0755,SUB0939,97,F,2026,7
9497,S0885,SUB0548,75,D,2023,1
9498,S0554,SUB0581,69,A+,2024,7
9499,S0751,SUB0170,72,A,2026,4
9500,S0610,SUB0079,70,A,2024,6
9501,S0753,SUB0465,93,A+,2023,8
9502,S0044,SUB0263,66,B,2023,5
9503,S0544,SUB0068,76,A+,2023,1
9504,S0545,SUB0903,91,B,2024,2
9505,S0874,SUB0287,38,A,2023,2
9506,S0040,SUB0020,86,A,2023,7
9507,S0225,SUB0033,61,A+,2025,2
9508,S0837,SUB0684,89,D,2022,6
9509,S0785,SUB0583,84,B,2024,8
9510,S0976,SUB0559,85,B+,2026,8
9511,S0388,SUB0174,100,F,2025,2
9512,S0381,SUB0135,36,C,2022,7
9513,S0668,SUB0697,45,B+,2026,8
9514,S0286,SUB0768,90,A+,2023,6
9515,S0336,SUB0118,96,D,2024,5
9516,S0636,SUB0277,98,A,2024,4
9517,S0311,SUB0815,80,D,2025,6
9518,S0421,SUB0164,70,F,2022,3
9519,S0222,SUB0367,43,C,2026,3
9520,S0879,SUB0162,71,A+,2025,5
9521,S0364,SUB0485,75,C,2026,1
9522,S0333,SUB0174,69,A,2025,5
9523,S0435,SUB0272,94,D,2022,2
9524,S0388,SUB0887,97,F,2022,2
9525,S0297,SUB0699,92,B+,2025,7
9526,S0862,SUB0816,96,B,2025,3
9527,S0645,SUB0667,36,B,2023,5
9528,S0376,SUB0281,38,B,2023,5
9529,S0922,SUB0574,70,A+,2024,1
9530,S0590,SUB0901,53,A+,2024,6
9531,S0398,SUB0892,50,A+,2024,5
9532,S0630,SUB0754,39,D,2025,3
9533,S0816,SUB0005,76,A+,2025,4
9534,S0582,SUB0361,49,F,2024,1
9535,S0948,SUB0286,91,B+,2026,8
9536,S0006,SUB0463,51,F,2024,8
9537,S0516,SUB0973,79,F,2025,1
9538,S0474,SUB0174,57,F,2022,6
9539,S0199,SUB0082,75,C,2024,5
9540,S0418,SUB0117,71,B,2022,8
9541,S0633,SUB0111,35,B+,2023,1
9542,S0252,SUB0539,100,A,2025,1
9543,S0495,SUB0125,94,A,2025,1
9544,S0844,SUB0187,44,F,2024,8
9545,S0539,SUB0389,80,D,2023,3
9546,S0378,SUB0406,50,F,2025,1
9547,S0055,SUB0867,94,C,2026,5
9548,S0018,SUB0962,52,A,2025,7
9549,S0969,SUB0584,64,F,2024,2
9550,S0497,SUB0365,44,C,2026,1
9551,S0079,SUB0732,100,C,2024,3
9552,S0879,SUB0154,39,B,2023,6
9553,S0015,SUB0492,58,A,2022,3
9554,S0341,SUB0056,77,D,2024,7
9555,S0806,SUB0558,42,F,2024,4
9556,S0675,SUB0760,52,F,2023,5
9557,S0130,SUB0228,50,B+,2025,8
9558,S0636,SUB0733,76,B,2022,8
9559,S0977,SUB0666,49,D,2026,6
9560,S0092,SUB0270,44,F,2026,3
9561,S0176,SUB0891,35,A+,2022,1
9562,S0229,SUB0518,69,B+,2025,8
9563,S0386,SUB0962,46,D,2024,5
9564,S0524,SUB0116,63,A+,2025,6
9565,S0463,SUB0964,57,A+,2025,1
9566,S0227,SUB0851,54,D,2024,6
9567,S0371,SUB0093,61,A+,2026,1
9568,S0836,SUB0479,45,D,2025,6
9569,S0654,SUB0863,91,D,2023,6
9570,S0164,SUB0311,79,D,2022,8
9571,S0977,SUB0084,64,C,2026,5
9572,S0538,SUB0030,99,F,2023,5
9573,S0604,SUB0401,63,F,2026,7
9574,S0252,SUB0803,93,A+,2023,7
9575,S0005,SUB0922,64,B,2023,5
9576,S0316,SUB0234,87,F,2024,3
9577,S0838,SUB0450,72,D,2026,4
9578,S0783,SUB0837,100,B,2026,6
9579,S0469,SUB0192,61,B+,2025,2
9580,S0846,SUB0214,53,B+,2026,2
9581,S0997,SUB0198,96,C,2024,1
9582,S0056,SUB0758,80,A+,2025,6
9583,S0734,SUB0995,66,A,2022,5
9584,S0117,SUB0046,49,F,2025,8
9585,S0144,SUB0459,76,B,2025,8
9586,S0014,SUB0219,40,F,2023,4
9587,S0219,SUB0513,68,C,2024,3
9588,S0438,SUB0014,97,C,2022,4
9589,S0158,SUB0156,70,F,2022,6
9590,S0596,SUB0980,63,A+,2026,8
9591,S0340,SUB0945,75,B+,2024,3
9592,S0547,SUB0272,77,B+,2022,6
9593,S0804,SUB0975,95,C,2026,7
9594,S0991,SUB0832,100,B+,2023,4
9595,S0652,SUB0854,92,F,2023,7
9596,S0757,SUB0265,36,A,2025,4
9597,S0837,SUB0667,69,D,2023,1
9598,S0696,SUB0784,90,F,2022,4
9599,S0083,SUB0852,62,B,2026,2
9600,S0378,SUB0457,70,D,2023,5
9601,S0762,SUB0559,53,F,2025,5
9602,S0037,SUB0845,97,A+,2026,6
9603,S0699,SUB0728,76,F,2022,8
9604,S0102,SUB0329,49,B+,2024,5
9605,S0495,SUB0597,59,F,2022,1
9606,S0447,SUB0367,57,B+,2026,1
9607,S0181,SUB0761,63,A+,2023,1
9608,S0782,SUB0623,49,B,2024,6
9609,S0225,SUB0893,51,A+,2024,3
9610,S0709,SUB0603,43,D,2023,4
9611,S0799,SUB0996,44,A,2026,8
9612,S0478,SUB0028,96,A+,2023,8
9613,S0725,SUB0638,70,F,2026,2
9614,S0348,SUB0265,65,A+,2026,2
9615,S0502,SUB0588,93,A+,2023,7
9616,S0993,SUB0250,56,B,2025,2
9617,S0860,SUB0897,44,B+,2022,5
9618,S0820,SUB0705,99,B,2023,8
9619,S0356,SUB0170,77,B+,2022,7
9620,S0838,SUB0403,43,B,2025,2
9621,S0444,SUB0346,35,F,2023,2
9622,S0988,SUB0754,45,F,2022,6
9623,S0541,SUB0850,70,D,2025,5
9624,S0635,SUB0152,94,F,2023,4
9625,S0775,SUB0755,41,A,2026,6
9626,S0265,SUB0417,79,B+,2023,2
9627,S0317,SUB0028,77,F,2024,5
9628,S0574,SUB0043,64,D,2022,2
9629,S0513,SUB0879,49,F,2025,2
9630,S0495,SUB0182,61,B,2023,4
9631,S0484,SUB0097,57,B,2024,8
9632,S0967,SUB0813,99,A+,2025,4
9633,S0950,SUB0962,49,B,2025,1
9634,S0993,SUB0778,77,B+,2025,6
9635,S0220,SUB0289,53,F,2026,4
9636,S0319,SUB0195,62,D,2024,7
9637,S0043,SUB0921,97,F,2024,3
9638,S0988,SUB0294,39,F,2023,4
9639,S0630,SUB0177,57,C,2023,1
9640,S0714,SUB0080,61,D,2024,2
9641,S0710,SUB0544,73,B,2026,5
9642,S0919,SUB0273,84,F,2023,1
9643,S0479,SUB0285,56,F,2023,1
9644,S0458,SUB0932,98,C,2024,2
9645,S0722,SUB0258,94,C,2025,6
9646,S0429,SUB0446,100,B+,2023,6
9647,S0920,SUB0898,88,C,2025,6
9648,S0403,SUB0086,98,A,2026,8
9649,S0861,SUB0477,62,D,2024,2
9650,S0706,SUB0685,58,C,2024,7
9651,S0503,SUB0219,94,B+,2022,3
9652,S0509,SUB0787,93,B,2025,4
9653,S0439,SUB0228,94,A,2023,2
9654,S0123,SUB0021,61,B,2023,7
9655,S0748,SUB0586,74,D,2026,2
9656,S0099,SUB0905,81,B,2024,5
9657,S0657,SUB0770,36,A+,2024,4
9658,S0416,SUB0714,88,B+,2025,8
9659,S0910,SUB0835,64,B,2026,7
9660,S0734,SUB0107,82,A,2022,8
9661,S0957,SUB0726,49,F,2024,3
9662,S0918,SUB0609,42,F,2025,5
9663,S0095,SUB0255,80,D,2024,7
9664,S0433,SUB0404,96,A,2026,2
9665,S0861,SUB0754,50,A,2025,7
9666,S0764,SUB0439,51,F,2026,1
9667,S0169,SUB0760,47,A,2024,8
9668,S0923,SUB0763,53,D,2022,8
9669,S0505,SUB0102,51,B+,2024,5
9670,S0063,SUB0025,81,D,2024,7
9671,S0011,SUB0540,86,B,2022,8
9672,S0926,SUB0461,48,A+,2025,2
9673,S0346,SUB0956,77,B+,2023,3
9674,S0474,SUB0376,79,F,2024,8
9675,S0433,SUB0990,41,A,2025,8
9676,S0058,SUB0761,48,D,2026,7
9677,S0524,SUB0519,86,D,2022,1
9678,S0671,SUB0581,62,A,2025,8
9679,S0205,SUB0369,70,F,2022,2
9680,S0582,SUB0747,40,D,2022,3
9681,S0857,SUB0468,61,A+,2022,7
9682,S0295,SUB0730,43,C,2025,2
9683,S0073,SUB0321,50,B+,2024,2
9684,S0067,SUB0381,52,B+,2024,8
9685,S0263,SUB0649,39,A+,2022,4
9686,S0625,SUB0851,92,F,2023,1
9687,S0434,SUB0211,79,D,2024,7
9688,S0604,SUB0257,39,A,2024,3
9689,S0695,SUB0116,46,D,2025,3
9690,S0371,SUB0033,59,D,2026,6
9691,S0878,SUB0705,65,B+,2022,3
9692,S0409,SUB0679,85,B+,2023,3
9693,S0406,SUB0835,93,A,2022,1
9694,S0616,SUB0462,60,D,2023,4
9695,S0194,SUB0070,75,A,2026,3
9696,S0705,SUB0934,65,A,2023,1
9697,S0890,SUB0593,44,B+,2022,5
9698,S0644,SUB0775,50,B,2024,8
9699,S0405,SUB0297,44,B,2026,1
9700,S0244,SUB0435,54,C,2025,3
9701,S0479,SUB0475,96,D,2023,6
9702,S0953,SUB0704,82,F,2022,3
9703,S0242,SUB0105,82,C,2024,6
9704,S0614,SUB0799,55,D,2025,1
9705,S0932,SUB0726,39,A,2024,2
9706,S0751,SUB0546,42,D,2025,3
9707,S0569,SUB0069,95,A,2026,1
9708,S0285,SUB0736,56,B,2026,8
9709,S0973,SUB0754,93,B,2026,5
9710,S0004,SUB0426,97,B,2026,5
9711,S0176,SUB0078,58,C,2024,4
9712,S0182,SUB0457,49,B,2024,5
9713,S0862,SUB0336,47,F,2026,3
9714,S0357,SUB0490,49,A,2022,1
9715,S0989,SUB0438,95,B+,2022,8
9716,S0861,SUB0585,37,D,2026,3
9717,S0422,SUB0833,81,B,2025,6
9718,S0135,SUB0178,53,F,2025,5
9719,S0632,SUB0996,78,F,2023,1
9720,S0170,SUB0855,44,A+,2026,4
9721,S0282,SUB0733,59,A,2024,8
9722,S0631,SUB0515,99,D,2023,2
9723,S0597,SUB0457,69,B,2023,7
9724,S0998,SUB0979,77,A,2024,1
9725,S0878,SUB0941,44,B+,2022,5
9726,S0251,SUB0265,90,A,2023,5
9727,S0426,SUB0150,70,C,2025,2
9728,S0371,SUB0488,83,F,2026,6
9729,S0627,SUB0272,48,A,2022,2
9730,S0729,SUB0635,53,A+,2023,3
9731,S0745,SUB0852,73,B+,2026,6
9732,S0494,SUB0081,94,B,2023,2
9733,S0575,SUB0759,37,B,2024,1
9734,S0614,SUB0469,40,F,2023,4
9735,S0075,SUB0928,48,B+,2024,5
9736,S0342,SUB0332,60,A+,2023,3
9737,S0250,SUB0513,70,B,2026,2
9738,S0381,SUB0162,61,F,2022,5
9739,S0171,SUB0622,59,D,2024,5
9740,S0031,SUB0353,91,A+,2022,2
9741,S0607,SUB0437,44,B+,2025,4
9742,S0801,SUB0887,40,C,2024,1
9743,S0119,SUB0963,71,B+,2023,8
9744,S0315,SUB0115,44,D,2022,8
9745,S0666,SUB0430,95,B,2023,3
9746,S0800,SUB0193,62,A,2026,7
9747,S0623,SUB0915,43,A,2023,3
9748,S0133,SUB0454,62,D,2022,8
9749,S0125,SUB0519,50,F,2023,5
9750,S0332,SUB0812,49,F,2024,6
9751,S0543,SUB0104,37,A,2022,2
9752,S0488,SUB0987,82,D,2023,3
9753,S0003,SUB0263,72,A+,2024,4
9754,S0080,SUB0244,58,B,2024,5
9755,S0219,SUB0507,61,C,2024,6
9756,S0306,SUB0969,79,C,2023,3
9757,S0332,SUB0936,81,F,2023,1
9758,S0557,SUB0207,65,D,2023,1
9759,S0734,SUB0547,85,D,2026,7
9760,S0284,SUB0899,74,C,2026,2
9761,S0154,SUB0490,41,B,2025,7
9762,S0202,SUB0572,80,D,2025,4
9763,S0077,SUB0940,88,A,2023,1
9764,S0045,SUB0416,92,D,2026,3
9765,S0875,SUB0612,94,A,2026,6
9766,S0063,SUB0970,79,B,2024,2
9767,S1000,SUB0996,43,B,2024,1
9768,S0104,SUB0227,37,B,2026,1
9769,S0455,SUB0166,70,F,2022,4
9770,S0664,SUB0928,63,B+,2026,3
9771,S0687,SUB0644,66,B,2026,2
9772,S0248,SUB0210,100,D,2025,3
9773,S0940,SUB0850,96,C,2024,7
9774,S0141,SUB0785,50,A+,2025,4
9775,S0348,SUB0046,56,A+,2025,3
9776,S0568,SUB0420,45,D,2026,1
9777,S0918,SUB0862,58,C,2024,7
9778,S0503,SUB0688,76,D,2022,5
9779,S0534,SUB0825,49,F,2022,5
9780,S0351,SUB0273,49,B+,2026,2
9781,S0464,SUB0999,35,D,2025,3
9782,S0087,SUB0510,39,B,2024,2
9783,S0868,SUB0155,59,A,2022,2
9784,S0084,SUB0090,77,A,2024,2
9785,S0061,SUB0561,49,B,2022,7
9786,S0789,SUB0624,47,F,2025,1
9787,S0419,SUB0986,61,F,2022,1
9788,S0077,SUB0853,45,B+,2023,3
9789,S0071,SUB0277,73,B+,2022,3
9790,S0537,SUB0726,95,C,2023,5
9791,S0681,SUB0075,81,B,2026,6
9792,S0020,SUB0441,59,A,2023,7
9793,S0631,SUB0702,62,B+,2022,8
9794,S0765,SUB0145,54,B+,2022,6
9795,S0606,SUB0631,77,F,2022,3
9796,S0737,SUB0210,60,D,2023,2
9797,S0301,SUB0482,63,A,2023,3
9798,S0352,SUB0606,48,A+,2024,2
9799,S0668,SUB0803,43,A,2022,2
9800,S0507,SUB0548,83,A+,2025,4
9801,S0865,SUB0316,71,D,2022,2
9802,S0609,SUB0211,87,F,2023,2
9803,S0152,SUB0503,86,D,2023,7
9804,S0682,SUB0827,96,C,2023,2
9805,S0388,SUB0993,51,A,2023,8
9806,S0496,SUB0939,85,A,2025,5
9807,S0140,SUB0985,36,D,2022,7
9808,S0637,SUB0614,77,A+,2022,8
9809,S0288,SUB0895,37,A,2026,2
9810,S0886,SUB0039,39,B,2026,6
9811,S0212,SUB0954,80,F,2023,5
9812,S0490,SUB0374,69,C,2024,4
9813,S0981,SUB0102,84,B,2023,1
9814,S0037,SUB0566,65,B+,2026,1
9815,S0584,SUB0029,74,B,2022,3
9816,S0512,SUB0257,44,B,2026,8
9817,S0145,SUB0865,97,A,2025,4
9818,S0904,SUB0450,57,B,2026,8
9819,S0465,SUB0448,47,C,2026,5
9820,S0808,SUB0162,100,A,2024,7
9821,S0151,SUB0854,81,F,2024,1
9822,S0954,SUB0768,68,B+,2025,8
9823,S0617,SUB0408,62,D,2022,3
9824,S0972,SUB0555,72,D,2026,2
9825,S0774,SUB0753,99,C,2023,3
9826,S0672,SUB0607,36,D,2025,7
9827,S0851,SUB0692,80,A,2025,4
9828,S0717,SUB0469,44,A+,2024,7
9829,S0792,SUB0515,46,C,2025,8
9830,S0165,SUB0239,79,C,2025,6
9831,S0640,SUB0062,80,A,2026,2
9832,S0557,SUB0584,41,F,2026,6
9833,S0029,SUB0488,74,D,2023,6
9834,S0088,SUB0334,90,B,2025,2
9835,S0886,SUB0070,46,A+,2022,7
9836,S0909,SUB0444,48,C,2026,1
9837,S0330,SUB0192,72,B,2026,1
9838,S0681,SUB0555,79,C,2023,1
9839,S0246,SUB0050,64,F,2026,2
9840,S0285,SUB0002,71,F,2026,4
9841,S0663,SUB0406,65,B,2024,6
9842,S0923,SUB0962,56,D,2022,3
9843,S0693,SUB0744,40,D,2022,2
9844,S0493,SUB0144,48,C,2023,3
9845,S0990,SUB0709,94,C,2022,1
9846,S0357,SUB0869,45,B+,2022,1
9847,S0746,SUB0576,41,A,2025,1
9848,S0652,SUB0426,95,C,2023,2
9849,S0030,SUB0244,92,B,2024,3
9850,S0294,SUB0736,93,C,2022,1
9851,S0212,SUB0665,72,F,2022,5
9852,S0854,SUB0687,97,B,2025,7
9853,S0330,SUB0946,59,C,2025,4
9854,S0566,SUB0028,86,C,2023,7
9855,S0012,SUB0812,36,D,2026,4
9856,S0538,SUB0562,72,A+,2024,7
9857,S0317,SUB0931,71,A+,2023,8
9858,S0661,SUB0824,54,C,2023,2
9859,S0573,SUB0640,83,B,2026,2
9860,S0072,SUB0910,66,A+,2023,7
9861,S0002,SUB0016,84,B+,2026,8
9862,S0638,SUB0757,99,F,2025,5
9863,S0192,SUB0964,88,D,2022,2
9864,S0826,SUB0102,94,F,2026,1
9865,S0085,SUB0600,90,A+,2022,4
9866,S0923,SUB0217,96,B,2025,7
9867,S0779,SUB0482,91,B+,2024,8
9868,S0261,SUB0396,63,A,2023,1
9869,S0180,SUB0612,51,B,2026,4
9870,S0753,SUB0962,58,D,2022,3
9871,S0959,SUB0264,81,C,2022,2
9872,S0517,SUB0374,40,B,2023,1
9873,S0885,SUB0815,52,D,2025,8
9874,S0460,SUB0522,95,C,2022,5
9875,S0728,SUB0764,94,B,2026,8
9876,S0765,SUB0459,68,A,2025,1
9877,S0949,SUB0793,78,A+,2024,5
9878,S0941,SUB0469,72,B+,2023,2
9879,S0792,SUB0745,93,F,2025,8
9880,S0519,SUB0099,60,A+,2025,1
9881,S0145,SUB0215,91,A+,2024,6
9882,S0193,SUB0100,64,A,2022,4
9883,S0750,SUB0532,66,A+,2022,1
9884,S0046,SUB0622,88,B+,2025,5
9885,S0491,SUB0737,96,B,2024,2
9886,S0117,SUB0282,93,D,2026,2
9887,S0237,SUB0741,89,A,2022,1
9888,S0481,SUB0120,100,A+,2024,6
9889,S0221,SUB0164,39,B,2023,7
9890,S0449,SUB0920,57,B+,2026,4
9891,S0666,SUB0610,43,B+,2026,7
9892,S0182,SUB0485,97,A+,2023,3
9893,S0475,SUB0595,89,F,2023,5
9894,S0172,SUB0943,52,F,2024,1
9895,S0453,SUB0126,40,A,2023,5
9896,S0384,SUB0765,45,F,2022,7
9897,S0640,SUB0182,59,A,2022,6
9898,S0603,SUB0417,71,F,2025,7
9899,S0190,SUB0402,94,B,2026,8
9900,S0130,SUB0454,62,C,2026,4
9901,S0006,SUB0108,67,C,2024,6
9902,S0019,SUB0595,54,A+,2024,7
9903,S0053,SUB0677,100,A+,2025,2
9904,S0154,SUB0115,97,B,2022,1
9905,S0410,SUB0509,91,A,2024,8
9906,S0840,SUB0852,77,A,2024,4
9907,S0309,SUB0877,56,A+,2023,2
9908,S0251,SUB0698,48,C,2025,2
9909,S0591,SUB0440,93,B,2022,1
9910,S0076,SUB0637,92,B+,2024,7
9911,S0293,SUB0014,76,A+,2023,4
9912,S0579,SUB0310,49,C,2025,7
9913,S0336,SUB0013,100,B,2026,2
9914,S0685,SUB0198,64,A+,2025,7
9915,S0517,SUB0961,51,F,2025,3
9916,S0331,SUB0499,64,A+,2022,2
9917,S0215,SUB0174,71,B+,2023,6
9918,S0482,SUB0608,75,A,2022,4
9919,S0907,SUB0206,96,F,2025,6
9920,S0690,SUB0958,64,C,2022,8
9921,S0267,SUB0069,79,B+,2023,8
9922,S0453,SUB0654,76,D,2024,6
9923,S0639,SUB0248,81,B+,2022,8
9924,S0846,SUB0500,60,A,2026,3
9925,S0627,SUB0620,57,D,2026,2
9926,S0173,SUB0313,73,F,2026,1
9927,S0484,SUB0271,61,C,2026,3
9928,S0134,SUB0849,86,D,2023,8
9929,S0096,SUB0485,41,F,2024,5
9930,S0923,SUB0649,61,C,2024,4
9931,S0136,SUB0258,95,D,2026,7
9932,S0563,SUB0736,71,A,2025,6
9933,S0326,SUB0442,65,D,2025,1
9934,S0760,SUB0780,99,D,2022,2
9935,S0961,SUB0250,36,C,2024,1
9936,S0076,SUB0476,39,A,2024,8
9937,S0111,SUB0839,44,D,2022,5
9938,S0733,SUB0854,40,A,2026,8
9939,S0046,SUB0813,95,C,2023,2
9940,S0515,SUB0283,63,C,2025,1
9941,S0157,SUB0276,95,A+,2023,5
9942,S0933,SUB0026,65,A,2025,1
9943,S0417,SUB0165,54,F,2022,5
9944,S0491,SUB0939,36,B,2026,6
9945,S0742,SUB0749,74,A+,2023,1
9946,S0363,SUB0826,47,A,2025,2
9947,S0108,SUB0406,65,D,2026,2
9948,S0835,SUB0964,73,A,2025,2
9949,S0577,SUB0863,39,A,2026,5
9950,S0522,SUB0794,68,F,2023,5
9951,S0108,SUB0605,100,A+,2022,6
9952,S0540,SUB0533,83,B+,2023,1
9953,S0603,SUB0634,65,A,2025,2
9954,S0840,SUB0438,87,A,2026,3
9955,S0068,SUB0135,82,C,2024,7
9956,S0986,SUB0650,78,A,2022,4
9957,S0511,SUB0449,78,C,2022,4
9958,S0964,SUB0831,84,B+,2022,5
9959,S0542,SUB0253,70,B+,2025,5
9960,S0097,SUB0071,84,B,2024,3
9961,S0068,SUB0726,54,A+,2022,3
9962,S0137,SUB0771,60,A+,2026,5
9963,S0401,SUB0614,40,C,2026,3
9964,S0303,SUB0932,37,C,2024,5
9965,S0848,SUB0778,81,A,2026,7
9966,S0411,SUB0275,48,D,2026,1
9967,S0215,SUB0992,48,B,2026,8
9968,S0601,SUB0095,100,D,2023,5
9969,S0842,SUB0803,62,C,2023,6
9970,S0561,SUB0341,53,F,2023,2
9971,S0034,SUB0865,47,C,2022,3
9972,S0705,SUB0106,49,A+,2025,1
9973,S0407,SUB0688,84,C,2023,1
9974,S0017,SUB0186,76,B+,2023,3
9975,S0179,SUB0647,91,C,2026,1
9976,S0478,SUB0882,50,B+,2023,7
9977,S0210,SUB0740,91,A,2026,7
9978,S0706,SUB0830,66,D,2026,4
9979,S0279,SUB0106,40,A+,2024,5
9980,S0944,SUB0062,57,C,2026,7
9981,S0888,SUB0090,75,D,2023,8
9982,S0823,SUB0395,69,A,2026,2
9983,S0059,SUB0065,80,B+,2022,2
9984,S0377,SUB0449,85,A,2024,4
9985,S0860,SUB0233,72,B,2023,3
9986,S0190,SUB0110,72,B,2025,2
9987,S0929,SUB0367,44,B,2023,1
9988,S0127,SUB0128,83,B+,2025,1
9989,S0534,SUB0453,64,B+,2024,1
9990,S0964,SUB0331,71,A,2023,3
9991,S0847,SUB0688,51,F,2024,1
9992,S0639,SUB0618,92,A,2026,6
9993,S0263,SUB0910,54,A,2022,2
9994,S0106,SUB0282,70,D,2024,3
9995,S0391,SUB0334,40,A+,2024,5
9996,S0383,SUB0956,56,A+,2024,2
9997,S0383,SUB0417,63,A+,2026,8
9998,S0545,SUB0662,100,C,2025,1
9999,S0416,SUB0788,51,B,2023,7
10000,S0449,SUB0972,67,D,2024,2
