student_id,roll_number,first_name,last_name,gender,date_of_birth,email,phone,address,admission_year,semester,cgpa,department_id
S0001,20240001,Pallavi,Parekh,Female,2004-03-17,xchahal@example.com,9882191569,"70/720 Saini Nagar, Bally-641864",2023,6,8.25,D004
S0002,20240002,Champak,Bhatnagar,Female,2003-04-17,naikunni@example.org,6891267366,"H.No. 083, Kumer Chowk Farrukhabad 289117",2024,5,8.32,D001
S0003,20240003,Leena,Padmanabhan,Female,2004-10-05,girindrachaudry@example.org,9859484935,"H.No. 65, Natarajan Chowk, South Dumdum 817714",2023,7,8.22,D005
S0004,20240004,Dhriti,Koshy,Male,2006-11-23,kritika48@example.net,588351094,"38, Rege, Deoghar 832663",2024,4,7.31,D004
S0005,20240005,Owen,Sarna,Male,2005-01-14,tanay82@example.net,6947756606,"014 Apte Circle, Gaya 472523",2023,4,9.26,D003
S0006,20240006,Abhimanyu,Arora,Male,2003-03-30,eshanabehl@example.net,9678182533,37/08 Setty Ganj Bhagalpur-454109,2022,7,9.71,D005
S0007,20240007,Pahal,Agate,Female,2006-03-16,achaudry@example.com,2764228984,"H.No. 873 Setty Path, Uluberia 802053",2024,2,8.61,D003
S0008,20240008,Vidhi,Khanna,Male,2004-01-07,charitapatla@example.org,649119631,73/994 Kota Nizamabad 379644,2022,3,7.83,D001
S0009,20240009,Max,Munshi,Female,2002-04-06,janineel@example.org,2916400522,H.No. 72 Natarajan Ganj Durgapur 925572,2023,5,7.35,D001
S0010,20240010,Michael,Mody,Male,2002-01-30,baradamaira@example.org,6081038911,"666, Sarna Ganj Panihati-393923",2023,8,8.86,D002
S0011,20240011,Veda,Goyal,Female,2004-02-02,somanayushman@example.net,7498083173,543 Nayar Ganj Khora  211183,2023,7,6.01,D004
S0012,20240012,Isaac,Goyal,Female,2002-05-07,patlajatin@example.net,9770266308,958 Ratta Circle Coimbatore-581082,2022,7,6.21,D004
S0013,20240013,Eiravati,Ghose,Male,2005-03-22,tparekh@example.net,3226851378,"H.No. 283, Balakrishnan Nagar Bhind-935806",2024,1,9.75,D001
S0014,20240014,Frederick,Pau,Female,2008-07-13,oshadin@example.com,7302772212,"97/82, Solanki Ganj, Madanapalle-672307",2022,1,9.96,D001
S0015,20240015,Vincent,Radhakrishnan,Male,2003-07-28,yadavi91@example.net,4799349811,"H.No. 77, Mann Zila Dharmavaram 284206",2022,6,9.22,D003
S0016,20240016,Azad,Sant,Female,2002-05-26,samaksh31@example.com,1467338141,"21/993 Singh Chowk, Gaya-710199",2022,6,6.8,D003
S0017,20240017,Wazir,Dube,Male,2003-05-02,dsem@example.org,2707603640,"989 Varughese Path, Bhubaneswar-358166",2024,8,6.8,D004
S0018,20240018,Vinaya,Prakash,Male,2002-03-01,hkulkarni@example.org,3450196245,"75/865, Soni Road, Dhule 002260",2022,3,7.71,D001
S0019,20240019,Aayush,Dara,Female,2007-03-22,duttakashvi@example.net,3482469656,"92/12, Nazareth Path, Etawah 361774",2022,1,8.3,D005
S0020,20240020,Tamanna,Wali,Female,2002-10-28,manthan42@example.net,9531914333,"H.No. 767, Zacharia Street, Ambala 033300",2023,5,7.42,D002
S0021,20240021,Chaman,Chakraborty,Female,2007-09-02,anushasule@example.org,9280852757,"94, Lanka Chowk, Ramagundam-096067",2023,6,7.69,D005
S0022,20240022,Damyanti,Mohan,Male,2007-06-11,warhi62@example.net,3930911719,"98/403 Varkey Ganj, Bathinda 564961",2024,7,6.97,D002
S0023,20240023,Brinda,Ray,Female,2001-12-02,aadi97@example.org,521537505,"00 Acharya, Hazaribagh 226214",2024,8,8.98,D005
S0024,20240024,Riya,Chandra,Female,2002-01-21,tanejapushti@example.org,663982884,H.No. 277 Bhat Road Shimla 869780,2023,1,8.61,D002
S0025,20240025,Jasmit,Sood,Male,2004-11-08,gollajeet@example.net,3664630423,"H.No. 71 Barman Road, Nangloi Jat 327891",2022,3,8.83,D002
S0026,20240026,Ekanta,Banik,Male,2006-03-28,ranaubika@example.com,2276937509,"06/52 Apte Nagar, Haldia-143124",2024,2,8.73,D001
S0027,20240027,Lopa,Chad,Male,2004-04-03,ekantikadeshpande@example.net,7331761959,"H.No. 869, Dhar Barasat-765239",2024,1,9.69,D002
S0028,20240028,Ijaya,Bhatti,Male,2007-10-07,asampath@example.org,6193153396,"80 Patil Marg, Deoghar 153516",2023,3,7.65,D001
S0029,20240029,Lucky,Ratti,Female,2008-04-03,waidadeep@example.org,4305425921,"25/26 Karnik Nagar, Ludhiana 338060",2023,2,7.41,D004
S0030,20240030,Rishi,Dhingra,Female,2006-09-04,anaykara@example.net,9661816377,"62/722, Varughese Chowk, Korba 212339",2024,4,9.5,D004
S0031,20240031,Varenya,Dhawan,Female,2003-03-01,samarth01@example.com,4474588019,H.No. 40 Parsa Path Kalyan-Dombivli 947062,2022,1,7.21,D003
S0032,20240032,Oeshi,Dubey,Male,2005-04-11,horabalveer@example.net,3256126700,96 Vohra Path Kolhapur 342764,2024,2,6.67,D004
S0033,20240033,Darpan,Dutta,Male,2002-10-13,narayanquincy@example.net,3616599136,51/780 Balasubramanian Ganj Tenali 909913,2024,7,6.88,D002
S0034,20240034,Gagan,Rajagopal,Female,2006-01-29,idika37@example.org,1810427050,"69/58, Pal Marg Vellore-245922",2023,5,7.81,D003
S0035,20240035,Darika,Rama,Female,2003-08-18,ebatra@example.com,4271011024,61/807 Mishra Street Bhiwani 762948,2023,4,7.3,D004
S0036,20240036,Omya,Rama,Male,2002-10-29,hdixit@example.com,3133704367,"28/35, Sodhi Road Ghaziabad-739560",2022,1,9.71,D001
S0037,20240037,Frederick,Ratti,Male,2007-08-23,crai@example.com,1778497070,"H.No. 082, Borah Path Chinsurah-743454",2023,5,7.21,D002
S0038,20240038,Zarna,Varty,Female,2004-05-15,niharikabasak@example.net,1810707761,"H.No. 116, Viswanathan Path South Dumdum-820245",2023,7,6.66,D002
S0039,20240039,Dayita,Chakrabarti,Male,2008-04-13,leelachana@example.com,7380900946,"112, Arya Road, Morbi 670915",2024,4,7.21,D002
S0040,20240040,Vivaan,Raja,Female,2006-05-23,dramachandran@example.net,9369894497,"72/420, Muni Circle, Alwar 798546",2024,4,7.72,D001
S0041,20240041,Anirudh,Shanker,Male,2006-12-09,dghosh@example.com,2122706479,19 Boase Ganj Moradabad-283598,2024,1,9.34,D005
S0042,20240042,Pavani,Bhatt,Female,2003-10-09,aarnav17@example.com,1818508130,"67/683, Jhaveri Zila Muzaffarnagar 481402",2024,5,9.2,D001
S0043,20240043,Yashasvi,Biswas,Female,2002-12-24,hkashyap@example.org,9408064288,"90/420 Bandi Nagar, Ulhasnagar 301300",2023,6,8.82,D001
S0044,20240044,Devansh,Som,Male,2001-09-03,gabaaayush@example.net,9164575077,"390 Malhotra Circle, Sangli-Miraj & Kupwad-733083",2024,7,6.42,D001
S0045,20240045,Ucchal,Venkatesh,Male,2005-01-28,mshankar@example.net,1405529180,"97, Jhaveri Circle, Anand 887605",2022,2,7.38,D002
S0046,20240046,Maya,Sur,Male,2002-01-12,sethigaurang@example.com,6322474949,"13/53, Ravi Chowk Avadi-403810",2022,8,7.55,D002
S0047,20240047,Charita,Yadav,Male,2005-03-23,fnatt@example.com,7939800214,"269, Bera Street Bhilwara 003841",2022,3,7.45,D003
S0048,20240048,Panini,Shankar,Female,2004-08-17,ramaswamylakshmi@example.org,3891465709,"47, Varghese Marg Bettiah-226503",2022,4,9.98,D001
S0049,20240049,Jatin,Srinivas,Male,2003-05-15,ikhalsa@example.net,5318953357,338 Jhaveri Marg Ajmer-988421,2024,4,9.01,D005
S0050,20240050,Onveer,Behl,Female,2005-01-23,daranamika@example.com,1813882956,"42, Balasubramanian Zila, Kadapa 465992",2022,8,7.37,D003
S0051,20240051,Darsh,Rege,Male,2003-05-20,boasechandresh@example.com,2387523734,"042, Kibe Circle Warangal-430601",2023,1,9.87,D003
S0052,20240052,Vasudha,Malhotra,Female,2005-10-14,qabilmutti@example.com,7338764479,"43, Venkataraman Street, Bhind-468067",2022,2,8.84,D004
S0053,20240053,Yashvi,Choudhary,Male,2006-03-07,adar@example.com,9440439202,423 Ranganathan Chowk Srinagar-448835,2023,3,7.16,D005
S0054,20240054,Jacob,Badami,Male,2001-08-24,alkabhalla@example.com,5916664392,"89/814, Panchal Zila, Ambala-027629",2024,2,8.17,D001
S0055,20240055,Baghyawati,Bora,Female,2004-03-17,palvictor@example.org,612656106,"32/80, Jhaveri Circle Bulandshahr-341500",2022,5,8.2,D001
S0056,20240056,Champak,Raj,Male,2003-08-20,fradokarnik@example.org,6843676732,"20/13, Krishnan Ganj, Madhyamgram-272241",2024,1,9.58,D004
S0057,20240057,Anusha,Mammen,Female,2004-03-15,vedika44@example.com,7364349865,H.No. 590 Chandra Road Visakhapatnam-319381,2022,2,8.79,D004
S0058,20240058,Nathaniel,Oommen,Female,2007-04-16,ishakhosla@example.net,6917714700,80 Sarin Baranagar-919992,2024,6,6.51,D003
S0059,20240059,Ranveer,Borra,Male,2007-08-22,kparmer@example.com,6080617002,52/57 Raval Marg Bahraich-382044,2023,7,9.44,D004
S0060,20240060,Chaaya,Chadha,Male,2007-04-12,chadpraneel@example.com,3837663469,"H.No. 156, Sachar Street Nizamabad-373353",2024,4,6.61,D002
S0061,20240061,Hredhaan,Lall,Male,2003-10-25,niharika40@example.com,4010925638,"33/27, Swamy Nagar Bhubaneswar 788092",2024,8,6.71,D002
S0062,20240062,Madhav,Chopra,Female,2004-08-11,zaid66@example.org,4968981711,"H.No. 91, Bajaj Nagar Berhampur-444965",2024,7,7.87,D001
S0063,20240063,Ekani,Taneja,Male,2002-07-28,caleb44@example.net,3903218825,"913 Bandi Circle, Eluru-448966",2023,5,7.51,D003
S0064,20240064,Laksh,Ben,Male,2006-10-20,chaturabadal@example.com,9161758258,"66/65, Madan Nagar, Salem-756292",2023,4,7.83,D004
S0065,20240065,Sara,Gola,Female,2003-11-05,yashodakhosla@example.com,431888951,242 Lal Marg Surat 405164,2022,5,9.07,D004
S0066,20240066,Aradhana,Bawa,Female,2005-10-02,eben@example.org,788981467,79/33 Sodhi Road Karaikudi-912037,2023,2,7.64,D002
S0067,20240067,Riya,Baria,Female,2003-03-08,pushtichadha@example.com,6021003754,34/706 Loyal Circle Dewas 848874,2023,5,8.41,D003
S0068,20240068,Bhavika,Narasimhan,Female,2006-07-23,osani@example.net,3777910278,"173 Maharaj Zila, Shahjahanpur-156577",2022,5,6.81,D004
S0069,20240069,Fariq,Chadha,Male,2003-05-18,balvan20@example.com,2626124457,"H.No. 733, Chander Marg Warangal-155632",2023,4,8.77,D001
S0070,20240070,Ryan,Chahal,Female,2002-01-08,gbuch@example.com,15505547,"87/21 Yadav Nagar, Moradabad-232919",2022,6,8.32,D004
S0071,20240071,Janani,Pant,Female,2008-06-09,wraju@example.org,8131997540,"61/671 Barad, Ghaziabad-715065",2023,2,7.53,D004
S0072,20240072,Shaurya,Subramanian,Male,2007-12-25,pranavdhillon@example.org,5342245077,013 Palla Path Dehradun-570577,2022,4,6.18,D003
S0073,20240073,Mitesh,Ganesh,Male,2001-11-18,onveer20@example.org,9994140796,"670, Jain Morbi-492644",2024,6,8.11,D003
S0074,20240074,Zinal,Pandya,Male,2002-10-28,kchopra@example.net,497587626,H.No. 328 Oza Street Hubli–Dharwad-590377,2024,1,7.15,D005
S0075,20240075,Zilmil,Prabhu,Male,2003-01-07,bariavidhi@example.org,7344291785,52/21 Babu Zila Siwan 089494,2022,3,8.79,D001
S0076,20240076,Aadhya,Issac,Male,2004-10-31,yashawini68@example.net,1540954853,"17 Palla Circle, Chinsurah 026527",2023,3,9.34,D004
S0077,20240077,Ria,Jaggi,Male,2006-09-29,tsibal@example.net,5253395848,"H.No. 780, Nagarajan Road, Dharmavaram 019768",2024,5,6.78,D001
S0078,20240078,Faris,Oommen,Female,2002-11-12,hradhakrishnan@example.net,4371657305,"H.No. 26, Ben Zila Akola-927349",2024,4,8.45,D002
S0079,20240079,Ekalinga,Pant,Female,2003-02-10,kashvi88@example.net,51190967,13 Mody Road Guna 055835,2023,4,6.96,D003
S0080,20240080,Zinal,Biswas,Female,2006-06-05,pgill@example.com,2684064793,"50/291, Vaidya Nagar, Vadodara 141889",2023,5,8.01,D004
S0081,20240081,Dayamai,Natarajan,Female,2002-02-27,oacharya@example.net,4741095644,"39/398 Agrawal Street, Uluberia-457979",2022,6,6.75,D005
S0082,20240082,Onkar,Bir,Female,2004-03-10,pahal89@example.org,7538689558,"982, Sankar Road, Pune 442266",2024,4,8.71,D003
S0083,20240083,Nikita,Nair,Female,2004-05-25,chaudhurigeorge@example.org,5563189730,27/855 Ramachandran Street Dibrugarh 693178,2023,4,9.22,D002
S0084,20240084,Kai,Padmanabhan,Female,2002-12-20,sai80@example.net,2869586758,H.No. 02 Natt Path Lucknow-384867,2023,3,6.23,D004
S0085,20240085,Gopal,Krishnamurthy,Female,2004-01-10,ibadami@example.com,3748298989,"H.No. 979, Gokhale Path, Bilaspur-958385",2023,8,9.6,D002
S0086,20240086,Patrick,Jha,Female,2006-11-27,gvarughese@example.net,4358649109,"H.No. 220, Jayaraman Nagar, Ujjain 764921",2023,2,9.44,D003
S0087,20240087,Dayita,Bajaj,Female,2005-02-02,dayamaikhosla@example.com,6145418505,"60 Garg Chowk, Guntakal 952982",2023,3,7.81,D004
S0088,20240088,Yatin,Dhaliwal,Female,2007-04-25,xpandya@example.org,9893595632,"49 Chaudry Chowk, Faridabad 238270",2022,4,8.35,D004
S0089,20240089,Qarin,Puri,Male,2002-01-29,hpant@example.net,815937530,"27/22, Halder, Mysore-528244",2024,1,7.25,D003
S0090,20240090,Jairaj,Bajwa,Female,2007-10-13,yuvraj90@example.org,5653220179,"H.No. 72, Srivastava Path Latur 336838",2024,7,6.27,D004
S0091,20240091,Mugdha,Dave,Female,2007-06-06,farhan17@example.net,6930864588,"H.No. 05, Hari Zila Bijapur-583589",2022,8,6.09,D005
S0092,20240092,Kabir,Munshi,Male,2005-11-03,isoni@example.com,7421795636,"19/94, Master Chowk Kumbakonam-485056",2022,3,8.86,D004
S0093,20240093,Yashoda,Mangal,Female,2005-11-27,viswanathanekta@example.org,293911438,"H.No. 01, Sant Path, Sambalpur 182090",2024,6,9.6,D002
S0094,20240094,Tanveer,Buch,Female,2002-01-01,devika77@example.org,9723403056,H.No. 211 Shetty Path Bhilai 534390,2024,6,6.58,D004
S0095,20240095,Tanvi,Ranganathan,Male,2003-12-27,xnadig@example.org,2599760458,"H.No. 544, Kota Chowk Gulbarga-511652",2023,6,9.66,D005
S0096,20240096,Tanmayi,Brahmbhatt,Male,2007-11-19,dsandal@example.com,4954687367,914 Garg Marg Patiala 803571,2024,3,9.84,D002
S0097,20240097,Jagdish,Bhakta,Male,2006-05-04,isaacmutti@example.net,5146435804,"15, Kashyap Path Udaipur 591989",2024,3,8.98,D003
S0098,20240098,Edhitha,Hegde,Male,2002-06-27,parthgandhi@example.org,8553472389,"H.No. 13, Sodhi Circle, Dehradun 281131",2024,5,7.53,D001
S0099,20240099,Ansh,Raj,Male,2003-06-03,umanne@example.net,4824434413,99 Lad Zila Gandhinagar 060034,2022,7,8.97,D003
S0100,20240100,Ekavir,Thakur,Male,2004-08-11,usule@example.org,1058636506,"98, Dhaliwal Road, Miryalaguda 180808",2024,2,9.03,D003
S0101,20240101,Gauri,Kant,Female,2005-10-27,wuppal@example.com,8107057843,"H.No. 860, Bumb Satara 009429",2024,3,9.39,D005
S0102,20240102,Aadi,Balakrishnan,Male,2007-12-03,halderekta@example.net,747565280,"736, Mann Street Kurnool-024814",2024,6,8.8,D003
S0103,20240103,Arunima,Mahal,Male,2002-03-24,zoommen@example.net,8082717285,"H.No. 69, Mishra Road, Pondicherry-841245",2023,5,8.24,D001
S0104,20240104,Ekanta,Verma,Female,2008-04-19,dayitashankar@example.com,4190536191,"H.No. 375 Toor Path, Muzaffarnagar-592544",2022,2,7.37,D001
S0105,20240105,Yatan,Dixit,Male,2007-07-26,brijeshsarkar@example.com,8045684341,"H.No. 42 Kaur Zila, Allahabad-176299",2022,2,6.81,D002
S0106,20240106,Umang,Dugar,Female,2002-06-06,girik51@example.net,1229911051,"H.No. 497, Keer Street, North Dumdum-687312",2024,7,9.78,D002
S0107,20240107,Nathaniel,Talwar,Female,2004-10-12,aahuja@example.com,3669752759,"H.No. 048, Sathe Street, Ghaziabad-694016",2022,2,6.31,D004
S0108,20240108,Nicholas,Dhawan,Male,2002-09-12,pandyapavani@example.com,3792091848,"H.No. 54 Nori, Mira-Bhayandar-376332",2024,6,9.49,D003
S0109,20240109,Brinda,Bajwa,Female,2005-08-17,omishachoudhary@example.net,5765171715,H.No. 29 Munshi Zila Varanasi 476290,2023,3,6.89,D004
S0110,20240110,Benjamin,Loke,Male,2007-08-03,bhavikagola@example.net,8291708045,"89/83, Rajan Zila Giridih 324327",2024,4,8.82,D004
S0111,20240111,Garima,Ben,Female,2002-09-11,cgopal@example.net,8140878767,637 Padmanabhan Ganj Bhusawal-634264,2023,2,8.91,D004
S0112,20240112,Amol,Gole,Male,2003-01-05,parekhbhavya@example.net,6762053709,56/84 Kala Circle Rourkela 926383,2022,8,7.55,D002
S0113,20240113,Abhimanyu,Dave,Female,2005-10-07,urvashikrishnan@example.com,1179368954,"518, Bajaj Nagar Mango-164644",2022,4,8.55,D002
S0114,20240114,Chakradhar,Soni,Male,2002-09-25,dbansal@example.com,3403676077,42/329 Wable Nagar Ratlam-948201,2023,4,6.18,D003
S0115,20240115,Ayush,Sastry,Male,2001-09-01,lakshmithakkar@example.org,4580013027,"74/277, Madan Path, Junagadh 582743",2022,1,8.08,D002
S0116,20240116,Anay,Misra,Female,2006-01-26,jasondasgupta@example.com,2019683411,"469, Kar Street, Jaunpur 016860",2022,3,8.4,D003
S0117,20240117,Gauri,Malhotra,Male,2006-04-20,netrawadhwa@example.com,9941061366,"59/51 Setty Marg, Rewa-439195",2024,6,9.68,D001
S0118,20240118,Simon,Manda,Female,2004-01-21,radhikaramesh@example.net,2682059468,"H.No. 72 Tara Road, Anantapur-459877",2024,6,6.49,D002
S0119,20240119,Saumya,Bawa,Female,2007-10-26,achaudhari@example.com,4398236884,"00/94, Sant Street, New Delhi-862340",2022,4,6.11,D004
S0120,20240120,Harshil,Bobal,Female,2006-01-31,sarinchasmum@example.org,5896974226,"H.No. 14 Warrior Path, Suryapet 438901",2024,2,6.62,D003
S0121,20240121,Hemang,De,Female,2003-10-13,dsrinivas@example.net,1626484665,"H.No. 448, Bir Zila, Jalandhar 476921",2022,7,8.71,D005
S0122,20240122,Isaac,Hari,Male,2008-02-05,sastrydarpan@example.net,4626438836,"53/911, Sharma Street, Kadapa-583563",2023,4,7.48,D003
S0123,20240123,Vasana,Ratti,Female,2003-01-23,ckurian@example.net,6685801085,153 Basak Road Ahmednagar 114779,2022,6,7.73,D004
S0124,20240124,Fiyaz,Anand,Male,2004-07-19,aarini25@example.org,3102171854,803 Ramakrishnan Path Rohtak 526086,2022,5,7.36,D004
S0125,20240125,Zayyan,Balakrishnan,Female,2007-02-12,skaul@example.org,3846674874,"H.No. 92 Dora Nagar, Thoothukudi 943182",2023,4,7.79,D002
S0126,20240126,Devika,Suri,Male,2001-08-19,quincygara@example.org,1688368772,"H.No. 827, Dora Road, Shimla 274622",2024,3,7.57,D003
S0127,20240127,Odika,Pillay,Male,2002-02-07,wgade@example.net,8459792935,"17/970, Krishna Chowk, Adoni-049766",2024,8,9.54,D005
S0128,20240128,Yutika,Ben,Female,2001-08-25,annelohit@example.net,3234376514,H.No. 541 Krishnan Ganj Bhopal 173064,2024,8,6.93,D003
S0129,20240129,Rachana,Apte,Male,2005-06-15,biswasnimrat@example.com,4568767010,"H.No. 534 Raj Circle, Ozhukarai 541984",2022,6,8.03,D002
S0130,20240130,Vanya,Barad,Female,2006-09-30,pbobal@example.net,1098466322,"53 Reddy Street, Varanasi 200948",2022,5,8.76,D004
S0131,20240131,Arya,Ravi,Female,2002-12-19,vamakshi23@example.net,1525948102,"350, Mitter, Satara 068941",2022,4,8.65,D001
S0132,20240132,Falan,Brar,Female,2004-11-20,bhardwajvrishti@example.org,6501764175,66/99 Dixit Circle Durgapur-234463,2022,4,7.78,D002
S0133,20240133,Damini,Narayanan,Female,2004-07-02,yash21@example.com,5199806713,"28, Kala Path Singrauli 317398",2024,4,9.24,D001
S0134,20240134,Anusha,Chokshi,Male,2003-07-14,venkateshodika@example.com,3140931494,"558, Sekhon Marg, Narasaraopet-794976",2023,8,9.41,D001
S0135,20240135,Kabir,Pradhan,Female,2004-01-26,siya67@example.org,9624429094,"753, Korpal Zila, Chittoor-728326",2023,8,7.43,D004
S0136,20240136,Finn,Sarna,Male,2002-06-25,ayaankale@example.com,7301483952,"41/76, Wali, Meerut 856380",2024,3,7.84,D002
S0137,20240137,Harini,Kibe,Male,2004-09-08,sachdevanakul@example.net,9465375096,"26, Dani Chowk Siwan 194424",2024,6,8.01,D005
S0138,20240138,Arjun,Goyal,Male,2003-01-13,desaidaniel@example.net,2871128362,"365, Thaker Path Arrah-094406",2024,7,9.18,D004
S0139,20240139,Madhav,Venkatesh,Male,2003-09-03,rbir@example.org,3522421003,71/40 Kar Road Sikar 126802,2022,6,6.14,D003
S0140,20240140,Chakrika,Basu,Female,2002-01-31,frajagopalan@example.com,8236622615,"19 Kapoor Chowk, Morena-251994",2023,8,8.15,D003
S0141,20240141,Ganga,Devan,Male,2008-03-20,yadavishwar@example.net,7445192977,692 Narayanan Road Navi Mumbai 815275,2023,3,9.13,D001
S0142,20240142,Faras,Sidhu,Male,2002-10-28,ishanvimadan@example.net,1394234282,"47/699, Buch Circle, Baranagar 736214",2023,1,7.2,D005
S0143,20240143,Luke,Pant,Female,2003-07-19,waliradha@example.org,6738989265,"H.No. 487, Datta Chowk, Amroha 355005",2023,2,8.75,D001
S0144,20240144,Udant,Sarma,Female,2007-12-09,dhawandaksh@example.org,597865116,"02/60, Sachar Bettiah 917396",2023,7,8.02,D003
S0145,20240145,Maya,Rai,Male,2008-06-13,mandanathaniel@example.net,2571575729,"39/958, Gera Chowk Tenali 404592",2022,6,9.56,D001
S0146,20240146,Tanish,Goswami,Male,2007-03-19,jjayaraman@example.net,5385456618,413 Datta Zila Kollam-234998,2024,8,8.56,D002
S0147,20240147,Imaran,Bhalla,Male,2003-08-09,udant26@example.org,4982670887,"77, Tank Street Tadipatri 967066",2023,3,9.64,D002
S0148,20240148,Lajita,Venkataraman,Male,2005-06-05,dasguptavrinda@example.com,2005140642,753 Kala Nagar Jammu-299900,2024,8,6.37,D002
S0149,20240149,Hema,Shanker,Male,2005-06-07,hemaniborra@example.com,792266117,34 Choudhary Marg Nadiad-067820,2022,7,7.56,D002
S0150,20240150,Imaran,Kamdar,Male,2004-04-28,alad@example.com,781519083,"H.No. 975 Raju Street, Kozhikode 433064",2024,7,9.38,D001
S0151,20240151,Girindra,Sehgal,Female,2002-11-10,pushti91@example.org,3636854597,"930, Randhawa Chowk Rajpur Sonarpur-081614",2024,1,9.69,D003
S0152,20240152,Liam,Dubey,Male,2002-02-13,duttapranit@example.com,331292976,H.No. 953 Swaminathan Ganj Secunderabad 389615,2023,4,7.23,D005
S0153,20240153,Pushti,Chakrabarti,Male,2003-07-28,frado38@example.net,7715870298,"86/515, Master Marg, Aligarh 691994",2024,8,7.83,D001
S0154,20240154,Bimala,Lata,Male,2006-04-08,sheredhruv@example.com,3609133998,"48/87, Verma Path Ratlam 226184",2024,5,8.96,D001
S0155,20240155,Vasatika,Sabharwal,Male,2006-09-17,nayarbenjamin@example.org,5565329155,"H.No. 84, Keer Nagar Berhampur-538856",2022,2,9.26,D004
S0156,20240156,Viraj,Yogi,Female,2003-05-28,christopher70@example.net,8961090652,"75/482, Ganesh Nagar Durg 638553",2023,3,7.04,D004
S0157,20240157,Amaira,Deo,Female,2005-02-18,latayuvraj@example.org,2507182285,"H.No. 75, Hans Marg, Nellore-879137",2024,5,7.68,D002
S0158,20240158,Falan,Sangha,Female,2002-11-07,parth84@example.org,8968824438,H.No. 225 Shan Marg Tezpur 318069,2023,8,7.73,D003
S0159,20240159,Upadhriti,Thakkar,Male,2008-03-27,sainadig@example.net,5314793641,18/80 Ravel Zila Ahmedabad 266429,2024,7,9.43,D002
S0160,20240160,Abhiram,Chakraborty,Male,2005-12-25,bmemon@example.net,1786052712,"H.No. 582, Sarma Nagar Rourkela-277772",2023,7,8.88,D004
S0161,20240161,Garima,Atwal,Male,2003-10-17,psami@example.net,4265070826,"18 Ram Path, Siliguri-444494",2023,6,9.84,D005
S0162,20240162,Nicholas,Dara,Male,2007-05-15,alexanderrandhawa@example.com,3877366694,"72/457, Karpe Circle, Bahraich 946967",2024,5,7.31,D003
S0163,20240163,Lekha,Tata,Male,2006-11-17,modyarin@example.org,3513052892,"H.No. 62 Ganguly Path, Kalyan-Dombivli 652763",2022,3,8.23,D003
S0164,20240164,Aadhya,Nair,Female,2006-06-27,yashasvi47@example.net,9312788845,"12, Sengupta Nagar Farrukhabad 951101",2024,8,9.11,D005
S0165,20240165,Chatura,Malhotra,Female,2007-04-24,jeremiahthaman@example.net,4965918842,"H.No. 34, Singh Zila, Mangalore 356060",2023,8,8.26,D002
S0166,20240166,Ishita,Ramakrishnan,Female,2005-09-24,igill@example.com,7251801119,"H.No. 529, Pai Street Nellore 354517",2023,7,6.95,D003
S0167,20240167,Amrita,Chaudhry,Female,2007-05-30,raaginiramaswamy@example.org,1159644943,"783, Kaur Path Bhilwara-319474",2024,8,7.64,D002
S0168,20240168,Dayita,Date,Male,2002-02-03,gaggarwal@example.org,7767171959,"42/34 Sodhi Marg, Warangal 797067",2024,5,9.0,D003
S0169,20240169,Guneet,Nadig,Male,2003-11-02,yatandora@example.com,7463536147,"H.No. 470, Sule Nagar, Singrauli-572150",2022,3,6.45,D001
S0170,20240170,Guneet,Ratta,Male,2006-07-20,bhavaninagy@example.org,4344525211,"H.No. 461, Kaur Ganj Morbi-126247",2022,2,7.81,D005
S0171,20240171,Balhaar,Naidu,Male,2006-10-09,orinder52@example.com,1243813813,"47, Vaidya Path Karnal-149987",2024,8,6.4,D005
S0172,20240172,Ira,Tiwari,Female,2007-09-06,widisha74@example.net,1124467245,"736, Grewal Street Imphal 366141",2023,6,8.38,D003
S0173,20240173,Vaishnavi,Bahri,Female,2008-01-30,hmand@example.org,8042789794,"48 Mutti Chowk, Mau-837813",2023,7,7.86,D004
S0174,20240174,Radha,Dasgupta,Female,2004-09-09,lnanda@example.org,7808476668,"H.No. 89 Chandran Street, Kurnool 380935",2024,3,6.33,D002
S0175,20240175,Pushti,Purohit,Female,2005-05-26,akshay91@example.org,3188823455,"49/167 Warrior Nagar, Tirunelveli 401619",2024,3,9.8,D005
S0176,20240176,Chaitaly,Hari,Male,2007-02-01,waidapuri@example.com,1921717732,"H.No. 444 Chauhan Zila, Jodhpur 146849",2022,5,7.07,D005
S0177,20240177,Indira,Chadha,Female,2005-01-26,danielsawhney@example.net,1430142785,"27/62, Varty Street Karawal Nagar-521285",2024,1,6.13,D002
S0178,20240178,Keya,Yogi,Male,2003-07-18,santzehaan@example.net,4632050234,82/977 Sodhi Circle Gurgaon-691985,2022,5,8.01,D004
S0179,20240179,Guneet,Sankar,Male,2005-06-07,kalladayamai@example.net,4260091847,"68/387 Solanki Nagar, Nanded-910841",2022,6,6.58,D004
S0180,20240180,Charles,Dalal,Female,2005-02-28,deeprachit@example.com,5645277672,H.No. 03 Bahl Nagar Vasai-Virar-695842,2023,5,9.3,D004
S0181,20240181,Nilima,Chatterjee,Male,2003-12-21,wakeeta93@example.net,7051154356,"H.No. 29 Nagi Ganj, Maheshtala 810263",2023,5,6.32,D002
S0182,20240182,Tara,Yogi,Female,2002-01-19,kademohini@example.net,4642178039,"H.No. 585, Jayaraman Path Udaipur-637631",2023,4,8.65,D005
S0183,20240183,Leela,Rama,Female,2005-01-31,savantlibni@example.com,1758832158,"H.No. 308 Mander Zila, Ulhasnagar 195298",2024,4,9.08,D004
S0184,20240184,Waida,Sharma,Female,2008-05-18,karankaran@example.org,9560378099,"78/40 Sagar Zila, Mirzapur 595507",2024,6,7.19,D001
S0185,20240185,Yauvani,Ramanathan,Female,2002-08-16,parsaliam@example.com,703577175,"H.No. 469 Hora Street, Bettiah-507226",2022,7,7.08,D004
S0186,20240186,Onveer,Verma,Female,2008-04-27,evarghese@example.com,3159046260,H.No. 49 Raghavan Ganj Kulti 674251,2023,1,8.01,D002
S0187,20240187,Henry,Sengupta,Female,2004-04-02,ozafaras@example.net,9001708036,"H.No. 44, Chada Path, Kanpur 278060",2023,5,8.65,D003
S0188,20240188,Anay,Doctor,Male,2003-11-04,osankaran@example.org,9864651880,"94/56, Hari Zila, Siliguri-396704",2024,5,7.69,D004
S0189,20240189,Bachittar,Shankar,Female,2005-04-20,zaidnanda@example.net,3711435774,"H.No. 51, Borde Nagar Kolkata 515484",2023,8,8.88,D005
S0190,20240190,Ayush,Ahuja,Female,2001-09-09,chaitaly55@example.net,6764728421,"H.No. 911, Edwin Ganj Chandrapur 373561",2022,4,6.88,D004
S0191,20240191,Avi,Kunda,Female,2006-10-05,kapurjagvi@example.com,1613661772,65/124 Nayak Marg Davanagere 715012,2024,8,6.17,D005
S0192,20240192,Yash,Master,Female,2002-03-07,mangatpraneel@example.org,4790445071,"121, Issac Zila Mathura-558719",2022,2,9.23,D005
S0193,20240193,Chandran,Doshi,Female,2003-08-09,yuggoel@example.com,6330529060,"39 Maharaj Nagar, Bilaspur 720016",2024,3,6.5,D005
S0194,20240194,Naksh,Hayre,Female,2005-01-25,wrout@example.org,3157658185,"H.No. 31, Narayanan Marg Phusro-037654",2022,7,8.19,D005
S0195,20240195,Viraj,Gupta,Female,2004-07-12,krishnaissac@example.net,217124256,59 Mukherjee Marg Purnia-106574,2022,8,9.04,D005
S0196,20240196,Ishanvi,Bera,Female,2008-07-07,logankeer@example.net,141498344,"H.No. 878, Bhavsar Zila, Anand 914609",2023,1,6.9,D005
S0197,20240197,Benjamin,Pai,Male,2007-07-02,merchantkrishna@example.net,319449747,"204, Shere, Nizamabad 475938",2024,6,6.65,D005
S0198,20240198,Chaitanya,Krish,Female,2008-05-10,mittalaayush@example.net,4607266641,"H.No. 26 Dar Chowk, Mango-921943",2024,8,7.41,D005
S0199,20240199,Yashodhara,Mann,Female,2003-02-11,majumdarforum@example.org,158127028,14/225 Kalita Zila Dehri-615578,2022,4,7.05,D001
S0200,20240200,Bishakha,Sekhon,Male,2003-12-04,nidra01@example.com,9840145761,"19/86 Tella Ganj, Miryalaguda 913360",2024,3,9.73,D001
S0201,20240201,Amrita,Salvi,Female,2005-07-01,girishsandal@example.com,4482255329,H.No. 202 Anand Nagar Mangalore 475141,2022,1,8.67,D002
S0202,20240202,Aarnav,Madan,Male,2007-07-26,tanmayiganesh@example.net,6826230689,62/877 Karnik Marg Naihati-963968,2022,6,6.9,D002
S0203,20240203,Naveen,Hari,Female,2008-02-03,prisha50@example.org,121058968,"H.No. 53, Mall Marg Davanagere 967397",2022,5,8.75,D001
S0204,20240204,Atharv,Grover,Male,2002-11-04,vyasyatin@example.org,7827993567,H.No. 014 Chowdhury Circle Loni-669364,2023,1,7.14,D001
S0205,20240205,Orinder,Anne,Female,2006-01-19,dpalan@example.org,6207018419,"35, Venkatesh Chowk, Anantapuram-524146",2024,1,9.02,D004
S0206,20240206,Vasudha,Bhandari,Female,2003-08-14,yatin77@example.com,6915070902,57/71 Shukla Zila North Dumdum 280135,2023,5,7.51,D003
S0207,20240207,Raghav,Dua,Female,2005-12-31,wyatt07@example.org,7058229107,822 Nair Zila Sirsa 412322,2024,7,9.39,D005
S0208,20240208,Anthony,Raghavan,Female,2003-01-01,deoraksha@example.com,8234823354,"995, Rout Zila Tiruppur 632061",2024,4,9.61,D001
S0209,20240209,Abhiram,Raghavan,Female,2002-04-08,shanwahab@example.net,48709655,"H.No. 789, Bandi Nagar, Mirzapur-705748",2024,4,7.25,D001
S0210,20240210,Pratyush,Chokshi,Female,2004-03-16,girindra25@example.com,4709957253,578 Rege Zila Kamarhati-204177,2022,5,6.95,D005
S0211,20240211,Chaman,Kant,Male,2004-06-23,dasgaurav@example.org,6694363652,14/465 Randhawa Zila North Dumdum 845858,2022,7,7.07,D002
S0212,20240212,Aarini,Sane,Male,2003-10-14,ekale@example.net,9342561164,"43, Chowdhury Zila, Surat 670074",2022,4,7.9,D002
S0213,20240213,Kala,Bhatt,Female,2004-01-12,anaybhatti@example.org,6465626970,24/233 Ghosh Circle Asansol 439956,2023,6,9.36,D001
S0214,20240214,Amruta,Sami,Female,2007-09-16,pdhingra@example.net,1838636946,"74/23, Sanghvi Nagar, Katni 227609",2023,5,6.74,D005
S0215,20240215,Jai,Gill,Female,2002-08-10,pushtibhatnagar@example.com,2779939358,"H.No. 73 Vala Chowk, Meerut 238988",2023,8,7.92,D001
S0216,20240216,Baghyawati,Venkatesh,Male,2001-09-22,qsagar@example.com,9029537444,"97 Lala Marg, Etawah 134872",2024,4,7.86,D002
S0217,20240217,Ekbal,Deshmukh,Male,2002-07-07,kaimukhopadhyay@example.org,9540729171,"H.No. 40 Chhabra Marg, Giridih 761242",2023,7,8.55,D005
S0218,20240218,Vrinda,Raja,Female,2005-05-01,comarnitesh@example.org,276142815,"71 Tailor, Sikar-630043",2023,3,9.5,D001
S0219,20240219,Divya,Narayan,Male,2008-03-13,hsubramanian@example.com,3405832435,"84, Lata Chowk Kota-389674",2022,5,8.82,D004
S0220,20240220,Manya,Nagarajan,Male,2002-11-20,kuruvillakrishna@example.com,9245410048,"327 Cherian Nagar, South Dumdum 545883",2022,3,7.73,D004
S0221,20240221,Bhavani,Hayer,Male,2008-06-11,mchahal@example.org,6971151950,668 Murty Marg Karawal Nagar 289538,2023,7,9.38,D004
S0222,20240222,Anvi,Khanna,Male,2006-02-24,xlalla@example.net,8508114245,"49/228, Chaudhari, Jorhat-632561",2023,2,9.73,D005
S0223,20240223,Vansha,Sankaran,Female,2007-06-29,nathanielnaik@example.com,505018505,"10 Kara Marg, Panihati 175923",2023,7,8.65,D003
S0224,20240224,Ayushman,Barad,Male,2008-03-06,bhallalibni@example.net,7453648592,"72/530 Basak Marg, Ratlam 540634",2022,4,9.24,D002
S0225,20240225,Maanav,Mohanty,Female,2003-09-07,meerasur@example.net,848929434,"H.No. 704 Sharma Road, Bihar Sharif 214322",2023,3,8.36,D005
S0226,20240226,Tara,Narang,Female,2003-09-11,guneet22@example.com,6030402892,"120 Kalita, Kirari Suleman Nagar 429220",2024,3,7.31,D004
S0227,20240227,Samarth,Mukherjee,Male,2003-01-23,vansha38@example.net,3917190248,"H.No. 311 Borde Ganj, Panipat-013197",2023,5,9.85,D003
S0228,20240228,Yuvraj,Nath,Female,2004-01-11,chanakya58@example.net,9662482464,"H.No. 50 Jayaraman, Kozhikode-605305",2024,7,6.48,D001
S0229,20240229,Atharv,Sawhney,Male,2007-03-21,dubeyikbal@example.com,5684490019,H.No. 95 Shenoy Circle Bhagalpur-629114,2023,7,9.61,D003
S0230,20240230,Nathaniel,Patla,Male,2004-11-10,manthan18@example.net,7103535568,"04/906 Lala Marg, Raurkela Industrial Township-587960",2023,3,7.1,D003
S0231,20240231,Dominic,Gandhi,Male,2006-05-04,wakeeta37@example.org,3466310174,79 Chadha Marg Bhilai-420192,2023,4,6.63,D004
S0232,20240232,Vanya,Prashad,Female,2007-09-14,jeevikaoak@example.com,8639708518,"511 Bose Ganj, Bettiah-916513",2024,4,8.27,D001
S0233,20240233,Turvi,Khare,Male,2002-02-04,gopal53@example.com,303196322,"10, Panchal Chowk, Firozabad-715581",2023,6,8.25,D001
S0234,20240234,Jalsa,Wason,Female,2004-01-11,anusha41@example.org,1906255237,"H.No. 82, Saini Nagar Sonipat 516303",2024,6,8.19,D004
S0235,20240235,Mohammed,Khare,Male,2001-08-15,fdesai@example.org,5973311380,"H.No. 098, Sunder Marg Varanasi 549416",2022,8,7.39,D003
S0236,20240236,Edhitha,Murthy,Female,2008-07-13,devansh32@example.net,178610071,"H.No. 33, Kant Path, Hyderabad-181333",2022,6,7.63,D005
S0237,20240237,George,Dayal,Male,2004-10-02,saxenarayaan@example.net,5732261823,"H.No. 341, Dalal Ganj, Asansol 995703",2024,2,9.03,D003
S0238,20240238,Ridhi,Nagar,Male,2002-04-23,nachiket30@example.org,3379400092,H.No. 518 Panchal Marg Vasai-Virar-261439,2023,4,7.45,D002
S0239,20240239,Ojasvi,Raja,Male,2006-12-23,wmann@example.net,6416978130,"H.No. 029, Goda Zila Miryalaguda 283789",2022,5,9.29,D004
S0240,20240240,Aayush,Kalita,Female,2002-02-24,tristanpanchal@example.net,6840044673,"122, Dhar Chowk, Bhimavaram 130307",2024,1,9.85,D001
S0241,20240241,Megha,Manne,Male,2006-07-06,bajajyahvi@example.com,6666577700,"H.No. 031, Ram, Silchar-869988",2024,3,8.35,D005
S0242,20240242,Gaurangi,Raja,Female,2003-06-10,vbhardwaj@example.net,8772595873,"H.No. 91 Kunda Path, Raichur-054605",2024,8,9.28,D002
S0243,20240243,Nirja,Bahri,Female,2004-12-25,guhazansi@example.com,5458004050,"76, Gupta Street Mehsana 741891",2022,3,8.54,D002
S0244,20240244,Nidra,Grewal,Male,2004-08-23,urvi62@example.net,6132613861,"10/300, Narang Circle Gandhinagar-187336",2024,5,7.26,D005
S0245,20240245,Qadim,Krishna,Female,2007-09-07,qkaran@example.com,8451349355,779 Hayre Ganj Silchar 769427,2022,8,8.83,D005
S0246,20240246,Yatin,Dey,Female,2001-07-23,sarthak17@example.org,5162174137,"80/723 Wagle Zila, Nandyal 563951",2022,1,6.91,D004
S0247,20240247,Gayathri,Kakar,Male,2007-10-02,qushisrivastava@example.com,7118850348,"96 Peri Marg, Ulhasnagar-017589",2024,3,7.59,D002
S0248,20240248,Hemal,Deo,Male,2004-09-26,rachana82@example.org,7006934720,"210, Dani Ganj, Dindigul-313497",2024,1,8.47,D002
S0249,20240249,Nimrat,Varty,Male,2007-01-02,dugaryashoda@example.net,6583318098,"38/80 Vaidya, Durgapur 032671",2022,7,8.05,D003
S0250,20240250,Mason,Gala,Male,2005-04-02,srivastavaorinder@example.net,7225210883,"H.No. 47, Divan Nagar, North Dumdum 169138",2022,6,6.32,D004
S0251,20240251,Vaishnavi,Handa,Male,2006-03-04,mitesh36@example.net,346448738,"H.No. 82 Sastry Street, Rewa-962053",2022,2,7.8,D004
S0252,20240252,Anmol,Kadakia,Male,2005-08-04,vidhi53@example.org,9847395186,"03, Jaggi Chowk Chandrapur 391212",2022,3,6.64,D003
S0253,20240253,Harita,Ram,Female,2005-07-13,bakhshiapte@example.com,9751100858,"69/98, Nagarajan Zila, Nanded-623321",2023,4,9.46,D005
S0254,20240254,Amol,Ahluwalia,Female,2006-01-14,znanda@example.com,2250989074,"H.No. 59, Varughese Road Imphal-175678",2022,2,8.87,D001
S0255,20240255,Timothy,Guha,Male,2005-03-05,manbirbhalla@example.net,72900114,"85/37, Gour Srikakulam 443473",2024,8,9.76,D003
S0256,20240256,Isaiah,Gole,Male,2007-04-09,chandani25@example.com,7521102203,"H.No. 56 Tata Circle, Jalna-140246",2024,8,8.69,D003
S0257,20240257,Lila,Kuruvilla,Male,2007-02-24,sathviktrivedi@example.org,5550995431,"H.No. 80 Butala Zila, Silchar 029326",2024,8,8.06,D005
S0258,20240258,Unni,Sarin,Female,2005-05-12,yatan21@example.net,373636341,"H.No. 764, Sama Ganj, Agra 833459",2023,7,9.05,D003
S0259,20240259,Maanav,Mani,Male,2008-02-23,george88@example.com,1712698633,"H.No. 19, Nori Road, Rajpur Sonarpur 378190",2023,4,9.02,D001
S0260,20240260,Ryan,Jaggi,Female,2001-09-05,hansutkarsh@example.com,890926433,045 Choudhary Chowk Khora  759587,2023,3,9.68,D004
S0261,20240261,Yochana,Sane,Female,2005-07-24,hemanidyal@example.org,5068928967,H.No. 721 Raja Ganj Gurgaon 634289,2023,2,9.71,D004
S0262,20240262,Kalpit,Trivedi,Female,2006-10-10,dhaliwaljalsa@example.com,6343646750,"59/057 Buch Circle, Chennai 982560",2024,6,8.92,D003
S0263,20240263,Oviya,Dhar,Female,2003-12-24,ayushmanrandhawa@example.org,365485659,"499 Wable Zila, Narasaraopet-455243",2023,4,7.63,D002
S0264,20240264,Ekani,Dayal,Male,2008-03-06,ucherian@example.org,806834184,"42/42, Kant Ganj Bhavnagar 635519",2024,5,8.74,D002
S0265,20240265,Adya,Mahajan,Female,2003-05-31,devvirk@example.net,1993397053,"H.No. 28 Bhatt Nagar, Aurangabad-396448",2023,2,9.37,D005
S0266,20240266,Balendra,Datta,Male,2005-07-14,ubika56@example.net,5637579557,"25/18 Bala Path, Kollam-009297",2024,1,6.9,D005
S0267,20240267,Thomas,Srinivas,Female,2005-09-17,logan47@example.org,7992203623,"H.No. 336, Goel Circle, Tirupati-873728",2024,2,9.81,D004
S0268,20240268,Faraj,Ravel,Female,2002-02-10,anthony76@example.net,1210467090,"85/212, Buch Marg Ongole 850454",2022,7,9.15,D001
S0269,20240269,Darpan,Dalal,Female,2005-11-07,nathan20@example.com,5801610656,"85/39 Minhas Zila, Katihar 524354",2022,4,8.05,D001
S0270,20240270,Vidhi,Char,Male,2003-10-02,mpandey@example.org,1498435754,"28/023, Sarkar Zila, Agartala-984089",2023,3,9.57,D002
S0271,20240271,Lipika,D’Alia,Male,2006-01-14,amarakadakia@example.org,996871837,71/695 Ray Street Katni-657298,2024,5,8.38,D004
S0272,20240272,Neha,Bhalla,Female,2004-12-15,rdora@example.org,154191680,"81/947 Lal Marg, Satara 412016",2022,8,8.97,D003
S0273,20240273,Waida,Mangal,Male,2005-12-14,irya04@example.org,6501349542,"780 Sachdeva Path, Vadodara-541360",2023,6,6.21,D005
S0274,20240274,Ekaraj,Puri,Female,2002-11-24,wsoman@example.net,705192444,"82/47 Walia Path, Rohtak-794171",2022,6,7.78,D003
S0275,20240275,Gavin,Dutta,Male,2003-10-02,priya53@example.com,4171466554,"05/68, Ganguly Chowk, Jalgaon-838625",2024,4,6.88,D001
S0276,20240276,Vrinda,Handa,Female,2004-01-06,tankekansh@example.com,7370085702,"04, Walla Street Kamarhati 804878",2022,6,8.2,D002
S0277,20240277,Yashoda,Amble,Female,2001-10-16,dramachandran@example.net,467917350,"282, Sani Muzaffarnagar-275909",2023,5,7.69,D005
S0278,20240278,Advika,Kade,Male,2003-03-21,vbalay@example.com,2249615252,21/897 Kashyap Path Panchkula 971346,2023,1,8.54,D005
S0279,20240279,Indira,Pradhan,Female,2001-08-04,yuvraj99@example.net,9257393161,"63/657, Taneja Ganj, Jalgaon-810698",2023,8,8.27,D005
S0280,20240280,Zilmil,Agrawal,Female,2002-02-23,miteshdeol@example.org,9248583943,"782 Sanghvi Street, Udaipur-861322",2024,7,7.39,D001
S0281,20240281,Charan,Kant,Male,2003-07-25,victor93@example.net,8601726278,"598, Upadhyay Circle Miryalaguda-091227",2022,2,9.06,D003
S0282,20240282,Vivaan,Sem,Male,2002-10-30,loganpalla@example.com,8317831059,30 Sathe Nagar Hajipur-268255,2023,1,9.06,D005
S0283,20240283,Pallavi,Bandi,Male,2006-06-19,zbora@example.com,8886907945,"20/217, Nori Path Firozabad 829419",2023,8,8.2,D004
S0284,20240284,Onveer,Dhawan,Female,2006-04-21,comarqasim@example.com,4152118076,H.No. 23 Bir Path Bhiwani 548050,2022,2,6.68,D003
S0285,20240285,Aachal,Devi,Female,2007-04-17,bborah@example.org,1493551441,"075, Barad Nagar, Patna 464123",2023,1,6.83,D005
S0286,20240286,Odika,Menon,Female,2001-11-20,dorarajata@example.com,7593143536,"524, Arora Marg Bhilai 820926",2023,2,6.06,D001
S0287,20240287,Rushil,Samra,Male,2003-05-19,dsavant@example.org,8687766567,43/717 Narasimhan Path Dehradun 514742,2023,3,9.03,D004
S0288,20240288,Jonathan,Bhatt,Female,2002-09-09,miteshparmar@example.com,6799572541,H.No. 369 Rau Circle Mango 127004,2022,6,6.87,D002
S0289,20240289,Brijesh,Bose,Female,2006-03-17,nikita69@example.org,5736507174,"H.No. 25, Ranganathan Chowk Jamalpur 306673",2023,2,7.55,D002
S0290,20240290,Urishilla,Chanda,Male,2002-06-14,dhillonronith@example.org,5837352333,"79/72 Seth Street, Chennai 352561",2022,8,6.25,D003
S0291,20240291,George,Dhar,Female,2004-07-10,warhihayre@example.org,9397967488,48 Prabhu Zila Firozabad 507596,2024,7,9.9,D003
S0292,20240292,Odika,Tiwari,Female,2005-04-23,chawlaumang@example.org,7345864513,"441 Dalal Street, Barasat 975363",2024,4,9.29,D005
S0293,20240293,Qabil,Parmer,Male,2003-05-11,umang96@example.org,6782059244,"43/20 Johal Marg, Hospet-066804",2023,6,7.83,D001
S0294,20240294,Reva,Sen,Female,2007-11-08,lakshitchakrabarti@example.net,3683711296,"329, Singhal Zila Vasai-Virar-634002",2024,2,9.71,D002
S0295,20240295,Amol,Suresh,Male,2005-03-23,abhimanyu46@example.net,7496767293,"H.No. 864, Walla Street, Deoghar 452923",2023,6,9.54,D005
S0296,20240296,Yochana,Kant,Male,2005-03-10,danielmitra@example.org,8099038325,"H.No. 576, Arora Path Aurangabad 380302",2024,4,7.44,D003
S0297,20240297,Lila,Nori,Male,2004-09-26,aryayashoda@example.org,6290801854,H.No. 070 Pathak Path Udupi-320757,2023,3,6.64,D005
S0298,20240298,Kamya,Radhakrishnan,Female,2005-01-19,qkarnik@example.org,2354744197,"H.No. 69, Baral Path, Belgaum 628894",2023,6,7.7,D004
S0299,20240299,Jonathan,Kala,Male,2001-10-29,neelimavenkataraman@example.org,8940049239,791 Muni Circle Jalna-776583,2023,5,8.12,D004
S0300,20240300,Anthony,Mukhopadhyay,Female,2003-10-24,chaman24@example.org,6671620257,"06/634 Basu Path, Tumkur 913039",2024,2,7.68,D001
S0301,20240301,Michael,Bhardwaj,Male,2001-10-11,contractoryashoda@example.net,1278556474,"98/161 Dixit Marg, Durg-963915",2023,4,6.05,D005
S0302,20240302,Samuel,Sibal,Female,2004-06-15,bbassi@example.net,4248405383,"H.No. 95, Walla Marg, Kishanganj-576692",2024,3,8.43,D001
S0303,20240303,Chandresh,Nagy,Female,2007-04-09,ira80@example.net,8599606605,"38/00, Kade Path Shivpuri 955729",2023,5,6.64,D003
S0304,20240304,Aishani,Chacko,Female,2005-12-12,nachiket33@example.org,2631057392,H.No. 271 Saraf Path Ongole 175882,2022,4,9.4,D003
S0305,20240305,Janani,Bhardwaj,Female,2001-08-23,haldercaleb@example.com,1992628905,"28/93, Wadhwa Zila Moradabad 196625",2022,1,8.07,D001
S0306,20240306,Tanay,Das,Female,2001-09-13,divya33@example.com,8242614213,"H.No. 12, Lad Ganj Berhampur-895678",2024,8,8.69,D002
S0307,20240307,Daksha,Ganesh,Female,2001-07-19,thakkarmeghana@example.net,275586345,"38/185, Chahal Ganj Saharanpur 191794",2022,2,7.52,D005
S0308,20240308,Jack,Bhalla,Male,2004-03-11,samarth84@example.net,5449621105,"248, Chander Karawal Nagar-022053",2024,1,6.86,D005
S0309,20240309,Nidhi,Bhavsar,Female,2003-07-06,rshankar@example.net,4146253990,"H.No. 26 Pau Path, Nagpur 141006",2023,4,8.57,D004
S0310,20240310,Eiravati,Sarna,Male,2002-03-16,lekha71@example.org,8621996008,"12/447, More Ganj, Vadodara-202708",2023,6,8.22,D005
S0311,20240311,Eiravati,Chakraborty,Female,2004-03-24,vamakshilall@example.net,5023263891,"H.No. 851, Grover Street, Silchar-885635",2023,4,7.91,D002
S0312,20240312,Chandani,Sami,Male,2008-03-01,zsalvi@example.org,4471913427,"26/33, Mittal Circle Solapur 226264",2024,3,7.06,D004
S0313,20240313,Manya,Karpe,Female,2007-07-27,jhalak75@example.net,7181588208,33/974 Sridhar Circle Delhi 001732,2022,5,7.6,D003
S0314,20240314,Faqid,Sur,Female,2005-06-30,goleshivani@example.net,9172701097,"42/75 Dalal Zila, Saharanpur 331419",2022,1,9.02,D005
S0315,20240315,Urvi,Doshi,Male,2006-04-02,tanay55@example.com,4219464177,637 Ranganathan Chowk Bhavnagar-707175,2024,7,6.28,D002
S0316,20240316,Onkar,Kari,Male,2006-02-08,ektajha@example.net,1783384386,H.No. 53 Chhabra Bathinda-900993,2022,8,9.08,D003
S0317,20240317,Chavvi,Pandya,Female,2004-03-27,jgoyal@example.net,9676066542,"92/87, Keer Street, Narasaraopet-594265",2024,4,7.03,D002
S0318,20240318,Nimrat,Badal,Female,2003-03-07,edwinwakeeta@example.org,9494121973,"61/86 Chanda Circle, Guntur 145283",2022,6,6.62,D005
S0319,20240319,Aadi,Suresh,Female,2007-02-07,iraj@example.net,5182336255,726 Batra Road Nashik 364045,2022,4,9.74,D003
S0320,20240320,Pooja,Sibal,Male,2002-12-21,siya68@example.com,6615950705,"42/908, Chanda Road Bihar Sharif 489682",2024,2,8.3,D003
S0321,20240321,Zaid,Deol,Male,2007-06-09,aadi75@example.net,8432895358,"H.No. 22 Ghose Circle, Barasat 421011",2024,5,8.88,D004
S0322,20240322,Bimala,Brar,Female,2007-08-07,ojasvisetty@example.org,3121311534,"585 Issac Road, Mehsana-053980",2022,2,7.76,D002
S0323,20240323,Yashoda,Balan,Female,2003-09-13,jagratimall@example.org,6758382860,93/88 Mahal Street Hazaribagh-707878,2022,4,9.71,D005
S0324,20240324,Benjamin,Pillay,Male,2008-05-29,manyasawhney@example.net,7643741587,"H.No. 76 Garde, Nagpur-038713",2022,4,6.43,D003
S0325,20240325,Girindra,Yohannan,Male,2006-11-06,dsunder@example.net,9401464540,"94/734, Pal Tadipatri 635860",2023,8,7.25,D001
S0326,20240326,William,Rajan,Female,2004-05-13,qmanda@example.org,4246321690,"H.No. 75, Bhakta Ganj, Karaikudi 186046",2024,3,6.91,D004
S0327,20240327,Tanveer,Kunda,Male,2003-02-28,gaurangi88@example.com,8878128727,"41/918, Mannan Marg, Satna 575646",2023,4,6.05,D005
S0328,20240328,Ansh,Sampath,Female,2007-08-11,kashvikhatri@example.com,113524484,"20/08 Yadav Path, Vijayanagaram 974533",2023,7,6.29,D003
S0329,20240329,Warhi,Kapur,Female,2007-05-20,waidaprashad@example.org,347599901,H.No. 33 Tella Vijayanagaram 054290,2022,4,7.43,D003
S0330,20240330,Henry,Kar,Female,2001-08-10,udarshmagar@example.com,3547571061,"H.No. 70, Minhas Circle Tirupati-103659",2022,8,7.02,D003
S0331,20240331,Amruta,Chand,Male,2005-08-28,samesh21@example.com,7996602280,"64/88 Patel Zila, Bhavnagar 753016",2023,6,9.96,D002
S0332,20240332,Dhriti,Choudhry,Male,2005-09-23,vdave@example.net,2730977657,"10/127, Wason Jehanabad-798577",2022,2,8.22,D003
S0333,20240333,Yutika,Loke,Female,2001-11-10,bhattacharyyaoeshi@example.org,7715393918,"25, Srinivasan Street, Chennai-467489",2022,5,6.26,D005
S0334,20240334,Fitan,Chand,Male,2001-12-29,patildominic@example.net,9192106838,"008 Nayak Ganj, Aurangabad 324102",2023,6,6.67,D004
S0335,20240335,Nikita,Sharma,Female,2003-04-29,obedi@example.org,5301770834,H.No. 88 Pall Vellore-503615,2023,6,9.8,D005
S0336,20240336,Mason,Thaker,Male,2003-08-04,mandgavin@example.net,4320576523,09/89 Madan Path Ludhiana-955978,2023,1,9.77,D004
S0337,20240337,Ikshita,Dhawan,Male,2005-12-13,sneha34@example.net,7519034852,"57/50, More Ganj Rourkela 224480",2023,1,9.01,D003
S0338,20240338,Dalaja,Pathak,Male,2002-10-16,gokhaleaayush@example.com,1435095927,"66/83 Comar Chowk, Bilaspur 401551",2024,7,8.51,D003
S0339,20240339,Urvi,Nori,Male,2003-01-15,bimala83@example.com,3755520985,"21/90 Keer Chowk, Gurgaon-694709",2023,5,7.33,D004
S0340,20240340,Lopa,Halder,Male,2007-07-16,badalubika@example.org,6895098237,"826, Golla Path Chapra-349801",2022,6,8.48,D002
S0341,20240341,Watika,Purohit,Male,2006-11-11,behlyahvi@example.com,2643641254,637 Manne Bhalswa Jahangir Pur-510633,2024,7,8.74,D004
S0342,20240342,Dayamai,Seshadri,Male,2008-01-18,tiwarigabriel@example.org,2880297833,"H.No. 67 Dyal Chowk, Raebareli 425582",2022,6,6.58,D001
S0343,20240343,Jeremiah,Nayar,Male,2001-10-02,sinhaavni@example.com,3981387761,"97/49 Virk Ganj, Alappuzha 544461",2024,1,8.72,D004
S0344,20240344,Gayathri,Nadkarni,Female,2004-01-11,fbutala@example.net,7006674750,"H.No. 01, Chaudhary Ganj, Kakinada-636501",2024,6,7.29,D002
S0345,20240345,Niharika,Mahal,Female,2008-07-14,ranveergolla@example.org,8750562359,"745, Goyal Path Vijayawada-716018",2023,8,6.48,D004
S0346,20240346,Aryan,Chauhan,Male,2007-11-08,yashvisengupta@example.net,6128381661,"426 Mall Marg, Jalgaon-677087",2023,3,6.5,D001
S0347,20240347,Darika,Bumb,Female,2005-12-08,rmandal@example.org,2668753041,"H.No. 91 Borde Chowk, Raipur-951172",2022,6,6.42,D003
S0348,20240348,Krish,Srinivas,Male,2007-06-09,jdivan@example.com,1815057714,"19, Pandey Circle Pudukkottai-740866",2024,4,6.3,D001
S0349,20240349,Yashvi,Bhattacharyya,Male,2007-12-21,gargomaja@example.org,3267341351,"H.No. 04, Sharaf Circle, Amritsar 534419",2023,4,9.18,D004
S0350,20240350,Max,Doshi,Male,2002-03-14,trout@example.com,8341656158,"H.No. 640 Sridhar Path, Jamalpur 911452",2022,2,7.86,D003
S0351,20240351,Sai,Pau,Female,2004-12-18,naveen49@example.com,982423041,"H.No. 086, Randhawa Nagar, Vasai-Virar 410505",2022,2,9.1,D003
S0352,20240352,Kashvi,Kata,Female,2006-03-13,chavvi85@example.net,4879229642,"73/194, Dugar Ganj Kavali 333948",2023,2,7.9,D003
S0353,20240353,Yachana,Sharaf,Male,2001-11-23,harish96@example.com,4455779626,"75/31 Bhat Nagar, Aurangabad-914080",2024,4,9.35,D003
S0354,20240354,Raagini,Magar,Male,2003-09-14,shethisha@example.com,1188242439,84/995 Swamy Marg Rajahmundry-125910,2024,2,6.25,D003
S0355,20240355,Varsha,Mane,Male,2007-09-29,ridhi03@example.com,3164768410,"H.No. 599 Mahajan Path, Mehsana-978630",2023,4,7.69,D005
S0356,20240356,Joshua,Khanna,Female,2004-02-02,vgopal@example.org,4411377237,"909, Chauhan Street, Kanpur-503917",2024,6,6.36,D002
S0357,20240357,Jalsa,Jani,Female,2001-08-23,omkaartella@example.org,7002000577,"99/099, Solanki Street, Anand-147756",2022,8,7.4,D005
S0358,20240358,Dalbir,Barad,Male,2003-06-14,faraj61@example.net,6688426259,"72, Sehgal, Sagar-053552",2022,2,9.25,D001
S0359,20240359,Maanas,Mangat,Male,2006-02-02,sethiethan@example.net,7579021787,"67, Deep Ganj Tinsukia 803020",2022,7,9.57,D004
S0360,20240360,Damyanti,Joshi,Male,2007-03-29,chaaya89@example.net,1625279499,"87, Chacko Chowk, Ambattur-057654",2024,7,8.81,D003
S0361,20240361,Bhavna,Borra,Female,2006-01-15,mahika31@example.net,5848468407,"50/01, Batra Circle Pallavaram-667344",2022,8,6.22,D004
S0362,20240362,Dhruv,Char,Male,2004-06-09,vsinghal@example.org,1704771202,35/76 Salvi Ganj Aurangabad 798845,2024,7,8.19,D002
S0363,20240363,Mason,Karan,Female,2005-08-01,rachitarya@example.org,2996596522,"91/474 Khatri Ganj, Phagwara-134386",2023,3,7.66,D003
S0364,20240364,Saumya,Choudhry,Male,2005-08-20,chackojonathan@example.com,9675498459,"H.No. 27, Atwal Tezpur-008942",2024,6,9.35,D001
S0365,20240365,Bhavna,Loke,Male,2006-05-19,yutika47@example.org,8715630031,96/286 Raman Circle Nangloi Jat 866258,2024,6,6.87,D004
S0366,20240366,Ojas,Kamdar,Female,2004-05-28,voraanvi@example.org,1254836551,"H.No. 003 Sharma Street, Loni 571314",2023,2,9.41,D002
S0367,20240367,Gautam,Sharaf,Male,2002-03-22,ekanta76@example.com,1403599090,57/21 Dara Chowk Karaikudi 507988,2022,3,9.43,D005
S0368,20240368,Upadhriti,Gala,Female,2004-03-19,vasatikanarang@example.com,6597646893,"80, Varma Zila Madanapalle-942094",2023,1,9.41,D001
S0369,20240369,Triya,Bains,Female,2004-09-27,diyachokshi@example.com,9546836292,H.No. 30 Batra Path Jorhat 711798,2022,6,9.38,D005
S0370,20240370,Ishani,Kale,Male,2006-06-03,omisha50@example.net,4124299966,"881, Zachariah, Bhubaneswar 891377",2024,1,8.72,D001
S0371,20240371,Zayyan,Sehgal,Male,2007-11-21,bsama@example.net,374881628,"H.No. 423 Sengupta Nagar, Thanjavur-937896",2022,2,8.6,D004
S0372,20240372,Omaja,Lanka,Male,2003-07-27,diptawali@example.com,5049072629,"H.No. 41 Shan Road, Jorhat 995076",2022,8,7.76,D002
S0373,20240373,Baghyawati,Chatterjee,Male,2005-04-19,benjamin29@example.net,5912555619,"188, Vala Nagar Vijayanagaram-855816",2024,3,7.96,D005
S0374,20240374,Adweta,Nagy,Male,2002-05-31,darshkadakia@example.com,7405768938,"89/337 Anand, Dewas-519607",2022,3,6.85,D001
S0375,20240375,Bina,Johal,Female,2007-12-02,nhayre@example.org,3826671936,"H.No. 55, Chaudhary Ganj, Thane 543326",2024,6,8.44,D004
S0376,20240376,Dakshesh,Halder,Female,2002-09-22,sekhonneel@example.org,4709994609,"440, Srinivasan Nagar, Amritsar 430979",2023,4,6.3,D004
S0377,20240377,Jagrati,Dhillon,Male,2002-12-25,falan87@example.com,7691241240,"H.No. 465 Shan, Ambattur 915502",2023,8,8.96,D005
S0378,20240378,Robert,Dar,Male,2001-08-22,hdeshpande@example.org,8792007979,"H.No. 787 Basak Marg, Berhampore-723147",2024,6,7.37,D004
S0379,20240379,Aayush,Kant,Female,2002-09-15,ayushmanmani@example.org,464342207,"H.No. 146, Hari Path, Salem 615981",2023,6,8.77,D002
S0380,20240380,Abdul,Issac,Female,2007-11-13,qthaman@example.org,7332183115,"40/87, Dara Nagar Karnal 612314",2024,4,8.48,D001
S0381,20240381,Ridhi,Arora,Male,2005-10-19,dominicdevan@example.net,5003006212,H.No. 855 Merchant Nagar Bharatpur 382907,2024,2,6.77,D002
S0382,20240382,Wridesh,Bal,Male,2005-02-17,pushti31@example.org,299049833,"H.No. 224, Nagarajan Circle Moradabad 085234",2022,2,6.85,D001
S0383,20240383,Liam,Om,Male,2006-09-15,ojasvitrivedi@example.org,8917745403,H.No. 92 Pal Nagar Tadipatri-242731,2022,6,6.17,D002
S0384,20240384,Anita,Rana,Male,2002-11-29,joshuahari@example.net,2730604624,"94/963, Ram Road Jaipur-034279",2023,3,7.83,D003
S0385,20240385,Pratyush,Ghosh,Female,2003-07-26,harsh86@example.net,7984555638,"97/14, Rattan Gurgaon 474979",2022,2,9.64,D003
S0386,20240386,Aditya,Dugar,Male,2006-12-24,viraj79@example.net,3924433652,"H.No. 04, Cherian Marg Guntakal 899551",2023,8,7.85,D005
S0387,20240387,Vrishti,Deo,Male,2006-03-25,xtiwari@example.org,6413091599,"78 Shan Ganj, Buxar 852297",2022,4,6.41,D002
S0388,20240388,Falan,Cheema,Female,2005-04-17,mayanayar@example.net,8371855344,"12/04, Bhatnagar Road, Belgaum 608955",2022,4,7.56,D004
S0389,20240389,Nihal,Toor,Male,2001-12-08,grewalnathaniel@example.net,9783014201,70/069 Date Nagar Mehsana-987616,2024,7,7.05,D003
S0390,20240390,Abhimanyu,Chadha,Male,2008-01-08,nrai@example.net,5092474938,"48/099 Ganesan, Tadepalligudem 901712",2024,8,7.28,D002
S0391,20240391,Samarth,Rege,Male,2006-06-15,aarav42@example.org,8512053155,"20/964, Prakash Zila Nellore-794659",2024,6,6.01,D004
S0392,20240392,Varsha,Acharya,Male,2006-02-27,devika34@example.org,862461796,H.No. 269 Kothari Chowk Raurkela Industrial Township-068232,2023,3,8.0,D003
S0393,20240393,Edhitha,Parsa,Female,2007-03-21,ekiya27@example.com,7144105272,H.No. 217 Chauhan Zila Udupi-493128,2022,7,7.15,D005
S0394,20240394,Charita,Bains,Female,2005-10-24,sarnaqabil@example.org,1002358308,"H.No. 512, Narasimhan, Imphal 908782",2024,1,9.73,D001
S0395,20240395,Nidra,Patla,Male,2005-08-07,idika30@example.com,2554109360,590 Chaudhary Gopalpur 571988,2023,6,8.3,D005
S0396,20240396,Vamakshi,Keer,Male,2006-11-12,aringrover@example.org,1783570694,"H.No. 51 Chana Circle, Durgapur-949491",2024,5,7.23,D003
S0397,20240397,Vritti,Mahal,Male,2004-02-06,satheaashi@example.net,3637256331,"70/091, Wable Street Ramagundam-513192",2024,4,9.68,D001
S0398,20240398,Dalaja,Chhabra,Female,2003-11-03,magardalaja@example.org,9507327669,37 Bumb Street Bihar Sharif-898774,2023,2,8.68,D003
S0399,20240399,Jalsa,Mallick,Male,2001-09-11,lohitshenoy@example.net,3208128500,"H.No. 82 Pillay Marg, Cuttack-325142",2022,8,6.22,D004
S0400,20240400,Balhaar,Sarraf,Female,2003-04-18,rayaanchaudhari@example.org,8480569642,"22, Kurian Path, Begusarai-062980",2024,7,8.95,D004
S0401,20240401,Tanvi,Mital,Male,2005-10-19,munshiwishi@example.com,3557225834,"H.No. 723 Krishnamurthy Nagar, Panihati-559549",2024,8,9.07,D004
S0402,20240402,Udarsh,Contractor,Female,2003-10-16,prisha53@example.com,3868629731,H.No. 061 Issac Path Raichur 361965,2023,1,8.92,D003
S0403,20240403,Zayan,Sule,Male,2007-03-14,gagan18@example.com,8344830907,32/181 Sarna Nagar Kirari Suleman Nagar-447825,2022,4,7.25,D002
S0404,20240404,Bahadurjit,Raman,Female,2008-05-31,mandaljai@example.org,6668463676,19/19 Chowdhury Zila Vellore-414475,2023,6,7.13,D004
S0405,20240405,Jeet,Vasa,Male,2004-11-27,chaturavala@example.net,5125425952,"020 Batra Chowk, Loni 093320",2024,3,9.59,D004
S0406,20240406,Rehaan,Bakshi,Male,2005-01-01,rsamra@example.org,947760630,"H.No. 02 Dutta Road, Suryapet 445057",2023,1,8.43,D002
S0407,20240407,Neha,Dugar,Female,2008-07-12,kapurmichael@example.net,814255367,"60, Bath, Thiruvananthapuram 567976",2024,4,8.64,D004
S0408,20240408,Diya,Gole,Male,2007-10-11,varsha38@example.com,5251479377,"433 Parmar Path, Erode 483810",2023,3,6.52,D001
S0409,20240409,Janani,Samra,Male,2003-08-28,tataomya@example.org,4153531856,"H.No. 669, Ahuja Marg South Dumdum-938979",2022,6,7.28,D005
S0410,20240410,Harita,Kala,Female,2004-04-25,oakvaishnavi@example.net,2606824428,"608 Yadav Street, Asansol 608356",2024,2,8.34,D005
S0411,20240411,Abeer,Bhatia,Male,2006-06-02,jhalakgarde@example.net,2012575032,"33/625, Seth Road Alwar 947774",2022,3,7.87,D003
S0412,20240412,Ekanta,Tandon,Male,2001-10-12,uchaudhari@example.net,2214148567,76/05 Sarna Ganj Vijayawada 515661,2022,8,6.43,D003
S0413,20240413,Anamika,Ghosh,Male,2004-07-17,datedeepa@example.net,4241004907,"81/64, Hegde Nizamabad-297716",2024,1,9.72,D005
S0414,20240414,Manan,Natt,Female,2003-06-23,triveni03@example.com,7151895463,"91/41, Sangha, Bhusawal 234485",2023,4,9.83,D003
S0415,20240415,Suhani,Shankar,Male,2003-01-07,dayamai44@example.net,4796961517,"H.No. 828, Dara Path Jalgaon 296995",2023,2,6.72,D002
S0416,20240416,Zinal,Shenoy,Female,2008-01-26,jchaudry@example.org,1370584221,H.No. 079 Bahl Nagar Rohtak-937960,2024,7,7.51,D001
S0417,20240417,Varsha,Ranganathan,Male,2004-02-09,ati30@example.net,5689168696,"H.No. 263 Buch Zila, Alwar-859001",2024,4,9.98,D005
S0418,20240418,Oscar,Chatterjee,Male,2007-01-14,balendrapillay@example.net,2081085402,"234, Chander Zila, Srinagar-575826",2024,3,9.34,D001
S0419,20240419,Ishaan,Ramaswamy,Female,2006-08-06,sharmachakradhar@example.com,1455086528,"892, Dhar Kozhikode 976434",2023,6,8.8,D003
S0420,20240420,Tripti,Lalla,Female,2007-05-15,sanghapahal@example.com,7226008893,"45/798 Chadha Marg, Anand-166448",2024,3,7.21,D003
S0421,20240421,Wazir,Zacharia,Male,2006-04-04,krishcontractor@example.com,3815674589,"40/43 Bakshi Ganj, Begusarai 989524",2022,5,9.97,D001
S0422,20240422,Max,Kar,Female,2008-03-22,harshilsathe@example.com,7250456533,H.No. 04 Sami Road Ballia-126601,2022,5,7.87,D003
S0423,20240423,Sathvik,Kant,Male,2006-07-26,lakshmikhalsa@example.org,8353826807,459 Misra Street Secunderabad-796040,2023,1,6.84,D002
S0424,20240424,Pranav,Warrior,Female,2002-10-08,saksham60@example.org,1763623230,"H.No. 55 Oza Chowk, Bidar-445505",2022,1,9.66,D004
S0425,20240425,Logan,Ahuja,Male,2004-06-18,idika12@example.net,1230534132,"H.No. 51, Guha Street Siliguri 888886",2023,4,7.11,D002
S0426,20240426,Falguni,Maharaj,Female,2006-04-11,vidhi02@example.com,8215373365,"H.No. 50, Peri Marg, Berhampur 140187",2024,1,8.14,D004
S0427,20240427,Owen,Andra,Male,2001-11-07,aroraharinakshi@example.com,1898260345,"70 Narang Road, Ujjain 459864",2022,7,7.63,D001
S0428,20240428,Lajita,Madan,Female,2004-11-08,amaramane@example.org,8895925795,988 Khare Zila New Delhi-688042,2024,4,8.41,D003
S0429,20240429,Ganga,Bajaj,Male,2005-11-26,buchlogan@example.com,1075199437,"858, Sankaran Path Fatehpur-109390",2022,4,8.89,D001
S0430,20240430,Zarna,Pandey,Male,2003-04-17,abhiram86@example.com,8958231227,"H.No. 95 Chaudhari Road, Guntakal-945872",2023,3,8.38,D005
S0431,20240431,Gauri,Dewan,Female,2002-11-11,mekhala65@example.org,8835773639,H.No. 271 Talwar Street Danapur-215182,2024,5,8.72,D005
S0432,20240432,Adweta,Chander,Female,2005-12-06,ybains@example.org,5453316158,132 Kaur Chowk Asansol 139736,2024,7,8.75,D003
S0433,20240433,Damini,Wali,Male,2003-01-09,sabharwalchaitaly@example.com,3783255044,"739, Wadhwa Marg, Narasaraopet-002038",2022,2,6.83,D002
S0434,20240434,Sanaya,Menon,Male,2001-07-20,parmarsamar@example.com,7638228627,"06 Madan Zila, Guwahati-269809",2022,5,7.22,D001
S0435,20240435,Zashil,Goyal,Female,2003-08-03,sachi34@example.net,6573047663,"766 Mittal Ganj, Naihati 379829",2022,8,6.87,D002
S0436,20240436,Farhan,Sarna,Male,2003-03-18,peter48@example.org,5665493123,H.No. 09 Mohan Marg Siwan-187998,2023,8,7.54,D002
S0437,20240437,Yashica,Virk,Male,2007-10-09,oni78@example.com,585836625,H.No. 76 Solanki Path Miryalaguda-438865,2022,1,7.25,D004
S0438,20240438,Faraj,Dutt,Male,2003-06-13,ranalibni@example.com,2532617085,86/07 Barman Ganj Karawal Nagar-827966,2024,2,6.51,D003
S0439,20240439,Hemal,Bhatt,Male,2008-01-23,seshadrisamaksh@example.net,9007572897,"53 Babu Street, Ramagundam-191916",2022,5,9.27,D001
S0440,20240440,Jagdish,Ramaswamy,Female,2004-10-18,ideep@example.net,7907298323,"43/906 Natt Circle, Chandigarh 703681",2024,4,7.37,D002
S0441,20240441,Banjeet,Panchal,Female,2003-06-23,eeshachoudhary@example.org,7973640706,H.No. 30 Mishra Road Saharsa-222857,2022,2,9.11,D002
S0442,20240442,Nicholas,Rastogi,Female,2002-07-11,ekaraj94@example.com,6253923598,"46/46, Kuruvilla Zila, Sirsa-479570",2022,6,8.12,D004
S0443,20240443,Daksh,Maharaj,Male,2003-12-29,ranbirwali@example.org,1192140450,113 Issac Circle Ghaziabad-469616,2023,2,6.48,D004
S0444,20240444,Triya,Amble,Male,2005-08-17,bahrirachana@example.net,5667568737,"H.No. 74, Prabhu Street, Udaipur-012752",2022,2,6.7,D005
S0445,20240445,Barkha,Shankar,Female,2001-12-01,nayarjatin@example.org,5793079921,"33, Sachdeva, Haridwar 429854",2024,4,9.93,D003
S0446,20240446,Aayush,Doctor,Male,2006-08-07,avni29@example.com,2551319283,"H.No. 39 Sehgal Zila, Bhilai 803729",2022,5,7.21,D005
S0447,20240447,Vedhika,Mukhopadhyay,Female,2001-11-18,yashasvideol@example.org,6416782259,"H.No. 479, Bawa Marg, Jaipur 811503",2022,3,8.93,D001
S0448,20240448,Manbir,Nanda,Female,2006-04-15,yghose@example.net,5326292683,"322, Shroff Ganj, Sagar-985213",2023,3,8.68,D001
S0449,20240449,Ansh,Boase,Male,2007-11-13,aayush70@example.org,2178323828,"639, Bhatti Road Bettiah 183495",2022,8,8.0,D001
S0450,20240450,Ayush,Chatterjee,Male,2002-02-23,zashilsahni@example.org,8636442243,"658, Contractor Nagar, Guwahati 444426",2023,6,6.89,D005
S0451,20240451,Pranit,Kata,Female,2008-02-27,leenaraju@example.com,6559410481,"91, Lanka Ganj Kakinada 414445",2022,5,8.67,D005
S0452,20240452,Yochana,Narang,Female,2003-12-17,zaitramallick@example.net,6537740793,"95/07 Comar Zila, Chennai-575314",2022,2,7.24,D004
S0453,20240453,Yoshita,Sehgal,Male,2008-05-21,ekavirkorpal@example.net,9020033377,"H.No. 071, Boase Ganj, Ballia-587809",2023,7,7.92,D004
S0454,20240454,Arya,Choudhary,Male,2008-05-11,kharegaurang@example.org,2772820438,"396 Narayanan Nagar, Sambhal-971663",2023,5,9.84,D004
S0455,20240455,Ekalinga,Pandit,Male,2002-02-05,jagvi46@example.com,6832923323,"H.No. 13 Srinivas Zila, Noida-141481",2023,1,9.14,D002
S0456,20240456,Liam,Patel,Female,2006-05-23,ymistry@example.net,8473743702,"91/33 Kothari Ganj, Tezpur 100035",2022,1,9.67,D005
S0457,20240457,Zehaan,Balakrishnan,Male,2005-05-28,janakikhare@example.net,6336505067,64/557 Deshpande Ganj Lucknow 745623,2024,1,7.2,D001
S0458,20240458,Ayushman,Patel,Male,2002-09-06,wkala@example.com,3005468190,H.No. 41 Sodhi Nagar Kamarhati-774878,2022,5,8.08,D002
S0459,20240459,Bimala,Nadig,Male,2004-05-11,xhans@example.org,9839418941,"66, Comar Nagar Gaya-262846",2023,3,8.8,D003
S0460,20240460,Garima,Prabhu,Male,2006-02-26,jason55@example.com,8492817555,"H.No. 702, Jayaraman Marg, Latur 217763",2023,8,8.09,D004
S0461,20240461,Mitesh,Prabhakar,Male,2003-05-21,sshah@example.com,4142016835,"H.No. 297, Patel Street Miryalaguda 346321",2023,1,9.88,D001
S0462,20240462,Aarna,Sood,Female,2002-03-27,chakradevnayak@example.org,4817379166,"H.No. 20, Khurana Road, Agra 260594",2023,8,6.74,D001
S0463,20240463,Rayaan,Bail,Female,2008-01-10,dgola@example.net,3180499062,"H.No. 054, Kari Nagar Sasaram 158170",2023,6,9.34,D005
S0464,20240464,Michael,Virk,Female,2003-03-04,nihalahluwalia@example.org,9539752067,"H.No. 03, Chana Path, Dindigul 375222",2023,5,8.18,D002
S0465,20240465,Chakrika,Naidu,Female,2005-05-22,ichahal@example.com,1864745330,46 Vyas Chowk Katihar-461881,2023,1,6.76,D005
S0466,20240466,Kamala,Yadav,Male,2005-07-07,ysibal@example.com,875237855,43 Shetty Firozabad 284774,2024,3,6.19,D005
S0467,20240467,Nakul,Sem,Female,2002-06-11,bmohanty@example.org,2270168716,"94/026, Bajaj Zila Secunderabad 353295",2023,6,7.52,D005
S0468,20240468,Aarna,Bhakta,Male,2004-01-30,daveharinakshi@example.org,7148864710,"903 Keer, Meerut-101244",2023,5,7.68,D001
S0469,20240469,Sudiksha,Bhagat,Female,2004-08-27,netrakata@example.net,301801649,"34/23 Baria Nagar, Nandyal-123986",2022,3,7.12,D004
S0470,20240470,Girindra,Yogi,Male,2005-04-11,aryawarrior@example.net,3065897068,641 Modi Zila Serampore-278903,2022,3,9.56,D003
S0471,20240471,Janya,Parikh,Male,2007-06-17,latavinaya@example.com,6069485751,"H.No. 247, Shenoy Street, Bhopal-918014",2023,3,9.57,D002
S0472,20240472,Zayyan,Dora,Male,2006-03-02,dmann@example.com,5275053484,H.No. 022 Chopra Nagar Shahjahanpur-837580,2024,2,7.18,D004
S0473,20240473,Ati,Mutti,Male,2002-06-30,bdara@example.net,9873810581,"12/28 Luthra, Chinsurah-254198",2024,1,6.42,D002
S0474,20240474,Abhimanyu,Om,Female,2006-10-17,ganesankashvi@example.net,5578729215,11/92 Gade Marg Baranagar-149417,2022,3,8.63,D003
S0475,20240475,Oviya,Shere,Female,2003-02-02,dasguptaabha@example.com,9819842081,"H.No. 86, Munshi Zila Dehradun 823265",2022,8,6.65,D004
S0476,20240476,Eesha,Mammen,Female,2006-09-13,tatahitesh@example.com,7298702944,"H.No. 697, Khosla Ganj, Buxar 077152",2024,3,7.12,D004
S0477,20240477,Kevin,Warrior,Female,2006-02-26,qsankaran@example.net,9396627179,"40/36, Basak Chowk, Ramgarh 427051",2024,1,8.4,D002
S0478,20240478,Falak,Shroff,Female,2006-01-15,arinbakshi@example.org,3904572643,"831 Viswanathan Nagar, Rampur 577132",2024,3,6.92,D005
S0479,20240479,Harshil,Chauhan,Female,2003-05-31,shravyabahl@example.com,8622053639,"62/904, Bali Circle Amaravati-061461",2024,6,6.78,D003
S0480,20240480,Ira,Shan,Female,2002-04-25,devanisaiah@example.com,670091671,"H.No. 66 Narayanan Marg, Bongaigaon 997263",2024,4,9.55,D002
S0481,20240481,Ojas,Kala,Male,2005-05-09,bhavsarbhanumati@example.com,7013729602,"48/539, Ram Street Bhavnagar-944301",2023,3,8.21,D005
S0482,20240482,Yashoda,Cherian,Female,2005-06-30,imaranbawa@example.net,7480748859,"H.No. 378, Bhargava Road Nadiad-202824",2023,7,9.67,D005
S0483,20240483,Peter,Ganguly,Male,2008-06-27,ojasvi54@example.net,903937360,"04 Pathak Path, Nashik-579579",2022,5,8.49,D004
S0484,20240484,Lopa,Kaul,Female,2005-05-28,laksh57@example.net,4794315609,H.No. 54 Acharya Nagar Bettiah-309154,2022,6,7.68,D001
S0485,20240485,Vedant,Bath,Male,2006-11-03,nchandran@example.org,5101388319,H.No. 83 Goda Path Bahraich 227888,2023,8,9.86,D001
S0486,20240486,Harrison,Rajagopal,Female,2008-06-16,michael50@example.org,1389156436,"98/81, Sarraf, Vijayanagaram-181907",2022,8,9.6,D001
S0487,20240487,Harini,Dugar,Female,2003-06-17,chadhagopal@example.net,2372449680,"87/61 Gara Marg, Kulti 392865",2024,6,9.17,D005
S0488,20240488,Samaksh,Mannan,Male,2003-06-26,oviyabhardwaj@example.org,8420925602,"27/33, Parmar Nagar Karnal 832472",2023,7,8.63,D003
S0489,20240489,Anamika,Mutti,Male,2003-05-25,agateedhitha@example.net,4012681964,"107 Sura Circle, Tirunelveli 833143",2023,5,6.04,D005
S0490,20240490,Jyoti,Shanker,Female,2001-07-24,samarbaria@example.org,6342608572,72 Nagi Path Kharagpur 098939,2023,3,9.91,D001
S0491,20240491,Ekantika,Sangha,Male,2003-03-03,charita27@example.com,9529336278,"034, Krish Nagar Thoothukudi-714057",2022,2,9.45,D003
S0492,20240492,Harshil,Golla,Female,2004-05-15,meeramahal@example.net,5743053950,"17/09 Pal Circle, Maheshtala-934252",2024,7,7.13,D005
S0493,20240493,Pratyush,Loke,Male,2005-08-16,niharika12@example.org,4221089415,"H.No. 346, Murty Street Amaravati-426706",2024,7,6.64,D001
S0494,20240494,Ati,Pillai,Female,2006-04-01,azad72@example.net,33269662,"821, Ahuja Marg Amravati 172740",2022,3,8.45,D002
S0495,20240495,Unnati,Palla,Male,2002-07-12,vanshashah@example.org,958128328,"H.No. 711, Sridhar Zila Katni-959572",2022,2,8.3,D003
S0496,20240496,Aryan,Gera,Male,2001-07-23,ranbir94@example.org,5809804963,"52, Dani Circle, Satna 333076",2022,2,8.96,D005
S0497,20240497,Edhitha,Sankaran,Male,2006-12-05,ladlirau@example.org,7713838117,H.No. 12 Pillay Street Sangli-Miraj & Kupwad 597546,2023,7,7.85,D002
S0498,20240498,Brinda,Patel,Male,2008-04-03,cdayal@example.org,4902561448,"11/520 Lanka Zila, Allahabad 301059",2024,2,9.51,D003
S0499,20240499,Vrinda,Krish,Male,2005-03-27,joshuabava@example.net,2621093916,"76/161, Venkataraman Nagar Sirsa 541638",2022,6,8.08,D002
S0500,20240500,Qasim,Nagi,Male,2006-09-06,qbanerjee@example.org,983457792,"79 Dara Ganj, Muzaffarpur 204036",2022,1,9.33,D005
S0501,20240501,Lipika,Sodhi,Female,2002-05-12,naksh58@example.org,7751454807,"99/25 Borra Marg, Sirsa 913469",2024,7,8.04,D003
S0502,20240502,Dalbir,Bhakta,Female,2006-11-05,sanevedhika@example.com,9196901597,"662 Kibe Ganj, Adoni-619888",2023,5,7.41,D005
S0503,20240503,Anthony,Bir,Female,2008-07-11,ojasvi80@example.com,3272394325,H.No. 39 Vig Ganj Bardhaman-495737,2024,3,6.57,D004
S0504,20240504,Vihaan,Grewal,Male,2004-10-17,chavvi61@example.com,2395351435,"H.No. 10, Sibal Street Agartala-735992",2023,7,9.26,D001
S0505,20240505,Sanaya,Bala,Female,2002-04-20,rakshachatterjee@example.com,9287927197,"H.No. 202 Kamdar Path, Pune 938416",2023,1,9.57,D005
S0506,20240506,Ijaya,Doctor,Male,2006-07-24,naranganjali@example.org,2815650880,25/245 Goda Chowk Thrissur-965394,2024,1,6.1,D002
S0507,20240507,Vedhika,Chowdhury,Female,2008-06-15,tataharsh@example.com,773448687,"H.No. 269 Sura Zila, Dharmavaram-756986",2024,5,8.89,D005
S0508,20240508,Damini,Krishna,Female,2008-04-18,rkumar@example.net,7760553184,230 Bora Street Thiruvananthapuram-197759,2022,8,9.63,D001
S0509,20240509,Vamakshi,Date,Male,2005-10-21,ishita89@example.com,9061151788,"23/09, Bhatia Ganj, Raurkela Industrial Township 615213",2022,4,8.83,D001
S0510,20240510,Harshil,Pau,Female,2003-11-28,ekajamalhotra@example.com,3530138390,"984, Dube Street Baranagar-068610",2022,8,7.52,D003
S0511,20240511,Kevin,Misra,Male,2003-09-14,nbedi@example.com,4129580261,"47, Toor Ganj, Navi Mumbai 516365",2024,3,8.26,D002
S0512,20240512,Chakradhar,Soman,Female,2003-09-15,barkhasaxena@example.com,6472182001,"H.No. 03, Halder Ganj, Ballia 578387",2022,6,6.89,D003
S0513,20240513,Jeremiah,Gola,Female,2002-04-21,sridharakshay@example.net,6009750316,"H.No. 107, Sule Street Korba 137763",2024,3,9.54,D003
S0514,20240514,Frado,Memon,Male,2004-08-03,pooja79@example.net,3468085377,115 Kohli Zila Kishanganj 327447,2022,4,8.16,D005
S0515,20240515,Tanay,Hayer,Male,2001-10-16,lbhandari@example.net,2920738410,"18/86 Chacko Path, Bhalswa Jahangir Pur-145252",2022,1,7.74,D003
S0516,20240516,Dayita,Dhingra,Male,2008-03-04,anya17@example.net,4615152268,"H.No. 957, Keer Road, Alappuzha 849789",2023,5,8.77,D002
S0517,20240517,Sudiksha,Bhasin,Female,2005-05-02,mannoviya@example.net,8514291523,45/628 Mohan Ganj Kozhikode-214733,2023,3,9.72,D001
S0518,20240518,Jeevika,Comar,Male,2006-03-14,kamyabarad@example.org,9032150590,103 Vyas Road Bilaspur-782816,2024,1,7.25,D004
S0519,20240519,Jhalak,Kara,Male,2005-12-26,magarzansi@example.org,9597153820,"75/394 Sandhu Nagar, Solapur-192733",2024,2,9.99,D004
S0520,20240520,Girik,Golla,Female,2001-08-24,imaranmisra@example.org,9251417991,"27, Acharya Chowk, Gandhidham-118620",2024,8,6.33,D001
S0521,20240521,Ishaan,Shankar,Male,2008-03-11,dalbirbhagat@example.org,4904710738,"906, Manda Path Allahabad 786436",2022,7,9.71,D001
S0522,20240522,Damyanti,Sibal,Male,2004-04-26,deolaarush@example.net,9744502873,"298, Nayak Chowk Patna 457488",2024,4,7.87,D005
S0523,20240523,Varsha,Sankar,Female,2006-12-11,gaganbains@example.org,5047524753,"14/13, Savant Zila Kadapa-096500",2024,2,7.99,D004
S0524,20240524,Gaurav,Sami,Male,2001-07-20,apillay@example.com,6936298723,"638, Kapur Chowk, Amaravati 744988",2022,6,7.87,D004
S0525,20240525,Frado,Dugal,Female,2004-05-29,noah93@example.org,6759173296,"71, Minhas Bulandshahr-148178",2024,7,7.27,D001
S0526,20240526,Tripti,Seth,Female,2006-03-26,bhatiatamanna@example.org,5946712400,"H.No. 044, Bhardwaj Street Kadapa 371841",2024,5,7.19,D005
S0527,20240527,Theodore,Singh,Female,2008-07-16,aarinimand@example.net,7307311856,H.No. 048 Nori Zila Pudukkottai 647479,2022,1,9.32,D005
S0528,20240528,Viraj,Pillay,Male,2003-08-25,nandaishita@example.org,5696544098,"H.No. 19, Dhar Chowk Mau 031219",2022,4,6.5,D005
S0529,20240529,Triveni,Soni,Female,2005-06-06,gbansal@example.net,851420310,"H.No. 74 Bhargava, Bangalore-229636",2023,4,6.62,D004
S0530,20240530,Nitesh,Shah,Male,2008-01-08,qlala@example.com,68890698,878 Rout Marg Bardhaman-178233,2024,8,6.2,D004
S0531,20240531,Sneha,Kothari,Female,2005-04-14,geetika37@example.net,1694043976,79/090 Balay Chowk Moradabad 719038,2023,4,7.86,D002
S0532,20240532,Karan,Garg,Male,2002-10-20,voraupasna@example.net,3317426787,"265, Basu, Raebareli 972032",2022,8,9.79,D001
S0533,20240533,Zinal,Sengupta,Female,2007-06-01,prabhuanusha@example.org,9839705164,"H.No. 30, Thakkar Circle, Bulandshahr-286238",2023,4,6.22,D002
S0534,20240534,Warhi,Ganesh,Male,2006-02-23,jeet93@example.org,5494768522,"73/701 Ravel Path, Junagadh-966291",2023,6,8.63,D003
S0535,20240535,Onveer,Munshi,Male,2002-10-07,xalakgrover@example.net,5163328457,"H.No. 219, Parmar Path, Panipat 756603",2022,8,8.38,D002
S0536,20240536,Krisha,Madan,Male,2003-04-03,jagdishchana@example.com,8989486947,"722, Vala Street, Burhanpur 483271",2022,3,7.46,D005
S0537,20240537,Rishi,Choudhry,Female,2003-12-05,klall@example.net,115170792,"H.No. 64 Sekhon Marg, Srinagar 765882",2024,8,9.97,D005
S0538,20240538,Hritik,Dutt,Male,2008-02-05,harshchatterjee@example.net,1137759751,"96/60, Kala Road Mau-639279",2022,8,9.31,D002
S0539,20240539,Praneel,Verma,Female,2003-08-25,yashodharaom@example.com,215611965,"56/92, Maharaj Road, Machilipatnam-267816",2022,7,8.85,D005
S0540,20240540,Naksh,Dora,Male,2008-02-07,dkohli@example.com,1975481315,"H.No. 169, Lad Zila, Ramagundam-441827",2022,2,6.81,D003
S0541,20240541,Tanvi,Manda,Male,2006-08-08,chatterjeelajita@example.org,9874639918,"84/37, Misra Street, Kanpur-653504",2022,2,9.4,D003
S0542,20240542,Vivaan,Kapadia,Male,2006-10-04,ahluwaliabimala@example.com,9021014965,H.No. 800 Soni Circle Avadi 059557,2022,3,8.73,D002
S0543,20240543,Kala,Verma,Female,2004-09-12,sahnigayathri@example.net,6092479356,"H.No. 97, Bath Nagar Agartala 985633",2024,8,8.19,D002
S0544,20240544,Balveer,Virk,Male,2002-12-28,fzacharia@example.net,484748219,"H.No. 232, Sachar Zila Bhusawal-647631",2022,1,6.78,D005
S0545,20240545,Caleb,Lata,Female,2003-08-06,yashawinithakkar@example.net,4588245102,"88/212, Bansal Ganj, Khammam 514277",2022,6,6.9,D005
S0546,20240546,Jeremiah,Tripathi,Male,2002-05-30,gsibal@example.com,9518107808,54 Mannan Chowk Haldia 113227,2024,5,7.0,D002
S0547,20240547,Arya,Sharaf,Male,2007-08-05,sbedi@example.net,4870429584,"48/291 Gopal Nagar, Guna 045848",2024,5,8.12,D002
S0548,20240548,Charan,Thaman,Female,2006-11-03,solankiikshita@example.com,6974549390,00/16 Kalita Nagar Karaikudi 918075,2024,6,7.61,D001
S0549,20240549,Rohan,Yadav,Female,2006-11-23,aarnavverma@example.com,5734469818,H.No. 569 Oza Street Bhagalpur-483997,2022,5,8.88,D002
S0550,20240550,Yashoda,Ray,Female,2004-03-29,vchokshi@example.com,6800918129,"71/321 Gill Zila, Asansol 164098",2022,3,8.64,D002
S0551,20240551,Gaurika,Nori,Male,2004-01-17,eiravati29@example.org,4560492097,97 Tata Chowk Etawah 892244,2024,1,7.13,D004
S0552,20240552,Oscar,Verma,Male,2008-06-26,prasadbalvan@example.org,4267327497,"62/24 Sarma, Warangal 245347",2023,7,7.89,D005
S0553,20240553,Alexander,Dugal,Female,2005-03-13,lakshitoza@example.com,1990163458,"H.No. 526 Gill Chowk, Bhilai 830685",2022,3,9.08,D003
S0554,20240554,Inaya,Issac,Female,2006-10-14,gswamy@example.com,1364928551,"H.No. 29, Yadav Circle, Karawal Nagar 630068",2023,4,7.7,D004
S0555,20240555,Varsha,Maharaj,Male,2002-06-19,wriddhish01@example.com,5644835271,"H.No. 75, Gandhi Street, Buxar 848398",2022,2,7.99,D004
S0556,20240556,Jyoti,Khanna,Male,2002-01-22,vde@example.net,1407756034,"74, Lall Road, Mira-Bhayandar 990788",2024,1,6.44,D005
S0557,20240557,Raksha,Swaminathan,Male,2004-07-19,dhritideo@example.org,9602641773,52/426 Raj Chowk Chandigarh 663933,2023,8,7.23,D002
S0558,20240558,Sudiksha,Murthy,Male,2004-02-23,isrinivas@example.net,2469962737,"18/977, Mannan Nagar, Jorhat-883902",2023,6,7.99,D001
S0559,20240559,Farhan,Das,Male,2004-10-10,baradyauvani@example.net,5333747942,"82/01 Loke Ganj, Sultan Pur Majra 579022",2023,2,8.61,D004
S0560,20240560,Sarthak,Rout,Female,2005-02-18,isaiahsanghvi@example.net,2000215908,"10, Mital Nagaon-612799",2022,5,9.55,D003
S0561,20240561,Mitesh,Venkatesh,Female,2002-06-12,ekari@example.com,5973095289,"51/889 Dani Path, Bhopal-184418",2023,5,6.24,D002
S0562,20240562,Reyansh,Srivastava,Male,2004-02-12,mallgeetika@example.net,9755275914,"46, Thakur Path Ambarnath 316712",2023,8,8.83,D004
S0563,20240563,Parth,Balakrishnan,Male,2002-04-06,mistryomisha@example.net,685783256,09/176 Bhat Circle Chandrapur-014005,2022,6,8.33,D001
S0564,20240564,Michael,Lala,Male,2008-04-09,anmol59@example.org,2166047873,"H.No. 81, Karnik Zila Kanpur 223494",2023,2,7.79,D002
S0565,20240565,Abha,Swamy,Female,2003-05-28,swamytanish@example.org,3687295030,H.No. 66 Ranganathan Ganj Amroha-534241,2023,1,8.53,D004
S0566,20240566,Warinder,Goel,Male,2001-10-04,fbadal@example.net,3476309168,10 Korpal Street Dhanbad-304313,2024,7,7.7,D004
S0567,20240567,Thomas,Kapur,Female,2006-05-12,raybarkha@example.net,7653884328,"H.No. 85, Golla Road, Mirzapur-813970",2024,6,8.8,D002
S0568,20240568,Vedika,Boase,Male,2002-03-08,vzachariah@example.org,2748972123,"50, Ratta Nagar Bihar Sharif 738572",2023,2,8.29,D003
S0569,20240569,Aarav,Prabhakar,Male,2005-12-17,barkhabhasin@example.com,1704795339,"H.No. 657, Sarin Circle, Khora -766497",2022,3,7.0,D003
S0570,20240570,Aadhya,Kala,Female,2006-02-27,bina85@example.net,2947109750,"73, Wali Chowk Munger 519559",2022,5,9.94,D005
S0571,20240571,Timothy,Rastogi,Male,2005-11-19,arjun23@example.com,8437485528,"H.No. 011, Pandey Zila, Bhiwani 999689",2023,6,8.61,D001
S0572,20240572,Daksha,Mammen,Female,2001-08-24,doshibhanumati@example.net,1853481281,"270 Gole Chowk, Gangtok-810812",2022,4,7.86,D001
S0573,20240573,Harini,Maharaj,Female,2003-01-09,nitara23@example.com,4935011641,"H.No. 20 Bawa Road, Rewa 955998",2022,2,9.91,D004
S0574,20240574,Anamika,Sandhu,Female,2001-12-02,karthomas@example.org,881077150,"H.No. 26, Bhalla Chowk Korba 938020",2022,5,6.34,D005
S0575,20240575,Zaid,Gill,Female,2006-04-11,khuranavarenya@example.org,815745602,78/164 Nagar Street Bongaigaon 571926,2024,1,8.82,D001
S0576,20240576,Neha,Sunder,Male,2006-12-27,anvi58@example.net,6933460633,"38, Pall Marg, Bahraich 752875",2022,2,9.27,D005
S0577,20240577,Warinder,Brar,Female,2005-02-27,vanshakapoor@example.com,5499205501,"29/30 Thakur Circle, Deoghar 895427",2024,8,6.27,D003
S0578,20240578,Robert,Natt,Male,2006-01-14,nayarcharita@example.com,581575422,199 Sarna Chowk Sonipat 884707,2023,2,6.79,D001
S0579,20240579,Jeremiah,Dhawan,Male,2006-09-08,vtailor@example.net,6378326973,"H.No. 391, Iyer Nagar, Nizamabad 183548",2024,8,9.84,D003
S0580,20240580,Vansha,Om,Female,2005-08-31,yashica99@example.com,5274907250,"H.No. 761 Nigam Road, Junagadh 325096",2024,8,6.43,D004
S0581,20240581,Yadavi,Andra,Male,2002-07-11,shankerutkarsh@example.net,6134639496,06 Bedi Ganj Miryalaguda 454794,2024,1,8.03,D005
S0582,20240582,Netra,Prabhu,Male,2007-02-09,libni05@example.net,6296370021,"598, Walia Chowk South Dumdum 037088",2024,6,9.2,D002
S0583,20240583,Wishi,Kar,Male,2002-06-19,guptagaurika@example.com,4606139639,"87 Dugar Nagar, Hubli–Dharwad-855458",2024,7,6.76,D004
S0584,20240584,Dayamai,Choudhry,Female,2004-10-23,sulevrinda@example.com,134843470,"87 Subramanian Marg, Buxar 034944",2022,7,7.25,D005
S0585,20240585,Vansha,Cheema,Male,2005-12-02,hamsini41@example.net,437863799,43 Kaur Nagar Shimoga-642752,2023,2,6.26,D004
S0586,20240586,Ekanta,Goel,Female,2004-02-05,hansdarsh@example.com,1583255897,"49, Thakkar Road, Shahjahanpur 037456",2022,8,7.88,D005
S0587,20240587,Chaitanya,Ray,Male,2005-05-16,ikaur@example.net,4589973956,"H.No. 67, Chahal Road, Sri Ganganagar-856405",2024,4,9.39,D005
S0588,20240588,Odika,Saini,Male,2006-12-19,oaktristan@example.com,6068208304,80 Sastry Nagar Pallavaram-878418,2023,2,9.01,D005
S0589,20240589,Eiravati,Srinivasan,Male,2002-08-16,smitter@example.org,1207317851,"89 Mane Path, Bhimavaram 978354",2023,2,7.5,D001
S0590,20240590,Anya,Prabhakar,Female,2007-05-05,aroraaachal@example.org,2482655538,"38/425, Mangat Ganj, Firozabad-094164",2022,4,6.63,D004
S0591,20240591,Jasmit,Nanda,Female,2007-11-05,zgarde@example.com,6513661363,"04/01, Thaker Path Patiala-901711",2022,2,6.77,D003
S0592,20240592,Diya,Bora,Male,2008-02-06,raaginisandhu@example.net,2692050953,84 Sangha Path Warangal 503688,2022,1,7.14,D005
S0593,20240593,Ekalinga,Bhardwaj,Male,2003-07-21,sastrykrisha@example.com,8465141326,"H.No. 133, Yogi Nagar, Ghaziabad-634936",2022,2,9.46,D005
S0594,20240594,Qushi,Rajagopalan,Female,2005-04-14,chatreshkari@example.net,8737882219,"13 Karnik Chowk, Tiruppur 937182",2024,3,6.1,D005
S0595,20240595,Tanish,Som,Male,2002-06-12,parthbava@example.org,3066922105,"H.No. 66, Halder Nagar, Morbi-875309",2023,6,7.64,D002
S0596,20240596,Xalak,Nath,Male,2005-09-26,banerjeeamruta@example.com,5149971502,83/305 Kapur Nagar Vasai-Virar 265057,2022,2,6.77,D001
S0597,20240597,Netra,Sachdeva,Male,2008-06-17,isankar@example.org,6095899189,"H.No. 16, Chaudhuri Circle, Chapra 992166",2022,8,7.01,D005
S0598,20240598,Harshil,Jaggi,Female,2006-04-03,viswanathanjyoti@example.org,882907283,"200 Srinivasan, Sikar-818290",2022,8,6.09,D003
S0599,20240599,Imaran,Dalal,Male,2002-11-29,darakrish@example.org,842490138,"80/11, Comar, Saharanpur 075983",2022,5,9.58,D002
S0600,20240600,Maanav,Dewan,Female,2003-05-05,ranbirkibe@example.com,6706493445,H.No. 29 Ahuja Marg Vellore 306221,2024,5,7.01,D004
S0601,20240601,Teerth,Baral,Male,2006-03-12,nimrat13@example.net,9618277227,"493, Thaker Zila Bihar Sharif-387532",2024,1,9.33,D004
S0602,20240602,Chavvi,Sane,Female,2006-07-27,munshimaya@example.com,704224350,20/992 Chaudhari Circle Satara-540560,2023,3,9.78,D004
S0603,20240603,Gayathri,Venkatesh,Female,2003-12-10,ansh97@example.org,705401106,"78/28, Salvi Path, Bhilwara-810584",2023,4,8.26,D003
S0604,20240604,Patrick,Nazareth,Female,2008-05-15,svasa@example.org,1128945722,"H.No. 18 Raval Path, Chennai 354493",2024,7,6.25,D004
S0605,20240605,Jagdish,Setty,Male,2005-07-12,biswasjalsa@example.org,3387872105,"45/74, Kapoor Zila Bidhannagar-539818",2024,4,7.44,D004
S0606,20240606,Gauri,Garde,Female,2003-11-17,tbhatnagar@example.net,4607096834,"H.No. 573, Edwin Nagar, Orai 805944",2023,7,9.06,D004
S0607,20240607,Vedant,Baria,Male,2006-10-22,ojayaraman@example.net,834166182,"26/510, Sarkar Ganj, Chittoor-889782",2024,8,7.72,D003
S0608,20240608,Hamsini,Gera,Female,2002-04-23,farhan14@example.com,4233626292,78/27 Sama Ganj Motihari 204229,2024,1,9.01,D002
S0609,20240609,Oeshi,Bhalla,Female,2002-04-25,deepadora@example.org,875155558,"H.No. 784, Rajan Ganj Jamalpur-956130",2022,2,8.68,D003
S0610,20240610,Hardik,Patla,Male,2004-07-18,turvi10@example.net,9895759279,"85/672, Kale Nagar Orai 144683",2022,3,7.19,D002
S0611,20240611,Urvi,Parmar,Female,2003-12-26,qarin01@example.com,9012327207,"03/23, Chander Street, Dehradun-100690",2022,8,9.45,D002
S0612,20240612,Maanas,Apte,Female,2002-12-25,mchakrabarti@example.net,3605445049,H.No. 018 Master Nagar Bhind-087503,2022,8,7.68,D001
S0613,20240613,Gaurika,Behl,Male,2003-03-20,rameshucchal@example.com,6612236323,64/74 Acharya Chowk Gudivada-743105,2023,6,6.44,D003
S0614,20240614,Lucky,Singh,Male,2005-11-15,onatt@example.com,9622283786,"H.No. 50, Bandi Path, Bhubaneswar 803862",2023,6,8.1,D001
S0615,20240615,Aahana,Lanka,Male,2007-09-10,biswaschampak@example.com,9636827200,"84, Nazareth Zila, Chennai 767737",2024,7,8.08,D002
S0616,20240616,Ikbal,Pant,Male,2005-12-17,chandanikala@example.net,5102911100,"24/315 Dhaliwal, Kakinada 531404",2023,6,9.25,D004
S0617,20240617,Matthew,Dash,Female,2005-03-04,pmodi@example.org,2057414245,"63/98, Dave Circle Sangli-Miraj & Kupwad 662315",2022,7,8.26,D002
S0618,20240618,Aashi,Divan,Male,2004-07-27,dev60@example.com,6726026806,995 Handa Circle Thane-008047,2022,1,9.99,D001
S0619,20240619,Advika,Solanki,Male,2002-01-17,hemangini77@example.com,1909762532,"77/47 Menon Path, Hosur 653278",2024,6,6.34,D004
S0620,20240620,Bhavani,Singh,Male,2004-03-09,bhavini19@example.org,220472983,"23/12 Kalla Ganj, Kochi-499996",2022,6,9.03,D005
S0621,20240621,Idika,Garde,Male,2006-08-27,deyturvi@example.org,5935995772,"66/046 Nigam Ganj, Agra 441936",2024,5,7.13,D001
S0622,20240622,Ucchal,Varghese,Female,2001-07-20,ykota@example.net,9788455612,"45, Merchant Path, Panipat-024110",2023,6,7.91,D004
S0623,20240623,Hemani,Barad,Male,2002-01-23,rcherian@example.org,885788231,98/987 Pandit Street Nagercoil 480720,2024,2,8.45,D005
S0624,20240624,Yash,Ganesan,Female,2002-09-14,eratta@example.net,5086894665,"41/233 Chadha Path, Bhiwandi-453210",2024,7,8.16,D003
S0625,20240625,Jatin,Dora,Female,2004-09-10,wakeeta38@example.net,9413534585,"254, Krishna Kozhikode-585210",2023,8,8.23,D001
S0626,20240626,Ayush,Upadhyay,Female,2002-08-13,nitesh84@example.org,509364739,72 Purohit Nagar Rajkot 152072,2022,6,8.31,D003
S0627,20240627,Zaid,Subramanian,Female,2004-07-06,vasudhatiwari@example.com,5495447585,"18/251, Sankar Street Anantapuram 991112",2022,3,8.71,D005
S0628,20240628,Oni,Soni,Female,2003-05-23,anandpanini@example.com,5807231919,"89/477 Randhawa Zila, Nadiad-113980",2022,2,9.98,D001
S0629,20240629,Ubika,Bhattacharyya,Female,2007-01-18,aishani29@example.com,9304965975,"959, Mangal Nagar, Bikaner-408782",2022,6,8.32,D004
S0630,20240630,Faras,Devan,Female,2004-02-13,mistryaadhya@example.com,5642779233,"90/91 Gera Ganj, Amroha 591251",2022,4,7.9,D001
S0631,20240631,Chandani,Prabhu,Female,2006-11-04,sraman@example.net,8972777450,"H.No. 709, Mohanty Road, Haridwar-533118",2023,5,7.96,D004
S0632,20240632,Neha,Ray,Male,2008-05-13,orindershere@example.org,2273206855,40/935 Kapadia Marg Ludhiana-147972,2023,7,7.67,D004
S0633,20240633,Aadhya,Sabharwal,Female,2007-02-04,christopherhegde@example.com,2248181236,"43 Jain Marg, Navi Mumbai 441772",2022,6,7.04,D001
S0634,20240634,Chatresh,Sehgal,Female,2003-04-22,lopamurty@example.com,7148870836,"H.No. 480 Pal Circle, Malegaon 390470",2023,1,7.45,D003
S0635,20240635,Wishi,Kata,Male,2003-11-22,talwarryan@example.com,6114351344,"14/32 Lanka Ganj, Udaipur-425539",2022,1,9.06,D001
S0636,20240636,Gautami,Malhotra,Male,2004-05-14,maharajchakradhar@example.com,1777685197,"H.No. 48 Oak Zila, Parbhani 132276",2024,3,6.3,D003
S0637,20240637,Logan,Talwar,Female,2008-05-01,bhavyakonda@example.org,9227256911,"95/805, Oommen Chowk, Bihar Sharif-295889",2022,5,7.6,D005
S0638,20240638,Agastya,Chaudhary,Female,2006-07-09,xkota@example.com,5722784952,"66/488 Keer Ganj, New Delhi-811626",2024,8,6.16,D002
S0639,20240639,Aishani,Vig,Male,2004-12-24,falandalia@example.org,4984416507,533 Lala Road Raichur-720845,2023,7,9.09,D002
S0640,20240640,Raksha,Shah,Male,2006-02-03,abdul47@example.org,8211491915,"H.No. 41, Lad Path, Parbhani 031606",2023,6,6.01,D002
S0641,20240641,Ikshita,Chakraborty,Male,2001-10-27,hredhaanbassi@example.com,2743219003,63/554 Ramesh Road Kottayam 770482,2024,5,8.85,D005
S0642,20240642,Zilmil,Kurian,Female,2007-09-20,ishani51@example.net,4415292065,25 Mangal Chowk Muzaffarnagar-380340,2024,5,6.49,D001
S0643,20240643,Vasana,Bose,Male,2006-10-07,zkuruvilla@example.org,3256433190,"615, Yadav Marg, Vellore 339276",2023,5,9.31,D002
S0644,20240644,Keya,D’Alia,Male,2003-05-15,kibeekaja@example.org,4680266283,"28/093 Cheema Circle, Chapra 907319",2024,1,8.68,D003
S0645,20240645,Darpan,Ahuja,Female,2005-04-10,nairoliver@example.org,3939784179,"59, Rout Bhilai 051311",2023,7,8.47,D005
S0646,20240646,Chaaya,Kibe,Male,2002-10-19,lalaisha@example.org,2862290731,"H.No. 398 Setty Chowk, Berhampore 669798",2023,4,9.95,D001
S0647,20240647,Jacob,Grewal,Male,2006-01-07,singhalutkarsh@example.com,8851945367,"12/59, Narayanan Road Tiruppur 642148",2023,8,7.18,D005
S0648,20240648,Edhitha,Chatterjee,Male,2005-01-18,vaishnavi36@example.org,9327325357,"H.No. 663, Khare Circle Dindigul 620882",2024,6,9.21,D004
S0649,20240649,Gabriel,Agarwal,Female,2008-05-01,borahchristopher@example.com,1440319838,38/38 Choudhury Street Bellary 180781,2022,7,8.17,D004
S0650,20240650,Udant,Swamy,Female,2004-09-16,nsharma@example.org,8698531234,"89/36 Palla, Kozhikode 227444",2022,3,8.59,D002
S0651,20240651,Leena,Rajan,Male,2007-07-09,tahluwalia@example.com,3498780290,42 Bala Nizamabad-377035,2024,1,7.76,D003
S0652,20240652,Rajeshri,Nazareth,Female,2002-01-23,charita14@example.com,4200237550,"H.No. 330, Dayal Nagar, Nagercoil 333214",2023,4,7.54,D003
S0653,20240653,Nakul,Madan,Male,2002-11-07,regemanan@example.net,494379717,93/95 Bala Ganj Jehanabad 899019,2024,6,7.6,D001
S0654,20240654,Ganga,Lad,Female,2007-05-20,urishillachandran@example.org,5765613132,"21/290 Deep Nagar, Indore-843735",2023,5,7.81,D001
S0655,20240655,Faras,Bhat,Female,2007-02-24,sibalgirik@example.org,5718841411,"H.No. 623, Agrawal Nagar, Sultan Pur Majra-535668",2022,2,8.21,D004
S0656,20240656,Yashasvi,Sarma,Female,2004-04-15,fbaria@example.net,9538712343,"16, Dyal Road, Solapur-567566",2022,8,9.81,D004
S0657,20240657,Ryan,Bandi,Male,2003-11-17,vrindaandra@example.org,8316759237,"H.No. 00, Swaminathan, Bhimavaram-526848",2024,5,7.91,D002
S0658,20240658,Devika,Shukla,Male,2004-07-16,shuklachaman@example.com,449941144,"H.No. 63, Majumdar Street Alwar-530391",2022,5,9.11,D001
S0659,20240659,Gautami,Bali,Male,2006-08-20,pranitkara@example.org,1676196965,"H.No. 35, Rama Marg Firozabad-095568",2024,6,7.43,D004
S0660,20240660,Ati,Suri,Female,2003-05-20,dsavant@example.net,6645398050,"08/04, Jaggi Road Pimpri-Chinchwad 785038",2022,8,6.52,D001
S0661,20240661,Matthew,Palla,Male,2006-08-29,thakuraahana@example.net,5490561024,"H.No. 34, Wable Gandhinagar 645950",2024,2,7.3,D002
S0662,20240662,Laksh,Chawla,Male,2001-08-31,asarma@example.net,9835185749,"54/330, Tak Zila Jhansi 748058",2023,1,6.09,D002
S0663,20240663,Triveni,Manne,Male,2005-05-13,fahuja@example.com,9008081106,02/89 Chauhan Zila Tadipatri-558062,2023,7,9.64,D001
S0664,20240664,Anthony,Chaudhuri,Male,2007-09-26,jonathanarora@example.org,8867960582,80/73 Kanda Circle Dindigul-284216,2022,3,6.58,D005
S0665,20240665,Sanaya,Varty,Male,2007-06-22,hardikkanda@example.com,5741807800,"H.No. 49, Nagi Ganj, Munger 323749",2022,5,8.71,D005
S0666,20240666,Geetika,Banik,Male,2005-01-20,jeetkashyap@example.com,9617848459,"66 Divan Street, Agra-036153",2022,1,7.26,D001
S0667,20240667,Unni,Bumb,Male,2002-10-09,eshetty@example.com,7242741323,"355, Loke Circle Kolhapur 889047",2022,6,8.3,D003
S0668,20240668,Saksham,Karnik,Male,2007-01-12,wbhagat@example.com,4296164825,H.No. 569 Kashyap Circle Katihar 490210,2024,5,6.57,D004
S0669,20240669,Zehaan,Khanna,Male,2007-04-28,nigamwahab@example.com,6305843146,"H.No. 470, Parsa Ganj, Jodhpur 894154",2022,6,9.38,D004
S0670,20240670,Unni,Barad,Male,2003-05-05,hmangat@example.com,373364485,25/41 Som Dehradun-409119,2024,4,8.62,D003
S0671,20240671,Jagvi,Dada,Male,2007-12-09,indira98@example.com,8810310607,09 Thaman Nagar Bhiwani-031218,2022,3,7.41,D001
S0672,20240672,Wishi,Solanki,Male,2002-01-09,raagini17@example.com,14321122,796 Wali Ganj Sangli-Miraj & Kupwad 296813,2024,6,6.63,D004
S0673,20240673,Libni,Natarajan,Female,2005-10-01,bguha@example.net,286034941,"H.No. 390, Kurian Street Nagaon-306241",2024,8,6.47,D005
S0674,20240674,Girish,Chokshi,Male,2001-11-26,nisha99@example.com,4318003296,"H.No. 431, Mahajan Zila Eluru-204803",2022,4,6.23,D001
S0675,20240675,Yochana,Prasad,Female,2001-08-17,wnayar@example.net,3783767465,"78/921, Sama Bulandshahr 151264",2024,1,8.52,D004
S0676,20240676,Indira,Behl,Male,2003-08-18,victor03@example.net,1076137383,"14, Upadhyay Road Kolkata 760334",2022,1,7.98,D005
S0677,20240677,Anya,Menon,Male,2006-05-27,ethan18@example.net,8452549135,"29/268, Kamdar Ganj, Nangloi Jat 417610",2022,4,7.18,D001
S0678,20240678,Kashish,Gola,Female,2006-07-04,bhavnagill@example.com,7342916375,"36, Doshi Road Bhalswa Jahangir Pur-979728",2024,1,6.62,D002
S0679,20240679,Diya,Narayanan,Female,2005-10-25,ljoshi@example.net,8078212333,031 Ahluwalia Chowk Phagwara-694934,2024,2,9.75,D004
S0680,20240680,Wyatt,Issac,Female,2006-07-15,wrideshborde@example.net,8690829947,"H.No. 30 Sridhar Circle, Chandrapur-423074",2023,4,8.77,D003
S0681,20240681,Ishwar,Roy,Male,2006-10-14,maxbains@example.com,9335835942,"32/376, Khosla Zila, Raurkela Industrial Township 361128",2023,4,6.72,D005
S0682,20240682,Veda,Brahmbhatt,Female,2007-12-15,elijah54@example.com,3709707791,48/14 Kumer Road Jabalpur-003749,2022,7,7.35,D003
S0683,20240683,Gautam,Thakur,Female,2005-03-29,hemangpandey@example.net,7468141828,"365, Kapur Zila, Durgapur-121396",2022,1,6.97,D004
S0684,20240684,Tanveer,Varghese,Male,2003-09-13,ebarman@example.com,5173123625,H.No. 42 Tella Gwalior 813101,2024,7,8.6,D002
S0685,20240685,Xalak,Chacko,Male,2006-12-10,chakradharmohan@example.org,2705320801,"H.No. 84, Baria Street, Raurkela Industrial Township-874866",2024,2,9.15,D004
S0686,20240686,Watika,Maharaj,Female,2007-01-21,shettyanvi@example.com,5044976570,"55/078 Chaudry Road, Munger 903250",2024,4,6.99,D001
S0687,20240687,Vaishnavi,Luthra,Male,2006-10-27,ysule@example.net,8648943893,81/14 Bala Nagar Rewa-902409,2024,1,9.07,D003
S0688,20240688,Banjeet,Kanda,Male,2008-02-08,finnmurty@example.com,6906464806,"106 Kala, Katihar-964722",2024,6,9.84,D003
S0689,20240689,Girindra,Uppal,Male,2001-07-26,cheriandipta@example.com,514350812,"93/16, Sridhar Zila, Panihati 095411",2024,5,8.19,D002
S0690,20240690,Ekavir,Chandran,Male,2006-08-19,dwalia@example.net,1140170503,"77/758, Nagi Path Kirari Suleman Nagar 069261",2024,1,7.22,D001
S0691,20240691,Aahana,Tara,Male,2007-10-21,munshithomas@example.com,5580468879,"06/03, Kapadia Ganj, Nandyal-125320",2022,5,9.9,D004
S0692,20240692,Lohit,Bora,Female,2007-06-17,miyengar@example.com,2666437907,H.No. 90 Chakraborty Road Gurgaon-732494,2024,5,9.81,D003
S0693,20240693,Madhav,Mallick,Female,2008-01-09,kmukhopadhyay@example.com,6281738363,"H.No. 031, Nath Nagar, Dehri-273117",2024,5,6.4,D003
S0694,20240694,Ekantika,Brar,Female,2004-01-09,nimrat06@example.com,2097268915,66/821 Sehgal Circle Durg 419402,2023,8,6.44,D001
S0695,20240695,Kashish,Guha,Female,2005-04-25,tejaskrishnamurthy@example.org,8087494317,H.No. 002 Chakrabarti Road Haldia-108782,2024,5,6.96,D002
S0696,20240696,Anusha,Sankar,Male,2006-05-02,farisbabu@example.net,5589905588,"H.No. 981, Balasubramanian Path, Hyderabad-396508",2022,3,8.19,D005
S0697,20240697,Bhavani,Lad,Male,2005-02-14,amairabhagat@example.org,8886837375,638 Nadkarni Zila Sikar-147860,2023,2,6.71,D002
S0698,20240698,Kamala,Bal,Male,2002-04-02,lilarai@example.com,9157751108,H.No. 242 Karpe Marg Karnal-637344,2024,1,8.06,D002
S0699,20240699,Qabil,Sachar,Female,2006-09-09,praneel08@example.com,5115824230,"58/652, Saxena Ulhasnagar-908047",2023,6,7.29,D002
S0700,20240700,Tanvi,Trivedi,Male,2007-06-15,kkant@example.com,9129734520,"H.No. 132, Gera Road Gudivada-146407",2022,5,9.77,D002
S0701,20240701,Yachana,Srivastava,Male,2007-07-19,wriddhish44@example.com,2507046809,"07/137, Gupta Chowk Rajpur Sonarpur-913637",2022,7,8.26,D004
S0702,20240702,Zilmil,Borra,Female,2003-01-14,sharafbina@example.com,8641294870,37/493 Varty Road Morbi-316954,2022,1,8.73,D002
S0703,20240703,Krishna,Mani,Male,2008-04-05,ukumar@example.net,6890292178,"046, Radhakrishnan Circle, Nagercoil-153048",2024,7,8.92,D004
S0704,20240704,Gaurang,Sha,Female,2002-08-17,danielprasad@example.net,3581046807,"33/397 Kunda Zila, Kolhapur 416412",2022,4,6.99,D005
S0705,20240705,Libni,Vala,Male,2002-09-26,anay18@example.com,3072106813,"53/291, Balan Road Giridih 754683",2023,8,6.46,D004
S0706,20240706,Nicholas,Sawhney,Female,2007-11-27,dubeunnati@example.net,9511081725,"72 Sethi Road, Siliguri-566639",2024,8,7.21,D003
S0707,20240707,Jagvi,Buch,Male,2006-08-29,bhatnagarluke@example.org,7041442828,"H.No. 23, Dey, Panihati 400199",2022,5,7.39,D002
S0708,20240708,Harinakshi,Wagle,Female,2005-12-30,keya42@example.com,5664048461,"25/76 Devi Chowk, Tenali 687869",2023,5,8.12,D004
S0709,20240709,Inaya,Vohra,Male,2004-06-13,pandyasamar@example.org,6328869615,86/52 Pillai Marg Tiruppur 171348,2024,7,8.21,D005
S0710,20240710,Karan,Bhargava,Female,2007-08-26,omishadeshpande@example.org,2038850954,81/88 Sem Nagar Bathinda 844634,2024,7,8.79,D002
S0711,20240711,Panini,Chaudhary,Male,2001-11-15,advaithbaria@example.com,3876392014,"88/80 Dyal Marg, Sangli-Miraj & Kupwad-601552",2024,6,8.86,D004
S0712,20240712,Jeevika,Tata,Female,2004-04-19,paninigoda@example.net,8306559573,"39, Mane Nagercoil 546215",2022,8,8.29,D001
S0713,20240713,Faras,Sharaf,Male,2002-06-30,vdhillon@example.com,2393230191,"66/09, Bawa, Tiruppur-566706",2023,2,8.05,D001
S0714,20240714,Warhi,Khalsa,Male,2004-10-24,ydhaliwal@example.org,3055579992,"83/431, Lall Zila Jorhat-272721",2022,5,7.74,D001
S0715,20240715,Gopal,Peri,Male,2007-06-10,abhiram00@example.com,364736063,"80 Agrawal Marg, Sambalpur-598964",2022,4,9.81,D001
S0716,20240716,Advika,Radhakrishnan,Female,2005-06-18,qdeep@example.com,3670843737,"29/217 Sarkar Chowk, Buxar-347529",2024,3,8.52,D004
S0717,20240717,Gauri,Vohra,Male,2002-12-15,shivansh61@example.org,2866461910,"H.No. 675, Char Nashik 469153",2024,6,7.72,D002
S0718,20240718,Netra,Sheth,Male,2005-07-25,devanshmore@example.net,2104757966,H.No. 47 Borra Path Alwar-789505,2024,3,9.57,D004
S0719,20240719,Isaac,Mody,Male,2007-06-14,harrison76@example.org,9251565754,"015, Mukhopadhyay Road, Panipat 466593",2023,3,9.84,D005
S0720,20240720,Jeevika,Nagarajan,Female,2001-11-20,watikanagy@example.com,8278494468,"90/24, Bali Road Karaikudi 549780",2022,1,6.02,D003
S0721,20240721,Yashvi,Chakrabarti,Male,2004-05-26,narangnathaniel@example.com,9033056619,77 Bhattacharyya Ganj Bidar-617017,2023,5,9.55,D002
S0722,20240722,Keya,Dhawan,Male,2006-07-05,maanaslal@example.net,9998509611,"H.No. 67, Minhas Street Jabalpur-162742",2022,6,6.84,D004
S0723,20240723,Gopal,Sant,Female,2008-02-06,ektamisra@example.com,7732332069,631 Bumb Circle Ramagundam 181839,2022,7,8.49,D001
S0724,20240724,Abhiram,Oommen,Male,2007-02-15,qkade@example.org,1716968039,"60/09, Murty Nagar Machilipatnam-038813",2024,2,6.66,D003
S0725,20240725,Udant,Modi,Female,2006-09-15,nimratpuri@example.net,4623623228,86/36 Setty Street Munger-280366,2024,4,6.98,D005
S0726,20240726,Mitali,Das,Female,2006-02-04,narayanfitan@example.org,5841545693,05/528 Sangha Rajpur Sonarpur 728682,2022,2,6.84,D002
S0727,20240727,Samarth,Nadkarni,Male,2002-02-04,nakshmurthy@example.org,9866500095,"415, Tella Marg, Ulhasnagar-539508",2023,2,8.66,D002
S0728,20240728,Hredhaan,Mody,Female,2002-02-10,virkdivya@example.com,9203361959,"39, Mohan Road Medininagar 585691",2024,7,9.15,D005
S0729,20240729,Gavin,Parmer,Male,2005-12-21,neelpatil@example.com,6002089782,"596 Bhasin Path, Gulbarga 047678",2023,6,8.92,D004
S0730,20240730,Reyansh,Rai,Female,2002-01-23,zayyanmurthy@example.net,5366005101,"H.No. 27, Mohan Path Raurkela Industrial Township 854450",2024,3,8.56,D003
S0731,20240731,Anusha,Sama,Female,2005-09-15,sacharnitesh@example.com,6506765425,"H.No. 466, Kamdar Ganj, Surat-660258",2022,6,8.66,D004
S0732,20240732,Krisha,Datta,Male,2003-08-14,esunder@example.com,6167343566,H.No. 22 Balay Road Aurangabad-707657,2023,5,9.3,D003
S0733,20240733,Kevin,Keer,Male,2005-10-23,charan28@example.org,1336350021,"87/052 Ganguly Marg, Karawal Nagar-381596",2024,7,8.76,D005
S0734,20240734,Irya,Goda,Male,2004-11-21,ekavirsom@example.com,3951524544,85 Rajagopal Road Bhavnagar 619928,2023,4,7.38,D002
S0735,20240735,Eta,Patla,Male,2005-10-13,triveni08@example.org,7726069549,"H.No. 52, Deshmukh Path Kottayam-145696",2024,2,9.89,D005
S0736,20240736,Ayaan,Balasubramanian,Male,2003-12-06,tanvi15@example.com,4786819252,H.No. 30 Pathak Nagar Tenali-725669,2022,1,9.38,D005
S0737,20240737,Leena,Parekh,Male,2008-03-26,esane@example.com,6708064620,"868 Dara Street, Karnal-979524",2023,4,8.67,D003
S0738,20240738,Anusha,Dixit,Female,2003-05-08,zayanyohannan@example.net,2208033434,"31/22, Ram Chowk, Anantapuram 259193",2022,6,9.42,D004
S0739,20240739,Owen,Palan,Male,2004-03-25,krish23@example.org,6963131561,"861, Sampath Road, Madhyamgram 759789",2022,6,6.61,D001
S0740,20240740,Chakradev,Bawa,Female,2002-09-19,kashish33@example.com,1776757946,"H.No. 854, Wagle Chowk, Rajahmundry 243653",2024,8,7.37,D002
S0741,20240741,Gunbir,Narain,Male,2007-08-16,eiravatidoshi@example.org,6057525363,92/623 Raju Nagar Hospet-361287,2023,8,8.24,D001
S0742,20240742,Qadim,Magar,Female,2002-11-13,baljiwanbhakta@example.com,4532415716,"H.No. 940, Gill Circle Sirsa-536051",2024,6,8.78,D003
S0743,20240743,Dev,Varty,Female,2003-12-24,ranganathanyagnesh@example.org,3388040788,73 Bandi Zila Kalyan-Dombivli 853747,2024,4,6.5,D001
S0744,20240744,Bachittar,Saraf,Male,2007-10-10,tpai@example.net,1839191270,"H.No. 09, Joshi Nagar Muzaffarpur 877664",2022,2,9.66,D004
S0745,20240745,Qarin,Nigam,Male,2006-02-26,rajagopalanbhanumati@example.org,6642070695,020 Gour Junagadh 235707,2022,7,7.99,D003
S0746,20240746,Ishwar,More,Male,2001-09-22,upadhritikeer@example.org,5033820965,"H.No. 646 Nagarajan Path, Malegaon-516603",2023,5,9.81,D002
S0747,20240747,Kamya,Malhotra,Female,2007-12-28,ojasviahluwalia@example.org,5202982118,"406 Parmar Zila, Mysore 083616",2023,3,7.6,D001
S0748,20240748,Ekta,Nath,Female,2007-03-22,behlbachittar@example.com,2108399631,"949, Rai Road, Kavali-533753",2023,4,7.72,D005
S0749,20240749,Anika,Pandya,Female,2002-03-15,rkakar@example.net,5252887741,"30/30, Khurana Road Gaya-605368",2024,5,8.21,D003
S0750,20240750,Azad,Bahl,Female,2003-01-30,ishanisampath@example.com,8139408233,"849, Murty, Bareilly 372777",2022,5,9.52,D005
S0751,20240751,Warjas,Vohra,Male,2006-12-07,sachdevaashi@example.com,5363080797,"40/44, Dixit Path, Berhampore 263436",2023,2,7.36,D003
S0752,20240752,Radhika,Shere,Male,2006-07-29,kashvibali@example.org,4911021688,392 Palan Street Bhilai-214038,2023,2,8.43,D005
S0753,20240753,Omkaar,Rastogi,Female,2004-05-08,bahlvyanjana@example.com,3712469279,"342, Barad Zila Patna-560105",2022,2,7.76,D001
S0754,20240754,Bhanumati,Sridhar,Male,2007-10-20,lakshit04@example.com,4367814944,"77, Mistry Path Ghaziabad 002883",2023,7,8.42,D005
S0755,20240755,Priya,Pandya,Male,2006-09-27,patlasanaya@example.net,1386217526,"47/334 Mistry Street, Hajipur-618510",2024,2,8.32,D005
S0756,20240756,Aadhya,Bandi,Male,2003-11-21,aradhanadoshi@example.org,2357434103,67/86 Ramaswamy Jalna 663406,2023,8,6.77,D005
S0757,20240757,Ganga,Modi,Male,2008-05-29,sachdevavinaya@example.org,3229132180,"92/31, Zacharia Zila Raurkela Industrial Township 328409",2022,5,7.58,D003
S0758,20240758,Manthan,Seshadri,Male,2005-10-10,virajpadmanabhan@example.org,9447974446,"H.No. 04, Sampath Alappuzha 693066",2022,4,9.67,D004
S0759,20240759,Mason,Raman,Male,2005-05-29,anushamaster@example.org,2729399826,99 Nadig Circle Agra-569974,2024,7,9.05,D003
S0760,20240760,Anya,Balakrishnan,Male,2006-06-02,wahabdey@example.org,6200266759,52 Naidu Zila Kochi 926224,2024,5,6.89,D002
S0761,20240761,Deepa,Kakar,Male,2002-08-15,barkha75@example.com,3085799378,85/719 Kata Marg Dewas 296363,2024,7,8.14,D005
S0762,20240762,Fiyaz,Sen,Male,2005-11-01,lekha53@example.com,3655011079,"24/320, Guha Nagar Sirsa-376620",2022,7,9.3,D002
S0763,20240763,Rohan,Mohan,Male,2005-02-15,lsinghal@example.net,732919759,"91/75 Bumb Marg, Navi Mumbai 498001",2022,8,6.3,D003
S0764,20240764,Amruta,Mittal,Male,2004-02-18,vedantdugal@example.com,9590246854,84 Pillay Chowk Bathinda 171116,2023,5,9.43,D001
S0765,20240765,Eta,Sodhi,Male,2008-07-12,vbajwa@example.net,405739748,"413, Gade Chowk, Tiruchirappalli 044221",2023,8,8.01,D004
S0766,20240766,Jeet,Char,Female,2007-08-08,vgarg@example.org,9753766048,"H.No. 58, Jani Chowk Bally-122464",2022,3,6.76,D002
S0767,20240767,Warda,Seshadri,Male,2003-08-06,gokhaleoni@example.com,2783961253,"04, Sachdev Chowk, Fatehpur-837546",2024,2,8.9,D002
S0768,20240768,Wridesh,Sandhu,Male,2003-08-22,pillaydarsh@example.org,9353326430,52/06 Kashyap Chowk Raipur 082018,2022,2,7.82,D002
S0769,20240769,Maanav,Agarwal,Male,2005-08-27,nathanielkakar@example.net,1815270757,"12/10, Sane Path, Pondicherry-893636",2023,7,8.37,D003
S0770,20240770,Yachana,Suri,Female,2006-03-03,umang32@example.net,1677087633,29/883 Loyal Road Bhagalpur-400637,2024,8,7.01,D002
S0771,20240771,Oscar,Kohli,Female,2008-01-24,mvarghese@example.com,7307635480,"05/984, Seshadri Circle Jodhpur 272310",2023,7,7.42,D003
S0772,20240772,Arjun,Kumer,Male,2002-02-26,sudikshadhar@example.com,2839968652,"66/764 Murthy Ganj, Proddatur 187936",2024,1,9.58,D005
S0773,20240773,Amaira,Mukherjee,Male,2007-10-12,ekanibansal@example.com,6111100969,H.No. 517 Koshy Road Shimla-935843,2023,3,7.13,D004
S0774,20240774,Ira,Golla,Male,2003-12-08,ranbir99@example.com,2594776155,"243, Mittal Marg, Belgaum 752419",2024,7,9.22,D001
S0775,20240775,Akshay,Singh,Female,2002-01-25,jkade@example.net,3813797847,"08/921 Gour Chowk, Surendranagar Dudhrej-418786",2023,7,7.29,D001
S0776,20240776,Charles,Agarwal,Male,2003-03-18,sinhahamsini@example.com,2702276363,"464 Viswanathan Road, Kottayam-101477",2024,4,7.19,D004
S0777,20240777,Vihaan,Karan,Female,2003-08-26,wvarughese@example.com,1287901814,"H.No. 03, Parmar Road, Bhiwandi 118065",2022,4,10.0,D004
S0778,20240778,Varsha,Shah,Male,2006-11-26,irya93@example.net,6475427957,"32/33, Shah Path Bihar Sharif 892826",2023,5,6.56,D002
S0779,20240779,Rudra,Doshi,Male,2002-09-19,aarav65@example.org,9328570366,H.No. 360 Bains Nadiad 869415,2024,3,8.48,D001
S0780,20240780,Radhika,Lanka,Female,2004-08-25,manthan79@example.org,4203295099,H.No. 36 Deo Marg Imphal 944780,2024,6,6.01,D002
S0781,20240781,Jhalak,Dugar,Female,2007-10-20,lukeloyal@example.com,2953314519,11/804 Sharaf Road New Delhi 147430,2023,8,9.39,D003
S0782,20240782,Falan,Gole,Female,2007-08-04,eeshashankar@example.com,9048631386,H.No. 012 Mane Circle Ranchi-055772,2022,2,7.77,D004
S0783,20240783,Ranveer,Balasubramanian,Male,2003-03-13,vedantpatil@example.net,6674475606,"55 Ganesan Road, Rampur-089043",2024,1,9.68,D001
S0784,20240784,Girindra,Mitra,Male,2004-07-22,chaudhariabdul@example.org,1835386351,"H.No. 75 Nori Street, Tirupati-939254",2023,3,8.32,D004
S0785,20240785,Megha,Keer,Male,2002-12-01,hardiksoni@example.com,5087146220,63/014 Kannan Circle Narasaraopet 461976,2022,1,6.95,D003
S0786,20240786,Alexander,Sastry,Male,2006-02-28,yashviseth@example.com,8100248303,36 Dugal Road Dewas-464205,2023,7,9.27,D005
S0787,20240787,Anay,Vig,Male,2003-02-27,lsoni@example.net,1586885066,"55/543, Upadhyay Chowk Gandhidham-221405",2023,4,7.51,D001
S0788,20240788,Isha,Shanker,Female,2006-07-23,devanvasudha@example.org,984982148,"H.No. 84, Palan Ganj Miryalaguda-027811",2022,6,9.42,D005
S0789,20240789,Yahvi,Ravi,Male,2006-02-08,urishilla93@example.com,6636716193,514 Hans Motihari 180999,2023,6,8.81,D001
S0790,20240790,Brinda,Karnik,Female,2002-02-25,rachana59@example.org,1350266909,"H.No. 83, Virk Road, Bijapur-337064",2024,2,8.45,D001
S0791,20240791,Mohini,Dewan,Male,2006-09-10,jacob93@example.org,5282691557,"611 Palla Road, Ambattur-539328",2023,4,6.31,D005
S0792,20240792,Ijaya,Sridhar,Male,2003-08-06,mohanyutika@example.com,9960580289,H.No. 39 Saini Jamshedpur-987243,2024,2,6.44,D004
S0793,20240793,Tarak,Balakrishnan,Female,2007-11-11,indrajitbhattacharyya@example.org,4113256996,"86/49, Arya Ganj Medininagar-424803",2024,7,8.43,D002
S0794,20240794,Jagdish,Bir,Female,2005-02-24,lohit16@example.com,2162349220,"666, Ravi, Ajmer-739000",2022,4,6.67,D005
S0795,20240795,Umang,Deep,Male,2006-11-15,ahujashivani@example.com,3725430007,"H.No. 102, Pathak Ganj Vijayawada-440125",2023,1,6.2,D002
S0796,20240796,Praneel,Nadkarni,Female,2004-07-17,pooja46@example.net,5325688965,"77/75, Kale Ganj Bahraich-120971",2023,7,8.95,D002
S0797,20240797,Guneet,Baria,Male,2002-03-10,divyachahal@example.net,5759836774,"32/030, Chaudhary Chowk Bhimavaram-938692",2023,5,6.47,D005
S0798,20240798,Triveni,Dyal,Female,2003-06-26,mallickwarda@example.net,7965754638,H.No. 163 Mahajan Street Siliguri 970334,2024,8,8.01,D005
S0799,20240799,Simon,Hora,Female,2006-06-10,sankartimothy@example.net,1543399847,H.No. 25 Ahluwalia Ganj Guntur-229270,2023,6,8.05,D004
S0800,20240800,Tanvi,Agrawal,Male,2007-01-08,hmadan@example.org,4602894892,"H.No. 471 Jhaveri Nagar, Proddatur 444871",2022,7,8.91,D002
S0801,20240801,Chavvi,Lal,Female,2001-11-16,mugdhachaudry@example.net,3587791842,"57/86 Lall, Raipur-903330",2024,5,7.73,D001
S0802,20240802,Udyati,Dey,Male,2004-09-04,divya59@example.net,8644712587,"H.No. 140, Srivastava Circle Mira-Bhayandar-526746",2024,5,7.53,D004
S0803,20240803,Mason,Misra,Female,2005-08-04,jhasamesh@example.net,4167456731,"H.No. 08 Anand Nagar, Gurgaon-736618",2024,1,6.27,D001
S0804,20240804,Urvashi,Sankaran,Female,2004-09-27,harrison69@example.com,846499118,"97/478, Golla Marg, Hyderabad-485235",2022,3,7.93,D003
S0805,20240805,Sachi,Basu,Female,2007-03-09,shankaryashasvi@example.net,6271351128,543 Karan Zila Nagercoil 286245,2024,3,6.75,D004
S0806,20240806,Dayita,Prakash,Male,2001-11-25,geetikaarora@example.net,9770353169,"35/06 Pandya Road, Dehradun-069656",2022,2,9.66,D001
S0807,20240807,Rachita,Sankar,Female,2008-03-11,sainichampak@example.com,3848937809,"30/47 Soni Circle, Belgaum 927445",2024,8,8.72,D002
S0808,20240808,Shivansh,Brahmbhatt,Male,2002-10-08,pgera@example.net,9031004337,"27/346, Gara Chowk, Jamalpur-033163",2024,5,8.55,D003
S0809,20240809,Jagvi,Chatterjee,Female,2006-05-12,osama@example.net,4630004450,"H.No. 811, Rastogi Street Hajipur 564587",2023,4,9.3,D001
S0810,20240810,Kai,Sarin,Female,2002-06-28,auroraayaan@example.org,7201124828,"34 Bawa Chowk, Munger 891708",2024,1,6.19,D001
S0811,20240811,Anusha,Pall,Female,2003-08-03,kdevi@example.org,9811984093,"H.No. 92, Mannan Dehri 801618",2024,8,8.79,D005
S0812,20240812,Pallavi,Tripathi,Male,2004-02-14,dadaurvashi@example.org,7281816248,"H.No. 587, Pal Amroha-054996",2024,2,6.3,D001
S0813,20240813,Damini,Khanna,Female,2003-02-06,duttchaitanya@example.com,9057823925,"H.No. 15, Bail Street Kirari Suleman Nagar 785732",2024,4,6.16,D005
S0814,20240814,Bishakha,Goel,Female,2003-07-28,reva26@example.net,5008746611,"H.No. 68, Prashad Road Jabalpur 113590",2023,5,8.95,D002
S0815,20240815,Bachittar,Soni,Male,2002-07-19,balhaarshenoy@example.org,2630591271,81/29 Kaur Street Patna 476423,2022,3,8.12,D003
S0816,20240816,Laban,Magar,Female,2007-06-11,yash87@example.com,9035518975,60/19 Maharaj Nagar Akola 901187,2022,1,9.6,D001
S0817,20240817,Chaaya,Kuruvilla,Male,2003-03-20,khegde@example.org,7472443308,"H.No. 062 Badal Circle, Tumkur 761418",2022,1,8.88,D002
S0818,20240818,Gaurangi,Narang,Female,2007-04-14,zdhar@example.net,166272792,"H.No. 07, Wason Road Madhyamgram-316271",2024,1,9.89,D003
S0819,20240819,Nimrat,Nazareth,Male,2008-04-23,lekha93@example.org,4397559273,59/729 Parekh Road Kavali 779444,2022,4,9.68,D001
S0820,20240820,Robert,Din,Female,2006-09-07,prabhakarxiti@example.net,4534883941,"63/664, Gera Path, Cuttack 966189",2023,5,9.17,D002
S0821,20240821,Ekbal,Dutta,Male,2005-04-04,amairabakshi@example.org,9075871837,"H.No. 295, Date Path, Guntakal-119436",2023,8,8.54,D005
S0822,20240822,Lipika,Manne,Male,2006-10-22,uganesan@example.org,4514980160,"84/682, Butala Street, Ambala-356945",2023,3,6.26,D001
S0823,20240823,Gavin,Pall,Female,2005-06-06,chandajack@example.com,976078651,"H.No. 93, Devi Nagar, Mirzapur-820525",2023,1,7.67,D002
S0824,20240824,Rushil,Wadhwa,Female,2007-02-02,rushil23@example.com,6709386942,"65/70, Dutta Road Nagercoil 832402",2022,3,9.66,D002
S0825,20240825,Abha,Sur,Male,2008-02-12,kramaswamy@example.com,2370942829,"65/431 Sethi Ganj, Pudukkottai 859999",2022,4,6.52,D004
S0826,20240826,Naksh,Mahal,Male,2003-11-16,tmurty@example.net,306194969,"H.No. 39 Grover Circle, Ranchi 154910",2022,1,6.92,D001
S0827,20240827,Vedika,Kamdar,Male,2003-08-26,warhi01@example.org,4848621422,"74, Rao Road, Gaya-411707",2022,4,6.48,D003
S0828,20240828,Hritik,Jain,Male,2008-04-16,baradsaumya@example.org,5258827863,"47 Sarin Path, Tadipatri-885969",2022,2,7.88,D001
S0829,20240829,Mekhala,Sanghvi,Male,2005-04-03,agastyasalvi@example.org,4417729785,"H.No. 93 Pall Road, Muzaffarnagar 271292",2024,4,6.14,D004
S0830,20240830,Chandresh,Deo,Female,2007-02-08,sastrybaghyawati@example.org,5947523079,17/817 Raja Nagar Patiala-343056,2023,6,8.28,D004
S0831,20240831,Rayaan,Issac,Female,2008-01-02,qarinchaudry@example.org,1567385396,"H.No. 30, Radhakrishnan Marg Eluru 923336",2024,3,9.79,D002
S0832,20240832,Krishna,Naidu,Female,2008-06-28,krishnalipika@example.net,7841744954,"H.No. 42 Sur Road, Muzaffarpur-714886",2022,8,7.27,D004
S0833,20240833,Anthony,Cheema,Male,2003-12-02,isaac66@example.com,6070777550,H.No. 51 Mutti Ganj Rajkot 172973,2024,8,7.67,D003
S0834,20240834,Charvi,Batra,Male,2007-12-09,ijoshi@example.com,7884232853,"40/263, Andra Chowk, Bijapur-824280",2024,5,6.71,D001
S0835,20240835,Chandresh,Banerjee,Male,2001-11-15,ekanisahni@example.org,3416318373,"67/902, Mody Zila, Rewa 576597",2023,5,7.78,D003
S0836,20240836,Neel,Jha,Female,2003-02-17,rajeshritank@example.net,7543838444,87/708 Viswanathan Zila Khora -730533,2023,5,9.0,D003
S0837,20240837,Dayita,Pingle,Male,2002-05-10,snehashukla@example.net,7627812430,H.No. 156 Chand Moradabad-433742,2023,1,8.78,D003
S0838,20240838,Wahab,Barman,Male,2007-11-19,warjasrao@example.com,2601153733,"10/500 Palan Path, Cuttack 148232",2022,2,6.69,D004
S0839,20240839,Meghana,Kuruvilla,Female,2004-04-08,vohradayamai@example.org,3448853968,"45, Kant Marg Arrah 615160",2023,2,9.82,D003
S0840,20240840,Nilima,Dube,Female,2005-12-02,soniqushi@example.net,9591202959,"34, Choudhury Chowk, Katihar 073558",2023,8,7.0,D001
S0841,20240841,Lekha,Hora,Male,2003-02-08,groverlibni@example.com,7165739726,"841 Prabhu Road, Aligarh 973023",2022,6,6.56,D001
S0842,20240842,Parth,Butala,Female,2005-03-21,nandanilima@example.com,5483176778,"H.No. 96, Narayanan Road, Karnal 587616",2024,3,9.45,D005
S0843,20240843,Gautami,Kunda,Female,2006-05-06,vidhi79@example.org,886497064,"H.No. 381, Virk Marg Vijayanagaram 928412",2022,7,7.89,D003
S0844,20240844,Naksh,Choudhury,Male,2004-10-02,jai63@example.com,1884103825,"57 Ratta Circle, Saharsa-549042",2022,4,7.63,D005
S0845,20240845,Mohini,Dey,Male,2001-11-12,benjaminpillay@example.net,705076727,"H.No. 25, Chadha Street Mysore 944435",2024,3,9.55,D004
S0846,20240846,Widisha,Yadav,Male,2004-01-03,shuklalekha@example.org,4863699534,"43/319 Mitter Circle, Mira-Bhayandar-564526",2022,6,9.58,D001
S0847,20240847,Atharv,Kalla,Female,2001-10-31,elijahpau@example.org,667545673,"49/19, Nagarajan Circle, Muzaffarnagar 373135",2024,2,6.72,D002
S0848,20240848,Mason,Mahal,Female,2002-04-01,damini33@example.org,833282022,"92/242, Handa Road Tumkur-704789",2023,6,8.5,D004
S0849,20240849,Baljiwan,Ghosh,Male,2006-12-05,viganya@example.com,298493673,"741 Gulati Path, Kurnool 155642",2022,4,10.0,D003
S0850,20240850,Warjas,Bail,Female,2007-04-05,faqid56@example.com,4897451911,"H.No. 188 Nagi Path, Belgaum-821221",2024,7,8.99,D003
S0851,20240851,Adya,Sarin,Male,2003-02-26,pallashivani@example.com,6459189392,"H.No. 61, Karan Rajahmundry 916186",2022,4,9.53,D004
S0852,20240852,Lajita,Bedi,Female,2003-01-15,vamakshi43@example.com,736108646,"10/61 Borde Road, Ichalkaranji-063522",2023,3,8.22,D002
S0853,20240853,Harrison,Golla,Female,2005-10-17,kgole@example.net,1966583509,23 Sarma Chowk Nangloi Jat-704476,2024,3,9.56,D001
S0854,20240854,Jatin,Kale,Male,2003-04-18,krishnaaurora@example.net,8747365709,"143, Mukherjee Road Vadodara 459775",2022,2,6.4,D002
S0855,20240855,Victor,Yadav,Female,2006-05-02,dalalrushil@example.org,760730040,"37, Gole Path Faridabad-148095",2022,7,7.32,D003
S0856,20240856,Rachita,Datta,Female,2001-08-15,zbaral@example.com,5117027671,"72, Krishnan Zila, Gurgaon-625572",2022,8,9.34,D001
S0857,20240857,Waida,Raghavan,Male,2005-10-28,dhawanekta@example.net,9635712628,"H.No. 270, Dora Road, Ratlam 128204",2023,1,8.07,D002
S0858,20240858,Matthew,Baral,Female,2002-10-17,chandani21@example.org,162896602,73/865 Lall Road Agra 824843,2024,3,9.24,D003
S0859,20240859,Qadim,Thaker,Female,2005-01-17,wshetty@example.org,2237691315,"66/57 Choudhary Street, Anand-811427",2024,5,8.53,D005
S0860,20240860,Maanas,Joshi,Male,2007-05-31,mallradha@example.org,8107373015,289 Dewan Marg Nagaon-781397,2024,1,8.12,D003
S0861,20240861,Yashvi,Roy,Male,2005-11-05,karekapad@example.com,2409872144,28/618 Vala Path Coimbatore 985307,2023,6,7.82,D005
S0862,20240862,Bahadurjit,Ravel,Male,2007-06-17,ssahni@example.com,7231563825,85/099 Ravi Street Chapra 596209,2022,6,6.79,D001
S0863,20240863,Devansh,Brahmbhatt,Female,2004-02-27,wishi60@example.net,5440881618,"320, Dash Nagar Singrauli-789612",2022,8,9.94,D004
S0864,20240864,Viraj,Bhandari,Female,2005-06-06,rbahri@example.com,1114693231,"32/55, Handa Marg, Ongole 372843",2022,1,7.4,D003
S0865,20240865,Dipta,Pal,Male,2008-06-07,dharzinal@example.com,4471296381,"71/435, Dar Ganj, Kavali-560191",2023,5,7.2,D001
S0866,20240866,Varenya,Shukla,Female,2004-05-13,bhanumati91@example.com,423874982,"213, Bobal Circle Dharmavaram 027421",2024,3,6.81,D004
S0867,20240867,Gauri,Dora,Female,2002-01-18,arunimamohanty@example.net,7872816445,54/70 Iyengar Loni-461700,2023,5,7.49,D005
S0868,20240868,Sathvik,Kapoor,Male,2001-12-27,daliawakeeta@example.com,1398213254,"091, Yadav Nagar, Bidhannagar 463611",2024,3,6.85,D005
S0869,20240869,Kai,Balay,Male,2005-06-04,kbarman@example.com,6430303626,"12/914, Narayanan Ganj Avadi-640212",2022,4,7.15,D001
S0870,20240870,Joshua,Wali,Male,2001-08-11,abhimanyu58@example.org,4850213988,"282, Puri Nagar Davanagere-459708",2022,6,6.82,D003
S0871,20240871,Radhika,Bansal,Male,2002-03-18,muttivamakshi@example.org,2760076829,"75/09 Wagle Nagar, Ramgarh 899402",2022,6,7.57,D001
S0872,20240872,Vihaan,Murthy,Male,2003-06-27,wakeeta62@example.org,1275106234,"H.No. 103, Bobal Zila, Bathinda-614497",2024,6,9.91,D001
S0873,20240873,Ekalinga,Padmanabhan,Female,2005-02-21,alexander50@example.org,4110088459,13/38 Bhatt Zila Dehradun-003743,2022,6,6.4,D001
S0874,20240874,Warda,Chahal,Male,2003-01-08,vsarin@example.com,5588242430,"306, Nadkarni Chowk, Bharatpur-915481",2022,8,6.93,D002
S0875,20240875,Bhavani,Palla,Female,2007-12-09,isaacnatt@example.net,7932731640,"28/78 Vasa Chowk, Dehri-195237",2023,5,6.99,D005
S0876,20240876,Aarna,Nagy,Female,2003-06-09,nitarakala@example.com,719899717,"58/19, Swaminathan Ganj Patiala-420751",2024,2,6.32,D003
S0877,20240877,Sai,Gulati,Male,2003-06-25,pganguly@example.net,2440269552,"00/88 Ghose Marg, Madurai-194940",2022,2,9.18,D004
S0878,20240878,Ekavir,Dey,Female,2007-09-03,kamalavarughese@example.com,8925421760,856 Solanki Chowk Guwahati-094829,2023,3,9.6,D005
S0879,20240879,Anamika,Dani,Male,2005-08-19,xjaggi@example.org,8845305388,"86/667, Mangat Marg Bettiah-734765",2024,8,7.31,D003
S0880,20240880,Ikshita,Varghese,Female,2002-12-27,dashbimala@example.com,1690196667,H.No. 956 Deep Circle Thanjavur 056791,2024,2,8.42,D001
S0881,20240881,Yachana,Sule,Female,2006-03-01,damyanti93@example.net,4589685197,"H.No. 40 Mangat Circle, Thoothukudi-493735",2023,8,9.19,D001
S0882,20240882,Luke,Shroff,Female,2005-08-14,tanay51@example.net,1929100140,856 Palla Path Amaravati 306208,2023,7,8.24,D003
S0883,20240883,Mohini,Yogi,Female,2005-02-02,garimakothari@example.org,7259485814,"22/739, Pandit Path Tiruchirappalli 662558",2023,3,9.1,D005
S0884,20240884,Yahvi,Sama,Male,2004-09-30,aggarwalchasmum@example.com,5561738959,82/00 Tiwari Nagar Bikaner 726439,2024,7,7.93,D004
S0885,20240885,Jatin,Maharaj,Female,2001-09-01,kabirkrishnamurthy@example.net,6863791242,"H.No. 178, Mital Nadiad 771497",2023,2,8.56,D001
S0886,20240886,Nathaniel,Patil,Male,2006-01-16,bariadayamai@example.net,5255602477,"52, Wadhwa Chowk Amroha 181435",2024,4,6.01,D005
S0887,20240887,Fitan,Badami,Male,2001-11-06,lakshmi80@example.net,582193533,"16/552, Taneja Road Dehradun 435437",2024,8,7.06,D002
S0888,20240888,Idika,Karan,Male,2007-03-09,radhika70@example.org,6812277053,"H.No. 96 Chakrabarti Road, Bhavnagar-445179",2024,5,9.21,D005
S0889,20240889,Indira,Pandey,Male,2003-04-29,yauvaniminhas@example.com,2253641876,96/97 Chauhan Ganj Patiala-199547,2022,6,9.94,D002
S0890,20240890,Arunima,Minhas,Female,2005-08-13,yatwal@example.org,8898008318,"55/501, Ravi Zila Shivpuri-590581",2022,4,8.19,D004
S0891,20240891,Laban,Iyengar,Male,2008-02-22,cherianjairaj@example.net,5844301786,"H.No. 609, Malhotra Aligarh 015776",2022,1,8.51,D003
S0892,20240892,Akshay,Srivastava,Male,2004-07-22,umang15@example.org,3614851244,"35/96, Venkataraman Nagar Bhilwara-952666",2022,6,8.65,D002
S0893,20240893,Naksh,Parsa,Male,2005-11-21,danielbal@example.com,5821377909,"61, Mody Chowk, Jaunpur 242734",2022,3,8.16,D005
S0894,20240894,Bhavini,Vohra,Male,2007-04-20,ekapadoza@example.com,2453097192,"83/61 Pradhan Zila, Mira-Bhayandar 086884",2023,1,9.48,D002
S0895,20240895,Sudiksha,Sabharwal,Female,2007-09-22,agoel@example.org,6595279322,23/920 Rau Zila Vadodara 174119,2022,7,8.44,D004
S0896,20240896,Gaurika,Rau,Male,2007-10-30,bhavini91@example.org,7571832343,H.No. 241 Kurian Path Dhule-190861,2024,5,9.69,D002
S0897,20240897,Damini,Kalita,Female,2003-03-07,zansi09@example.net,462429610,"H.No. 977, Shukla Marg Phusro-645594",2024,2,9.53,D005
S0898,20240898,Anamika,Bala,Male,2002-05-04,bganesh@example.org,1856768951,"47/743, Sama Path Belgaum 384492",2023,5,8.8,D004
S0899,20240899,Aarna,Srivastava,Female,2005-02-08,kkhatri@example.net,5325690556,"H.No. 284, Parikh Chowk Pune-585523",2022,4,8.61,D005
S0900,20240900,Ishanvi,Khatri,Male,2004-10-10,barkha64@example.com,788153478,"64/024 Banik Path, Bhusawal-109441",2024,2,8.36,D001
S0901,20240901,Tanvi,Wagle,Female,2003-01-16,salvivedhika@example.org,2437278795,"05/604, Mohanty Street Salem-067413",2022,6,7.1,D005
S0902,20240902,Urmi,Mistry,Male,2005-09-08,gsachdev@example.net,7280818725,62/32 Handa Nagar Chandrapur 227875,2023,4,8.94,D001
S0903,20240903,Mahika,Minhas,Male,2005-01-08,doctorwarhi@example.com,4191701222,"H.No. 48 Mangat Ganj, Karawal Nagar-978818",2022,3,6.26,D002
S0904,20240904,Zarna,Pandya,Female,2002-02-02,deowahab@example.org,7306918218,949 Saha Street Vijayanagaram-273961,2024,3,9.03,D002
S0905,20240905,Siddharth,Tandon,Female,2002-01-28,mangatadvika@example.com,7281838343,959 Datta Chowk Bangalore-172693,2023,4,8.11,D003
S0906,20240906,Yauvani,Bains,Female,2007-07-08,dkarnik@example.org,3528572364,"H.No. 60 Som Circle, Ghaziabad 275512",2024,3,6.14,D002
S0907,20240907,Isha,Bansal,Male,2008-02-28,darshdeep@example.net,4247439875,"25/922 Sule Marg, Gandhidham 342105",2023,8,9.06,D004
S0908,20240908,Shivansh,Pingle,Male,2005-02-04,triptimandal@example.org,7258083997,"H.No. 21, Sidhu Nagar, Bharatpur-872102",2022,8,8.55,D003
S0909,20240909,Unnati,Bhardwaj,Female,2008-01-03,aadhya36@example.net,5972708654,H.No. 52 Bhatti Marg Jhansi 317044,2022,8,6.6,D005
S0910,20240910,Shaurya,Varty,Female,2006-06-28,chandrankulkarni@example.org,4709032649,77/712 Bhargava Path Kota-965163,2022,7,6.33,D004
S0911,20240911,Chaman,Ramanathan,Male,2006-12-28,gkhurana@example.org,8101862983,"H.No. 671, Ramesh Nagar Bhind 505642",2024,7,7.03,D004
S0912,20240912,Theodore,Venkataraman,Male,2006-09-02,yashawinichokshi@example.com,3744089037,16 Bansal Path Bidhannagar-156519,2024,7,8.56,D002
S0913,20240913,Max,Warrior,Male,2002-12-27,tanmayiwable@example.com,6978078107,"74/817, Saini Zila, Davanagere 524684",2023,3,8.87,D004
S0914,20240914,Faras,Deol,Female,2005-07-10,sahotaishaan@example.com,9245173418,"71/17, Korpal Nagar, Ramagundam 877324",2023,8,9.42,D001
S0915,20240915,Akshay,Dua,Female,2006-02-23,seshadrijanuja@example.com,7917336845,"077, Vyas Zila Bahraich-159764",2024,7,6.75,D004
S0916,20240916,Elijah,Apte,Female,2005-04-29,ysehgal@example.com,9842605555,"H.No. 05, Patla Ganj, Parbhani-591722",2023,4,9.87,D002
S0917,20240917,Saksham,Saraf,Female,2002-07-27,ekanibanik@example.net,4184131536,99/93 Sarkar Circle Bhusawal-902254,2024,3,6.48,D005
S0918,20240918,Suhani,Agrawal,Male,2002-12-05,chamelipau@example.net,1590758502,"501, Mani Path Kanpur 939094",2024,5,6.45,D001
S0919,20240919,Ekanta,Kumar,Male,2005-09-04,dalajavarkey@example.net,9437096263,"33, Kannan Kirari Suleman Nagar-116094",2023,2,6.52,D001
S0920,20240920,Mekhala,Setty,Male,2006-06-06,oeshimane@example.net,4670362961,"75, Kurian Chowk, Tirunelveli-595236",2023,8,7.99,D003
S0921,20240921,Isha,Dada,Male,2002-12-28,yug17@example.com,8974314612,513 Goda Path Pimpri-Chinchwad-679064,2022,7,9.16,D003
S0922,20240922,Manan,Tank,Female,2007-11-18,harshiljohal@example.net,3741637713,"18/48, Bose Nagar, Bharatpur 709165",2022,6,9.93,D002
S0923,20240923,Umang,Krishna,Female,2008-07-03,manthanrama@example.net,9916692896,"H.No. 15, Chaudhari, Surendranagar Dudhrej 819732",2022,3,9.74,D001
S0924,20240924,Pranit,Dani,Male,2002-03-18,reva76@example.net,1789020605,"99/81 Vig, Jamshedpur 779267",2023,3,8.64,D002
S0925,20240925,Bhavini,Randhawa,Female,2007-02-21,nattgirish@example.org,644180872,67 Chopra Chowk Fatehpur-934194,2022,2,8.87,D005
S0926,20240926,Yahvi,Srinivas,Male,2004-04-08,vrishtiparmar@example.org,9278685898,847 Kapur Path Chapra-560636,2024,3,8.94,D001
S0927,20240927,Xalak,Desai,Male,2008-07-11,simon60@example.com,3030805887,"H.No. 79, Karan Marg, Tiruchirappalli 818201",2022,4,6.4,D003
S0928,20240928,Neel,Kara,Female,2007-02-03,adya30@example.org,5736398374,"H.No. 93, Grewal Circle, Bettiah 059445",2023,6,6.01,D002
S0929,20240929,Yashasvi,Hayer,Male,2005-11-08,adwetahayer@example.net,6977402271,"96 Dubey Marg, Jabalpur 958828",2023,7,8.39,D001
S0930,20240930,Chanchal,Zacharia,Female,2002-07-24,ulanka@example.org,5180907635,"13 Das Street, Chinsurah 327502",2023,6,9.72,D001
S0931,20240931,Kalpit,Patla,Male,2008-04-02,miteshmajumdar@example.com,8753606714,"H.No. 91, Mahajan, Imphal 255999",2023,6,8.57,D004
S0932,20240932,Chandani,Verma,Female,2003-05-17,gavin24@example.net,7343693685,"H.No. 946, Sule, Amroha-315967",2024,7,9.97,D002
S0933,20240933,Veer,Kar,Female,2002-08-15,ychawla@example.com,2359525910,"712, Shah Path, Saharanpur 506384",2023,1,6.22,D002
S0934,20240934,Nimrat,Bassi,Female,2002-07-21,bawajacob@example.com,8886998084,"51, Sarin Rajahmundry 805467",2024,2,8.42,D003
S0935,20240935,Lila,Cherian,Female,2008-03-11,baradchampak@example.org,6638950044,"85/95 Kala Marg, Danapur-198058",2023,7,7.78,D002
S0936,20240936,Theodore,Gopal,Female,2002-12-25,lavanya69@example.com,4085094675,"429, Verma Path, Chapra-461781",2022,4,8.01,D003
S0937,20240937,Udyati,Narula,Female,2004-08-27,nkala@example.org,8795286981,"948, Wable Street Morena-019514",2022,1,6.4,D004
S0938,20240938,Mugdha,Chahal,Male,2002-07-05,omkaarramachandran@example.com,1089955656,"59/717, Mall Hindupur 083689",2022,6,8.65,D002
S0939,20240939,Yoshita,Chokshi,Female,2008-06-08,ranabhavya@example.net,2752296135,"545 Manda Street, Jhansi 860826",2022,8,7.34,D003
S0940,20240940,Indali,Purohit,Male,2008-05-24,wparsa@example.net,3384122123,"86 Karpe Road, Eluru-583311",2022,1,9.14,D001
S0941,20240941,Girik,Bava,Male,2005-08-22,qdoctor@example.net,4055843639,"186, Dada Nagar, Kavali-712820",2023,2,6.26,D001
S0942,20240942,Zilmil,Andra,Female,2002-06-08,harishwarrior@example.com,6811067161,"22/79 Memon Chowk, Malegaon-094213",2022,5,6.16,D005
S0943,20240943,Naksh,Rattan,Female,2002-09-20,savantmeghana@example.com,6728391237,41/539 Mangal Circle Baranagar-991502,2023,8,6.39,D005
S0944,20240944,Upma,Natarajan,Male,2003-08-08,raksharamesh@example.com,5720247300,H.No. 398 Chanda Zila Sikar-152056,2023,5,7.36,D003
S0945,20240945,Vansha,Parsa,Female,2006-12-05,chameli85@example.net,8163723787,86/36 Mahal Street South Dumdum 057626,2022,7,6.89,D001
S0946,20240946,Darsh,Raghavan,Female,2004-05-31,mitali67@example.com,5184523344,"H.No. 838, Dubey Zila, Kozhikode 867363",2024,2,7.54,D005
S0947,20240947,Jagat,Khurana,Female,2005-08-17,raghavaurora@example.org,664940836,"644 Radhakrishnan, Vasai-Virar-835510",2022,8,7.82,D002
S0948,20240948,Wakeeta,Verma,Male,2003-08-02,fnayak@example.com,7079188913,337 Kale Chowk Bongaigaon 881744,2024,2,9.91,D003
S0949,20240949,Yash,Jain,Female,2007-12-11,kapoorviraj@example.com,108836767,"32/06, Purohit Circle Ongole 701900",2024,2,6.87,D004
S0950,20240950,Ranveer,Badal,Female,2001-10-13,bhattacharyyaupadhriti@example.com,3572564261,"910, Narayanan Circle Karnal 872140",2024,5,7.06,D005
S0951,20240951,Fitan,Prakash,Male,2003-11-21,hemani60@example.com,9587016059,"95/064, Sheth Chowk Machilipatnam-857186",2024,7,6.82,D005
S0952,20240952,Darpan,Lal,Male,2003-07-08,azaanjani@example.org,9059683238,"H.No. 400, Gokhale Ganj, Farrukhabad-002349",2023,4,8.85,D001
S0953,20240953,Odika,Dara,Female,2007-06-06,ramazaitra@example.org,4309235117,"49/00, Upadhyay Zila, Fatehpur 303366",2023,7,9.24,D001
S0954,20240954,Adweta,Deo,Female,2005-10-06,christopher49@example.org,1687260641,11 Chana Chowk Pune 677000,2022,1,7.5,D001
S0955,20240955,Sai,Gara,Male,2002-05-06,mannhritik@example.net,8393269164,"03, Sandhu, Machilipatnam-839365",2023,2,6.71,D002
S0956,20240956,Daksha,Banerjee,Male,2004-06-04,sarathaman@example.org,1034256398,"H.No. 62, Manne, Raichur 931238",2024,1,8.41,D001
S0957,20240957,Charan,Narula,Female,2005-02-17,vyasnisha@example.net,1847428327,"24/242, Sama Nagar Tirunelveli 120232",2024,8,6.05,D003
S0958,20240958,Yashica,Balasubramanian,Male,2007-04-26,hegdeaayush@example.net,6233587905,"03, Nadkarni Zila, Ramagundam-094139",2024,1,6.3,D003
S0959,20240959,Qushi,Seth,Male,2005-06-10,zedwin@example.net,1797539173,"H.No. 42, Pillai Chowk Anantapur 226469",2023,7,6.6,D002
S0960,20240960,Kiaan,Aggarwal,Male,2005-07-20,indalishroff@example.org,2277256841,"H.No. 444 Sachar Zila, Hindupur-204422",2022,3,6.7,D005
S0961,20240961,Kalpit,Gole,Female,2006-01-05,nitara41@example.net,9598818901,197 Deo Street Avadi 995694,2024,2,8.1,D003
S0962,20240962,Yashodhara,Tailor,Male,2008-03-12,abeer98@example.org,1244174305,"31/156 Balan Ganj, Jodhpur-524066",2024,2,8.96,D005
S0963,20240963,Siddharth,Bhardwaj,Female,2007-04-20,merchantindrajit@example.org,9043392828,98/04 Batta Nagar Erode 780634,2023,4,6.02,D005
S0964,20240964,Mason,Tella,Male,2006-06-14,pprakash@example.com,7765805151,11 Gour Circle Karnal-964744,2022,2,6.97,D005
S0965,20240965,Yutika,Bajwa,Female,2006-02-11,nagaroscar@example.net,4862433855,"H.No. 962, Rajagopalan Ganj Sambhal-021990",2024,7,7.42,D004
S0966,20240966,Yatan,Prasad,Female,2005-02-13,fkothari@example.net,8008903621,"H.No. 493 Om Ganj, Howrah 963219",2023,6,7.09,D001
S0967,20240967,Upadhriti,Jain,Female,2008-01-11,fmaharaj@example.org,5076812198,H.No. 785 Jayaraman Avadi 473696,2024,3,7.5,D005
S0968,20240968,Nihal,Thaman,Male,2004-07-17,advik53@example.net,4388280468,"78/780 Bandi Ganj, Bardhaman-837261",2022,6,7.37,D005
S0969,20240969,Janani,Sekhon,Female,2002-10-02,henry84@example.com,6402685910,"383, Nadkarni Zila, Kanpur 084597",2023,3,8.4,D005
S0970,20240970,Charan,Bhakta,Female,2006-04-25,egaba@example.net,4199017415,"H.No. 276, Narasimhan Ganj, Pimpri-Chinchwad-243880",2022,1,8.15,D003
S0971,20240971,Ranbir,Naik,Female,2002-08-10,krishna47@example.net,6580426948,"38/85, Bansal Marg Mehsana 836980",2024,1,8.5,D002
S0972,20240972,Ronith,Chakraborty,Female,2006-05-11,prishamajumdar@example.net,2539324354,"89/511, Hegde Marg Sonipat 524561",2022,3,6.98,D001
S0973,20240973,Nimrat,Talwar,Male,2004-07-16,oarya@example.net,2714249487,"H.No. 73, Bedi Circle, Rampur-038688",2023,8,9.88,D004
S0974,20240974,Christopher,Morar,Male,2004-03-26,sarrafkaran@example.org,6929761057,"07 Korpal Marg, Hazaribagh 320926",2022,5,9.38,D005
S0975,20240975,Ronith,Prashad,Female,2006-01-18,mahikamadan@example.org,802223314,"H.No. 226, Krish Ganj Visakhapatnam 164454",2022,3,7.34,D005
S0976,20240976,Manthan,Ghose,Female,2001-12-05,haritajani@example.com,6687890664,898 Nanda Path Alappuzha-852151,2024,3,9.48,D002
S0977,20240977,Vansha,Sachar,Male,2001-08-23,msankaran@example.org,5722975070,"H.No. 321, Mandal Road Malda 212184",2023,1,8.37,D002
S0978,20240978,Neelima,Ratti,Male,2004-07-06,vchad@example.net,6289053342,18/920 Ghose Chowk Kavali 055552,2024,4,8.96,D003
S0979,20240979,Simon,Cherian,Female,2001-11-19,tdalia@example.com,3392291653,"H.No. 72 Oommen Path, Kolkata-237150",2024,1,7.05,D004
S0980,20240980,Krisha,Borra,Female,2006-04-01,xhayer@example.net,1803107419,546 Dhillon Road Bhiwandi-322102,2024,4,8.59,D003
S0981,20240981,Zinal,Pingle,Male,2004-05-03,gopallata@example.com,8421700088,"H.No. 65 Mand Path, Baranagar 596280",2024,8,6.69,D001
S0982,20240982,Gaurangi,Pathak,Female,2002-02-01,gbala@example.org,8609361015,"89/084, Sabharwal Circle Jodhpur 095589",2023,6,7.9,D005
S0983,20240983,Chakradhar,Chakrabarti,Female,2003-12-05,nathaniel78@example.com,5550347669,"75, Buch Street Fatehpur 665465",2022,1,9.88,D001
S0984,20240984,Ranbir,Johal,Female,2007-07-21,leenachander@example.org,3153751566,58/94 Buch Nagar Sambhal-044450,2024,6,6.8,D004
S0985,20240985,Ishita,Bera,Male,2004-02-15,ishaan88@example.net,8404340318,"H.No. 31, Krish Path Sangli-Miraj & Kupwad 658785",2024,2,9.64,D005
S0986,20240986,Zarna,Baral,Male,2002-11-18,kashvimammen@example.com,8849380243,230 Hayre Circle Sambalpur-154084,2024,2,6.97,D004
S0987,20240987,Irya,Oza,Female,2003-04-25,isaacdave@example.org,5030548404,"856, Gera Circle, Saharanpur-270765",2023,3,9.74,D004
S0988,20240988,Charan,Ram,Female,2002-04-12,dissac@example.net,2359044771,"24/772 Kadakia, Gaya 044704",2023,1,9.52,D003
S0989,20240989,Aayush,Madan,Male,2004-04-10,ikbalsahni@example.org,2926628738,"294 Handa Nagar, Bikaner 417911",2022,1,9.91,D003
S0990,20240990,Yasti,Vasa,Female,2002-10-21,qnayak@example.net,3504812856,"H.No. 217, Ahluwalia Zila North Dumdum 370275",2022,7,6.38,D005
S0991,20240991,Jagvi,Agate,Male,2005-12-07,ubika30@example.net,9538748845,"40/13 Magar Zila, Erode-839642",2022,4,6.54,D002
S0992,20240992,Chakradhar,Dyal,Male,2004-07-31,khuranajhalak@example.net,3784590636,"249 Ghosh, Kochi-240012",2024,2,6.7,D004
S0993,20240993,Omya,Samra,Female,2002-09-14,sarnamanan@example.net,4981508198,"H.No. 00, Pal Path, Maheshtala-524156",2024,3,8.73,D003
S0994,20240994,Orinder,Mannan,Female,2007-12-15,settygarima@example.com,7545867009,H.No. 507 Morar Circle Belgaum 433571,2022,8,7.62,D001
S0995,20240995,Ekavir,Pillay,Female,2002-05-05,ftata@example.net,683345426,"H.No. 42 Menon Circle, Surat-092661",2022,5,7.49,D003
S0996,20240996,Ishwar,Nadig,Male,2002-11-14,yauvani15@example.org,4591359229,"H.No. 78, Sama Ganj, Kota 456609",2022,2,6.85,D003
S0997,20240997,Ekansh,Shenoy,Male,2004-01-08,ryansaha@example.com,399628202,"05/98, Wable Street Bhalswa Jahangir Pur 090246",2024,2,8.6,D003
S0998,20240998,Aarush,Venkataraman,Male,2001-12-23,hemani26@example.net,3276287271,"720, Soman Nagar Danapur-888222",2022,2,6.26,D001
S0999,20240999,Zashil,D’Alia,Female,2002-10-19,chakradevchowdhury@example.org,4904517841,"118, Bhalla Chowk Noida 810780",2022,6,9.78,D005
S1000,20241000,Lekha,Comar,Female,2008-03-28,cbaral@example.org,4692160294,"18/740, Parsa Chowk Uluberia-223782",2023,5,8.93,D002
